.section .rodata

.section .rodata_bin

.section .rodata_binf

    .align  256
    .global mus_actraiser
mus_actraiser:
    dc.b    0x00, 0x00, 0x0b, 0x00, 0x0b, 0x00, 0x05, 0x00, 0x10, 0x00, 0x1e, 0x00, 0xff, 0xff, 0x01, 0x00
    dc.b    0xff, 0xff, 0x01, 0x00, 0xff, 0xff, 0x01, 0x00, 0xff, 0xff, 0x01, 0x00, 0xff, 0xff, 0x01, 0x00
    dc.b    0xff, 0xff, 0x01, 0x00, 0xff, 0xff, 0x01, 0x00, 0xff, 0xff, 0x01, 0x00, 0xff, 0xff, 0x01, 0x00
    dc.b    0xff, 0xff, 0x01, 0x00, 0xff, 0xff, 0x01, 0x00, 0xff, 0xff, 0x01, 0x00, 0xff, 0xff, 0x01, 0x00
    dc.b    0xff, 0xff, 0x01, 0x00, 0xff, 0xff, 0x01, 0x00, 0xff, 0xff, 0x01, 0x00, 0xff, 0xff, 0x01, 0x00
    dc.b    0xff, 0xff, 0x01, 0x00, 0xff, 0xff, 0x01, 0x00, 0xff, 0xff, 0x01, 0x00, 0xff, 0xff, 0x01, 0x00
    dc.b    0xff, 0xff, 0x01, 0x00, 0xff, 0xff, 0x01, 0x00, 0xff, 0xff, 0x01, 0x00, 0xff, 0xff, 0x01, 0x00
    dc.b    0xff, 0xff, 0x01, 0x00, 0xff, 0xff, 0x01, 0x00, 0xff, 0xff, 0x01, 0x00, 0xff, 0xff, 0x01, 0x00
    dc.b    0xff, 0xff, 0x01, 0x00, 0xff, 0xff, 0x01, 0x00, 0xff, 0xff, 0x01, 0x00, 0xff, 0xff, 0x01, 0x00
    dc.b    0xff, 0xff, 0x01, 0x00, 0xff, 0xff, 0x01, 0x00, 0xff, 0xff, 0x01, 0x00, 0xff, 0xff, 0x01, 0x00
    dc.b    0xff, 0xff, 0x01, 0x00, 0xff, 0xff, 0x01, 0x00, 0xff, 0xff, 0x01, 0x00, 0xff, 0xff, 0x01, 0x00
    dc.b    0xff, 0xff, 0x01, 0x00, 0xff, 0xff, 0x01, 0x00, 0xff, 0xff, 0x01, 0x00, 0xff, 0xff, 0x01, 0x00
    dc.b    0xff, 0xff, 0x01, 0x00, 0xff, 0xff, 0x01, 0x00, 0xff, 0xff, 0x01, 0x00, 0xff, 0xff, 0x01, 0x00
    dc.b    0xff, 0xff, 0x01, 0x00, 0xff, 0xff, 0x01, 0x00, 0xff, 0xff, 0x01, 0x00, 0xff, 0xff, 0x01, 0x00
    dc.b    0xff, 0xff, 0x01, 0x00, 0xff, 0xff, 0x01, 0x00, 0xff, 0xff, 0x01, 0x00, 0xff, 0xff, 0x01, 0x00
    dc.b    0xff, 0xff, 0x01, 0x00, 0xff, 0xff, 0x01, 0x00, 0xff, 0xff, 0x01, 0x00, 0x2e, 0x00, 0x00, 0x02
    dc.b    0xff, 0xfd, 0xf4, 0xf2, 0xf4, 0xf0, 0xf4, 0x00, 0x01, 0x0e, 0xf6, 0x13, 0x02, 0x23, 0x3c, 0x20
    dc.b    0x13, 0x2f, 0x25, 0x4c, 0xe8, 0x12, 0xfc, 0x04, 0x13, 0x27, 0x14, 0x0c, 0x16, 0xf6, 0xe9, 0xcb
    dc.b    0xda, 0xb2, 0xe6, 0xb9, 0xac, 0xad, 0x8f, 0x8f, 0x92, 0x8c, 0x93, 0x96, 0xa3, 0xb1, 0xba, 0xb7
    dc.b    0xd5, 0xfe, 0x1a, 0x2a, 0x4b, 0x51, 0x5a, 0x65, 0x76, 0x79, 0x7b, 0x79, 0x76, 0x79, 0x78, 0x71
    dc.b    0x73, 0x66, 0x5c, 0x50, 0x31, 0x29, 0x0b, 0x03, 0xe9, 0xd1, 0xcf, 0xca, 0xcf, 0xc0, 0xb7, 0xbc
    dc.b    0xa8, 0x9d, 0x9f, 0x8d, 0x8a, 0x86, 0x86, 0x87, 0x87, 0x88, 0x8a, 0x8f, 0x96, 0xa2, 0xac, 0xbe
    dc.b    0xd5, 0xf3, 0x1f, 0x37, 0x3b, 0x5e, 0x73, 0x6d, 0x7a, 0x79, 0x7c, 0x7c, 0x7c, 0x7b, 0x7a, 0x7a
    dc.b    0x79, 0x78, 0x75, 0x65, 0x5d, 0x48, 0x3c, 0x27, 0x1c, 0x07, 0xf3, 0xd8, 0xb5, 0xb7, 0x9f, 0x95
    dc.b    0x8c, 0x87, 0x8a, 0x86, 0x85, 0x85, 0x86, 0x88, 0x96, 0x96, 0xa0, 0xb6, 0xb9, 0xd0, 0xe4, 0xeb
    dc.b    0xf6, 0x11, 0x04, 0x1b, 0x37, 0x3b, 0x3f, 0x5b, 0x53, 0x5a, 0x6f, 0x6c, 0x72, 0x79, 0x74, 0x70
    dc.b    0x76, 0x77, 0x6f, 0x64, 0x49, 0x49, 0x3e, 0x1e, 0x22, 0x14, 0xf8, 0xf6, 0xe1, 0xda, 0xd2, 0xe1
    dc.b    0xd7, 0xdd, 0xeb, 0xec, 0xde, 0xe5, 0xdd, 0xda, 0xde, 0xe6, 0xe1, 0xdc, 0xc1, 0xc6, 0xc2, 0xc3
    dc.b    0xb3, 0xa4, 0xad, 0xb0, 0xbc, 0xc5, 0xc5, 0xcd, 0xd8, 0xc9, 0xdb, 0xd6, 0xcb, 0xcb, 0xd0, 0xda
    dc.b    0xee, 0xf6, 0x09, 0x16, 0x0d, 0x20, 0x30, 0x31, 0x41, 0x43, 0x51, 0x51, 0x56, 0x58, 0x46, 0x3b
    dc.b    0x29, 0x3e, 0x39, 0x3d, 0x40, 0x39, 0x21, 0x25, 0x03, 0xfc, 0xff, 0xef, 0xe8, 0xfe, 0xde, 0xd8
    dc.b    0xe0, 0xd4, 0xda, 0xc9, 0xb8, 0xb6, 0xa6, 0xba, 0xb2, 0xbf, 0xb7, 0xaf, 0xae, 0xbc, 0xc9, 0xc3
    dc.b    0xd0, 0xd6, 0xe7, 0xe5, 0xf0, 0xf0, 0xdf, 0xec, 0x01, 0x0c, 0x2a, 0x20, 0x1d, 0x36, 0x32, 0x31
    dc.b    0x35, 0x40, 0x34, 0x53, 0x5d, 0x59, 0x50, 0x66, 0x63, 0x5e, 0x5a, 0x4a, 0x4c, 0x3f, 0x38, 0x1c
    dc.b    0x1a, 0x2e, 0x0f, 0xfb, 0xfc, 0x0b, 0xfd, 0x05, 0x05, 0xec, 0xdc, 0xdc, 0xcb, 0xc7, 0xc0, 0xcd
    dc.b    0xc5, 0xbf, 0xbd, 0xb6, 0xa1, 0x9f, 0x9a, 0xa0, 0xa7, 0xba, 0xc5, 0xdb, 0xdd, 0xdb, 0xe3, 0xea
    dc.b    0xf8, 0x05, 0xfa, 0xe6, 0x04, 0x10, 0x25, 0x2f, 0x3a, 0x36, 0x31, 0x48, 0x36, 0x43, 0x36, 0x34
    dc.b    0x32, 0x4a, 0x3c, 0x4c, 0x3c, 0x2f, 0x3d, 0x53, 0x38, 0x34, 0x37, 0x26, 0x20, 0x0f, 0x1b, 0x14
    dc.b    0xfe, 0xf3, 0xdd, 0xe2, 0xc8, 0xd4, 0xde, 0xca, 0xc4, 0xbe, 0xb0, 0xa7, 0xa5, 0xa1, 0x9a, 0xa9
    dc.b    0x9f, 0xb1, 0xbc, 0xbc, 0xd2, 0xcf, 0xec, 0xcd, 0x01, 0xff, 0x1f, 0x12, 0x3c, 0x31, 0x3b, 0x27
    dc.b    0x2b, 0x32, 0x20, 0x27, 0x3b, 0x3d, 0x3f, 0x2e, 0x4b, 0x4c, 0x3e, 0x52, 0x3a, 0x30, 0x1a, 0x31
    dc.b    0x17, 0x1a, 0x1f, 0xfb, 0x18, 0xf8, 0xf6, 0xfa, 0xed, 0xe8, 0xd5, 0xe1, 0xd3, 0xc9, 0xc4, 0xe2
    dc.b    0xd6, 0xd2, 0xe6, 0xd2, 0xe4, 0xcf, 0xc5, 0xc6, 0xd7, 0xc3, 0xc6, 0xd2, 0xcd, 0xd4, 0xf0, 0xfc
    dc.b    0xfc, 0xf8, 0xf5, 0x02, 0x0d, 0x12, 0x07, 0x08, 0x16, 0x17, 0x17, 0x28, 0x1f, 0x29, 0x3a, 0x1a
    dc.b    0x1f, 0x24, 0x1f, 0x22, 0x1e, 0x31, 0x30, 0x35, 0x28, 0x2e, 0x22, 0x2d, 0x25, 0x2f, 0x1f, 0x22
    dc.b    0x18, 0x15, 0x1f, 0x06, 0x18, 0x0f, 0x01, 0xf2, 0xe7, 0xeb, 0xdf, 0xc9, 0xcd, 0xcb, 0xdc, 0xc8
    dc.b    0xd1, 0xd2, 0xbd, 0xc3, 0xd3, 0xc4, 0xc6, 0xc4, 0xd4, 0xcc, 0xdb, 0xd5, 0xda, 0xc8, 0xe5, 0xea
    dc.b    0x06, 0xf4, 0x09, 0xfa, 0x0c, 0x0a, 0x29, 0x2b, 0x28, 0x3a, 0x2d, 0x41, 0x51, 0x42, 0x49, 0x49
    dc.b    0x42, 0x41, 0x36, 0x38, 0x49, 0x38, 0x2b, 0x17, 0x23, 0x24, 0x1b, 0x09, 0xf4, 0xec, 0xf1, 0xf1
    dc.b    0xed, 0xe8, 0xd2, 0xdd, 0xce, 0xcd, 0xc9, 0xb2, 0xa7, 0xa7, 0x9f, 0xa9, 0xa5, 0xaf, 0xbe, 0xbf
    dc.b    0xbd, 0xbe, 0xd0, 0xe0, 0xe5, 0xe5, 0xfb, 0x1c, 0x0c, 0x12, 0x15, 0x28, 0x2b, 0x2e, 0x30, 0x2e
    dc.b    0x3c, 0x30, 0x38, 0x2b, 0x27, 0x2d, 0x3b, 0x22, 0x2c, 0x23, 0x1e, 0x30, 0x26, 0x39, 0x0e, 0x0c
    dc.b    0x22, 0x12, 0x18, 0x06, 0x0c, 0x07, 0xff, 0xfd, 0xfc, 0xf0, 0xdf, 0xd9, 0xd8, 0xc9, 0xc8, 0xd8
    dc.b    0xca, 0xc7, 0xc3, 0xd8, 0xc3, 0xd1, 0xc9, 0xd4, 0xd6, 0xd9, 0xde, 0xf7, 0xe6, 0xfb, 0xf5, 0x04
    dc.b    0x06, 0x0c, 0x13, 0x1b, 0x21, 0x23, 0x1d, 0x33, 0x06, 0x1e, 0x15, 0x16, 0x0c, 0x17, 0x10, 0x14
    dc.b    0x18, 0x18, 0x12, 0x1a, 0x1a, 0x09, 0x0a, 0x0c, 0x0b, 0x05, 0x08, 0xf4, 0xf7, 0xea, 0xee, 0xe6
    dc.b    0xf6, 0xee, 0xf2, 0xf5, 0xf9, 0xfd, 0xf6, 0xfe, 0xfb, 0xf5, 0xfd, 0xf7, 0xeb, 0xf3, 0xfc, 0xf6
    dc.b    0xfa, 0xf6, 0xe8, 0xf1, 0xf6, 0xf2, 0xf6, 0xfc, 0x03, 0xf5, 0x08, 0x06, 0x05, 0xfe, 0x03, 0xff
    dc.b    0x03, 0xfd, 0xf8, 0xff, 0xf7, 0xfd, 0x04, 0xfe, 0xfb, 0xf6, 0xfd, 0x07, 0x0b, 0x02, 0x07, 0x0e
    dc.b    0x15, 0x22, 0x1e, 0x16, 0x1b, 0x1d, 0x0f, 0x10, 0x0c, 0x0d, 0x08, 0xfe, 0x03, 0x00, 0xf6, 0x05
    dc.b    0x10, 0x0c, 0xf8, 0xfb, 0x06, 0xff, 0x08, 0xf4, 0xf8, 0xf9, 0xfe, 0xef, 0xeb, 0xf7, 0xf1, 0xf0
    dc.b    0xe7, 0xdc, 0xe1, 0xdb, 0xe2, 0xe8, 0xe4, 0xe7, 0xf3, 0xf3, 0xf7, 0xf5, 0x06, 0xf1, 0xff, 0xfa
    dc.b    0xfb, 0x09, 0x05, 0x0b, 0x0f, 0x05, 0x0e, 0x06, 0x13, 0x15, 0x17, 0x16, 0x13, 0x19, 0x13, 0x16
    dc.b    0x14, 0x1a, 0x24, 0x1e, 0x15, 0x10, 0x01, 0x12, 0xfb, 0x0b, 0x05, 0x07, 0x0b, 0xff, 0xf3, 0x05
    dc.b    0xf0, 0xf4, 0xfb, 0xe7, 0xe7, 0xf2, 0xef, 0xec, 0xe5, 0xe8, 0xec, 0xe4, 0xe4, 0xe9, 0xf2, 0xea
    dc.b    0xe8, 0xf6, 0xf8, 0xfd, 0xf3, 0x00, 0xfa, 0x00, 0xfd, 0xff, 0xfd, 0xf4, 0xf5, 0xf4, 0xf7, 0xf1
    dc.b    0x0c, 0x02, 0x00, 0xfa, 0x0f, 0x0a, 0x04, 0x12, 0x0e, 0x18, 0x16, 0x1e, 0x1a, 0x19, 0x16, 0x1b
    dc.b    0x11, 0x17, 0x16, 0x22, 0x15, 0x21, 0x15, 0x10, 0x1e, 0x0c, 0x0e, 0x12, 0x04, 0xfe, 0xf5, 0xe8
    dc.b    0xf4, 0xee, 0xef, 0xe2, 0xf1, 0xde, 0xdd, 0xd5, 0xda, 0xdc, 0xdb, 0xde, 0xe5, 0xef, 0xed, 0xe8
    dc.b    0xeb, 0xef, 0xf6, 0xf2, 0xfc, 0xf4, 0xf2, 0xf7, 0xfc, 0xfd, 0x00, 0x09, 0x04, 0x0b, 0x0d, 0x18
    dc.b    0x28, 0x1e, 0x27, 0x39, 0x22, 0x31, 0x33, 0x37, 0x2a, 0x32, 0x1d, 0x1f, 0x19, 0x1c, 0x10, 0x0e
    dc.b    0x17, 0xf7, 0xef, 0xf2, 0xec, 0xeb, 0xe5, 0xed, 0xe8, 0xf1, 0xef, 0xe3, 0xe5, 0xe5, 0xe9, 0xe7
    dc.b    0xdf, 0xe9, 0xec, 0xe1, 0xe5, 0xe7, 0xf0, 0xee, 0xe8, 0xe9, 0xef, 0xec, 0xee, 0xec, 0xf6, 0xff
    dc.b    0xfb, 0xfa, 0x04, 0x00, 0x09, 0x0d, 0x16, 0x1e, 0x1a, 0x28, 0x28, 0x2b, 0x2e, 0x2a, 0x2b, 0x24
    dc.b    0x1e, 0x1a, 0x21, 0x10, 0x07, 0x02, 0xfe, 0xff, 0xf9, 0xff, 0xe9, 0xec, 0xeb, 0xf1, 0xf1, 0xf4
    dc.b    0xf6, 0xfc, 0xf7, 0xf9, 0xf1, 0xf2, 0xf9, 0xe2, 0xf6, 0xf8, 0xf3, 0xee, 0xe7, 0xe9, 0xea, 0xf0
    dc.b    0xe4, 0xec, 0xe8, 0xf7, 0xf6, 0xfa, 0xf6, 0xf6, 0xfa, 0xff, 0x07, 0x08, 0xff, 0x04, 0x09, 0x0a
    dc.b    0x11, 0x0e, 0x17, 0x13, 0x17, 0x19, 0x16, 0x1a, 0x0e, 0x13, 0x1a, 0x16, 0x15, 0x0f, 0x08, 0x0f
    dc.b    0x0d, 0x10, 0x17, 0x0f, 0x00, 0xff, 0xf7, 0xf3, 0xf4, 0xee, 0xeb, 0xe6, 0xec, 0xec, 0xe5, 0xe8
    dc.b    0xe8, 0xe7, 0xe1, 0xec, 0xf4, 0xed, 0xfa, 0xe7, 0xea, 0xf9, 0xef, 0xf2, 0xfd, 0x00, 0xfe, 0x03
    dc.b    0xfe, 0xf9, 0x00, 0xf6, 0x04, 0x03, 0xfe, 0x0f, 0x00, 0x14, 0x0d, 0x0b, 0x05, 0x09, 0x0d, 0x12
    dc.b    0x12, 0x14, 0x19, 0x1c, 0x14, 0x14, 0x0b, 0x0a, 0x0d, 0x08, 0x07, 0xfc, 0xf4, 0xfa, 0xfa, 0xfa
    dc.b    0xf5, 0xf4, 0xe6, 0xef, 0xf4, 0xf7, 0xf2, 0xf5, 0xf5, 0xf4, 0xec, 0xf4, 0xee, 0xef, 0xf2, 0xf9
    dc.b    0xf9, 0x05, 0xfe, 0xf9, 0xfd, 0x01, 0xfd, 0x07, 0xfe, 0x08, 0x0d, 0x08, 0x08, 0x0d, 0x06, 0x0b
    dc.b    0x02, 0x05, 0x03, 0x07, 0x0d, 0x09, 0x0f, 0x12, 0x0b, 0x10, 0x07, 0x00, 0x06, 0xf6, 0xff, 0xf7
    dc.b    0xfd, 0xfa, 0xfe, 0xfc, 0xfc, 0xfd, 0xfa, 0xfc, 0xfb, 0xec, 0xf6, 0xf6, 0xf0, 0xf3, 0xee, 0xf5
    dc.b    0xee, 0xf2, 0xef, 0xf3, 0xef, 0xf0, 0xec, 0x05, 0xfb, 0xf8, 0x00, 0x00, 0x0b, 0x05, 0x13, 0x0f
    dc.b    0x0d, 0x13, 0x12, 0x18, 0x10, 0x14, 0x0e, 0x0e, 0x0c, 0x0b, 0x01, 0x09, 0x0a, 0x09, 0x04, 0x0a
    dc.b    0xff, 0xfd, 0xfd, 0xf7, 0xf5, 0xfe, 0x00, 0xf6, 0xf8, 0xf6, 0xf7, 0xf1, 0xfc, 0xf8, 0xf6, 0xff
    dc.b    0xf7, 0xf8, 0xfd, 0xfc, 0x02, 0xfb, 0xfe, 0xf6, 0xfb, 0x02, 0x09, 0x03, 0xfe, 0x03, 0x04, 0x08
    dc.b    0x03, 0x04, 0x04, 0x08, 0x08, 0x09, 0x05, 0x05, 0xf7, 0xfe, 0xfc, 0xff, 0x03, 0xf7, 0xf5, 0xf7
    dc.b    0xf1, 0xf7, 0xf6, 0xfa, 0xf3, 0xf8, 0xf5, 0xfa, 0xf9, 0x00, 0xf8, 0xfc, 0xfe, 0x09, 0x07, 0x02
    dc.b    0x02, 0x07, 0x04, 0x07, 0x04, 0xfe, 0xff, 0x05, 0x05, 0x0a, 0x02, 0x04, 0xf9, 0x05, 0xfd, 0xfe
    dc.b    0x01, 0xf8, 0xf9, 0xf8, 0xfe, 0xf9, 0xf6, 0xfc, 0xfa, 0xf4, 0xf9, 0xf5, 0xfb, 0xf9, 0xf7, 0x01
    dc.b    0xff, 0x06, 0xfd, 0xff, 0x05, 0x0c, 0x09, 0x09, 0x06, 0x04, 0x02, 0x09, 0x04, 0x03, 0x02, 0x05
    dc.b    0x0b, 0x08, 0x09, 0x04, 0x02, 0x02, 0x07, 0x03, 0x06, 0x01, 0x0b, 0x08, 0x07, 0x09, 0x06, 0x0b
    dc.b    0x02, 0x02, 0x02, 0x02, 0xfc, 0xfd, 0xf5, 0xfa, 0xf7, 0xf6, 0xf2, 0xf1, 0xee, 0xf2, 0xf2, 0xf2
    dc.b    0xf2, 0xed, 0xf2, 0xf2, 0xfc, 0xf9, 0xf5, 0xfa, 0xf9, 0xfd, 0xf7, 0xfb, 0xfa, 0x05, 0x01, 0x05
    dc.b    0x0f, 0x0a, 0x0e, 0x0d, 0x1b, 0x16, 0x17, 0x13, 0x19, 0x18, 0x16, 0x13, 0x15, 0x17, 0x0f, 0x07
    dc.b    0x13, 0x0e, 0x0a, 0x00, 0xfc, 0xfb, 0xfd, 0xf0, 0xf4, 0xee, 0xed, 0xea, 0xe4, 0xe1, 0xe4, 0xe1
    dc.b    0xe5, 0xe6, 0xe7, 0xec, 0xe2, 0xec, 0xe7, 0xf5, 0xf6, 0xf2, 0xf6, 0xfc, 0x01, 0xff, 0x04, 0x09
    dc.b    0x0e, 0x0f, 0x19, 0x14, 0x10, 0x11, 0x1d, 0x15, 0x1b, 0x1c, 0x18, 0x1c, 0x1c, 0x17, 0x17, 0x16
    dc.b    0x10, 0x10, 0x06, 0x07, 0x00, 0x04, 0xfd, 0xfd, 0xfb, 0xf3, 0xf4, 0xf4, 0xe6, 0xed, 0xec, 0xe8
    dc.b    0xe2, 0xe8, 0xe3, 0xe1, 0xe7, 0xe9, 0xe5, 0xe7, 0xe9, 0xef, 0xf0, 0xf7, 0xed, 0xf8, 0xf3, 0xff
    dc.b    0xfb, 0x09, 0x03, 0x08, 0x0a, 0x0c, 0x0d, 0x0f, 0x15, 0x11, 0x18, 0x1b, 0x16, 0x16, 0x15, 0x17
    dc.b    0x11, 0x13, 0x10, 0x0a, 0x09, 0x05, 0x03, 0x06, 0x08, 0x03, 0xf7, 0xfe, 0xfe, 0x02, 0xfd, 0xf8
    dc.b    0xf3, 0xfa, 0xff, 0xf7, 0xf8, 0xf6, 0xfd, 0xf9, 0xfc, 0xf8, 0xf3, 0xf4, 0xf5, 0x00, 0xf5, 0xf9
    dc.b    0xf6, 0xf7, 0xf3, 0xf3, 0xf3, 0xf2, 0xf9, 0xf7, 0xfd, 0xf9, 0xf7, 0xfd, 0x00, 0x06, 0xfb, 0x05
    dc.b    0x03, 0xff, 0x06, 0x0c, 0x02, 0x0a, 0x09, 0x0e, 0x0c, 0x09, 0x09, 0x0b, 0x09, 0x08, 0x0c, 0x0d
    dc.b    0x0b, 0x0d, 0x09, 0xfe, 0x08, 0x04, 0x04, 0x06, 0xfb, 0xfc, 0xfc, 0xff, 0xf7, 0x01, 0xfa, 0xfa
    dc.b    0xfc, 0xf7, 0xf3, 0xef, 0xef, 0xf5, 0xf3, 0xf1, 0xf3, 0xf8, 0xf3, 0xfb, 0xfa, 0xfc, 0xf6, 0xfc
    dc.b    0xfb, 0xf9, 0xfe, 0xf5, 0xfd, 0xfe, 0x02, 0x00, 0x04, 0x02, 0x04, 0x03, 0x01, 0x03, 0x00, 0x08
    dc.b    0x0a, 0x0f, 0x0f, 0x0b, 0x0c, 0x10, 0x0d, 0x0e, 0x0c, 0x10, 0x0b, 0x03, 0x07, 0x09, 0x05, 0xfe
    dc.b    0x04, 0xfe, 0xfe, 0xfa, 0xf9, 0xf1, 0xf0, 0xf5, 0xef, 0xf0, 0xef, 0xf1, 0xf7, 0xf5, 0xf4, 0xf5
    dc.b    0xef, 0xf3, 0xf3, 0xf5, 0xf9, 0xfa, 0xfd, 0x05, 0x04, 0x01, 0x06, 0x04, 0x08, 0x03, 0x05, 0x04
    dc.b    0x11, 0x09, 0x0d, 0x09, 0x0b, 0x0c, 0x0c, 0x07, 0x06, 0x09, 0x05, 0x07, 0x09, 0x06, 0x04, 0x02
    dc.b    0x05, 0x03, 0x02, 0x00, 0x01, 0xfd, 0xfb, 0xff, 0xfa, 0xf9, 0xfd, 0xf5, 0xf7, 0xf8, 0xf6, 0xf7
    dc.b    0xf6, 0xeb, 0xf2, 0xf5, 0xf6, 0xfe, 0xfe, 0xff, 0x00, 0x00, 0xff, 0x03, 0x01, 0x06, 0x02, 0x05
    dc.b    0x06, 0x07, 0x05, 0x0a, 0x05, 0x04, 0x06, 0x02, 0x07, 0x02, 0x09, 0x06, 0x02, 0x03, 0x02, 0x01
    dc.b    0xfe, 0x02, 0xfc, 0x01, 0x03, 0xff, 0x00, 0xf9, 0xf9, 0xf5, 0xfc, 0xfa, 0x00, 0xfe, 0xfd, 0x02
    dc.b    0xfe, 0xfe, 0x00, 0xfd, 0xf9, 0x01, 0xf5, 0xfb, 0xfa, 0xfb, 0xfb, 0xfa, 0xfe, 0xf9, 0xfb, 0xfd
    dc.b    0xf9, 0xfa, 0xff, 0x01, 0xf9, 0xfc, 0xfa, 0xfe, 0x02, 0x02, 0x02, 0x04, 0x05, 0x0c, 0x06, 0x0c
    dc.b    0x05, 0x07, 0x08, 0x0b, 0x06, 0x09, 0x0b, 0x02, 0xff, 0xff, 0xff, 0xff, 0xff, 0xfb, 0xfb, 0xff
    dc.b    0xfd, 0xf8, 0xf8, 0xf7, 0xf7, 0xf5, 0xf4, 0xf2, 0xf5, 0xf3, 0xf3, 0xf8, 0xf4, 0xf5, 0xf5, 0xf4
    dc.b    0xf8, 0xf1, 0xf8, 0xfe, 0xff, 0x03, 0x05, 0x03, 0x03, 0x08, 0x08, 0x10, 0x0b, 0x0c, 0x0c, 0x0f
    dc.b    0x0f, 0x0f, 0x0a, 0x09, 0x0f, 0x0e, 0x0f, 0x0d, 0x0d, 0x0e, 0x0b, 0x0c, 0x0b, 0x0b, 0x0a, 0x06
    dc.b    0x02, 0x01, 0xff, 0xfd, 0xfc, 0xf8, 0xfb, 0xf5, 0xfa, 0xfb, 0xf7, 0xf7, 0xf7, 0xf1, 0xf8, 0xf9
    dc.b    0xfa, 0xfa, 0xf9, 0xfb, 0xfd, 0xfe, 0x01, 0xf9, 0xfd, 0x00, 0xfe, 0xfe, 0x05, 0x09, 0x03, 0xfe
    dc.b    0x07, 0x03, 0x03, 0x07, 0x02, 0x01, 0x00, 0xff, 0x0a, 0x00, 0x00, 0xff, 0x03, 0x00, 0xfd, 0xfd
    dc.b    0xfc, 0xfb, 0xfb, 0xfe, 0xfa, 0xfa, 0xf5, 0xf6, 0xf9, 0xf8, 0xfa, 0xf6, 0xf7, 0xf5, 0xf7, 0xf9
    dc.b    0xfb, 0x00, 0x00, 0xff, 0x00, 0xfb, 0xfe, 0xfa, 0x04, 0xff, 0xfe, 0xfd, 0xfb, 0xfc, 0xfb, 0xf7
    dc.b    0xfa, 0xf6, 0xf8, 0xfa, 0xf8, 0xfa, 0xf9, 0xf6, 0xfa, 0xfb, 0x01, 0x00, 0x01, 0x03, 0x00, 0x03
    dc.b    0x03, 0x0b, 0x0a, 0x08, 0x08, 0x07, 0x0a, 0x0c, 0x08, 0x0b, 0x0f, 0x0f, 0x0b, 0x08, 0x06, 0x0a
    dc.b    0x09, 0x07, 0x08, 0x08, 0x09, 0x07, 0x05, 0x04, 0x02, 0x00, 0x01, 0xff, 0xfd, 0xfe, 0xfc, 0xf7
    dc.b    0xfe, 0xf7, 0xf5, 0xf8, 0xf2, 0xf1, 0xf7, 0xf6, 0xf6, 0xf8, 0xf8, 0xfa, 0xfb, 0xfb, 0xfe, 0xfa
    dc.b    0xff, 0xfe, 0xf8, 0xfc, 0xff, 0xfa, 0xfe, 0xfc, 0xfe, 0xff, 0xff, 0xfc, 0xfd, 0xfd, 0xff, 0xff
    dc.b    0xfe, 0xfe, 0x02, 0x02, 0x03, 0x05, 0x05, 0x04, 0x06, 0x0b, 0x03, 0x0c, 0x02, 0x07, 0x04, 0x07
    dc.b    0x03, 0x02, 0x02, 0x00, 0xff, 0xfa, 0xff, 0xf9, 0xfb, 0xfc, 0xfd, 0xff, 0xf9, 0xfa, 0x00, 0xfd
    dc.b    0xfb, 0x01, 0xfe, 0x00, 0xfb, 0xfb, 0xfb, 0xfd, 0xfc, 0xfb, 0x01, 0xfc, 0x00, 0xfe, 0xfc, 0xfd
    dc.b    0xfe, 0x03, 0x07, 0x09, 0x07, 0x09, 0x0d, 0x0c, 0x08, 0x0f, 0x0b, 0x0e, 0x0e, 0x11, 0x14, 0x0d
    dc.b    0x12, 0x0f, 0x0b, 0x0a, 0x07, 0x04, 0x03, 0x00, 0xff, 0x01, 0x00, 0xfe, 0xfa, 0xfc, 0xf9, 0xf9
    dc.b    0xf5, 0xf6, 0xf5, 0xf4, 0xf8, 0xf7, 0xf3, 0xf4, 0xf5, 0xf6, 0xf2, 0xf2, 0xf3, 0xef, 0xf0, 0xf3
    dc.b    0xf1, 0xf0, 0xf5, 0xf7, 0xf6, 0xfa, 0xf3, 0xf8, 0xfb, 0xfb, 0x01, 0x00, 0x02, 0x01, 0x05, 0x02
    dc.b    0x08, 0x04, 0x04, 0x01, 0x03, 0x01, 0x02, 0x00, 0x03, 0x00, 0x05, 0x03, 0x02, 0x00, 0x00, 0x01
    dc.b    0xfe, 0x00, 0xfc, 0xfd, 0x00, 0xfa, 0xfe, 0xf9, 0x00, 0xfe, 0xfd, 0xfd, 0xfa, 0xfa, 0xff, 0xff
    dc.b    0xfe, 0xfc, 0xfc, 0xff, 0x00, 0xfe, 0x00, 0xff, 0xff, 0xff, 0x01, 0x01, 0xfe, 0x01, 0x01, 0x01
    dc.b    0x02, 0x03, 0xff, 0xfd, 0x00, 0x03, 0x04, 0x02, 0x03, 0x04, 0x02, 0x04, 0x04, 0x06, 0x0a, 0x08
    dc.b    0x06, 0x08, 0x09, 0x09, 0x07, 0x07, 0x09, 0x08, 0x09, 0x05, 0x04, 0x06, 0x05, 0x03, 0x03, 0x01
    dc.b    0x03, 0x05, 0x03, 0x02, 0x04, 0x02, 0x00, 0xfe, 0xfd, 0xfd, 0xfa, 0xf9, 0xfa, 0xfb, 0xfb, 0xfb
    dc.b    0xfb, 0xf9, 0xfa, 0xfc, 0xfa, 0xf7, 0xfa, 0xfa, 0xff, 0xfa, 0xfc, 0xfe, 0xfe, 0x01, 0xff, 0x00
    dc.b    0x01, 0x00, 0x01, 0x01, 0x01, 0xff, 0x03, 0x02, 0x02, 0x01, 0x01, 0x06, 0x02, 0x05, 0x04, 0x03
    dc.b    0x04, 0x01, 0x02, 0x04, 0x06, 0x02, 0x09, 0x0a, 0x03, 0x05, 0x0a, 0x03, 0x03, 0x04, 0x05, 0x04
    dc.b    0x02, 0x02, 0x01, 0xfd, 0xf9, 0xf9, 0xfa, 0xf7, 0xf8, 0xf8, 0xf8, 0xf6, 0xf8, 0xf9, 0xfa, 0xfb
    dc.b    0xf9, 0xf9, 0xfa, 0xfa, 0xfb, 0xfe, 0xfc, 0xfb, 0xfa, 0xfe, 0xfc, 0xfc, 0xfb, 0xfc, 0xfb, 0xfb
    dc.b    0xfc, 0xfd, 0xff, 0x01, 0x02, 0x01, 0x04, 0x03, 0x08, 0x03, 0x05, 0x04, 0x08, 0x04, 0x05, 0x01
    dc.b    0x02, 0x02, 0x04, 0x02, 0x00, 0x00, 0x01, 0xff, 0x00, 0x00, 0xfc, 0xfd, 0xfc, 0xfd, 0xfe, 0xfa
    dc.b    0xfc, 0xfa, 0xfb, 0xfa, 0xfa, 0xfa, 0xf8, 0xfa, 0xfb, 0xf9, 0xfb, 0xf8, 0xfa, 0xf9, 0xfb, 0xfd
    dc.b    0xfc, 0xfe, 0xfa, 0xfd, 0xff, 0x00, 0xfe, 0x00, 0x01, 0x02, 0x01, 0x04, 0x03, 0x02, 0x04, 0x05
    dc.b    0x06, 0x02, 0x05, 0x03, 0x07, 0x01, 0x03, 0x03, 0x04, 0x05, 0x04, 0x03, 0x03, 0x04, 0x03, 0x06
    dc.b    0x06, 0x04, 0x03, 0x01, 0x05, 0x04, 0x03, 0x03, 0x00, 0x01, 0x02, 0xff, 0x02, 0x00, 0xfe, 0xfd
    dc.b    0xff, 0xfb, 0xfe, 0xfc, 0xfc, 0xfc, 0xfa, 0xfa, 0xfa, 0xfe, 0xf9, 0xfa, 0xf9, 0xf9, 0xfa, 0xfa
    dc.b    0xfa, 0xfa, 0xfa, 0xfa, 0xfc, 0xfd, 0xf9, 0xfe, 0x00, 0x00, 0x02, 0x00, 0x03, 0x01, 0x04, 0x05
    dc.b    0x06, 0x06, 0x07, 0x08, 0x08, 0x07, 0x06, 0x08, 0x08, 0x06, 0x07, 0x06, 0x06, 0x06, 0x03, 0x05
    dc.b    0x03, 0x03, 0xfe, 0xfe, 0xff, 0xff, 0xfe, 0xfd, 0xff, 0xfd, 0xfd, 0xfb, 0xfb, 0xf9, 0xf9, 0xfa
    dc.b    0xfa, 0xf9, 0xf7, 0xfb, 0xf9, 0xf9, 0xf9, 0xf9, 0xfa, 0xfb, 0xfc, 0xff, 0xfe, 0xfd, 0x01, 0x00
    dc.b    0x01, 0x01, 0x01, 0x03, 0x05, 0x04, 0x05, 0x06, 0x05, 0x05, 0x06, 0x05, 0x06, 0x06, 0x06, 0x06
    dc.b    0x05, 0x06, 0x06, 0x06, 0x04, 0x03, 0x03, 0x01, 0x02, 0x01, 0x01, 0xff, 0xff, 0xfe, 0xff, 0xfd
    dc.b    0xfb, 0xfc, 0xfa, 0xfc, 0xfb, 0xfa, 0xfb, 0xf9, 0xf8, 0xf8, 0xfa, 0xfa, 0xfa, 0xfb, 0xf9, 0xfb
    dc.b    0xfb, 0xfc, 0xfe, 0xfd, 0xfe, 0xfe, 0x00, 0x01, 0x00, 0x02, 0x01, 0xff, 0x01, 0xff, 0x01, 0x01
    dc.b    0x03, 0x01, 0x04, 0x04, 0x01, 0x01, 0x01, 0x02, 0x02, 0x03, 0x03, 0x02, 0x02, 0x01, 0x01, 0x03
    dc.b    0x03, 0x00, 0x02, 0x01, 0x01, 0x01, 0xfe, 0xfe, 0x00, 0xfe, 0x00, 0xfe, 0xfe, 0xfe, 0xfd, 0x00
    dc.b    0xfe, 0x00, 0xfe, 0xfe, 0xfe, 0xfd, 0xfd, 0xff, 0xfe, 0xfc, 0xff, 0xfd, 0xfd, 0xfd, 0xfd, 0xfe
    dc.b    0xff, 0xfe, 0x00, 0xfe, 0xff, 0x01, 0x00, 0xff, 0x00, 0x00, 0x01, 0x00, 0x00, 0x00, 0x00, 0x00
    dc.b    0x00, 0x01, 0x01, 0x01, 0x01, 0x01, 0x02, 0x02, 0x02, 0x01, 0x00, 0x01, 0x01, 0x00, 0x02, 0x02
    dc.b    0x01, 0x02, 0x01, 0x00, 0x00, 0xff, 0x02, 0xff, 0x00, 0x01, 0xfd, 0xfd, 0xfe, 0xff, 0xff, 0xfe
    dc.b    0xfd, 0xfd, 0xfd, 0xfd, 0xfd, 0xfd, 0xfd, 0xff, 0xfe, 0xfd, 0xfe, 0xfe, 0xff, 0xff, 0x00, 0xfd
    dc.b    0xfe, 0xfe, 0xfe, 0xff, 0xff, 0xfe, 0x00, 0x01, 0x00, 0x00, 0xff, 0x01, 0x01, 0x01, 0x01, 0x03
    dc.b    0x02, 0x02, 0x03, 0x02, 0x03, 0x02, 0x03, 0x02, 0x02, 0x03, 0x00, 0x00, 0x02, 0x00, 0x01, 0xff
    dc.b    0xfe, 0xff, 0xfe, 0x00, 0xff, 0x00, 0xff, 0xff, 0xff, 0xff, 0xfe, 0xff, 0xfd, 0xfd, 0xfd, 0xfe
    dc.b    0xff, 0xfd, 0xfd, 0xfc, 0xfd, 0xfd, 0xfd, 0xfe, 0xfd, 0xff, 0xfd, 0xfe, 0xff, 0xfe, 0xff, 0x00
    dc.b    0x00, 0x00, 0x01, 0x00, 0x01, 0x00, 0x01, 0x02, 0x01, 0x02, 0x01, 0x02, 0x02, 0x02, 0x01, 0x02
    dc.b    0x02, 0x02, 0x02, 0x01, 0x01, 0x01, 0x01, 0x01, 0x01, 0x01, 0x01, 0x00, 0x00, 0x00, 0x00, 0xff
    dc.b    0x00, 0x00, 0xff, 0xff, 0xfe, 0xff, 0xfe, 0xff, 0xff, 0xfe, 0xff, 0xff, 0xfe, 0xff, 0xfe, 0xfd
    dc.b    0xfe, 0xfd, 0xfe, 0xfe, 0xff, 0x00, 0xfe, 0xff, 0xfd, 0xfe, 0xff, 0xff, 0xff, 0xff, 0x00, 0x00
    dc.b    0x01, 0x01, 0x00, 0xff, 0x00, 0x00, 0x01, 0x01, 0x02, 0x01, 0x01, 0x01, 0x02, 0x02, 0x01, 0x01
    dc.b    0x01, 0x01, 0x00, 0x01, 0x00, 0x01, 0xff, 0xff, 0x00, 0xfe, 0xff, 0xfe, 0xff, 0xfe, 0xfe, 0xff
    dc.b    0xfe, 0xfe, 0xfe, 0xfd, 0xfe, 0xfe, 0xfd, 0xfd, 0xfd, 0xfd, 0xfd, 0xfd, 0xfd, 0xfd, 0xfe, 0xfe
    dc.b    0xff, 0xff, 0x00, 0x00, 0x00, 0x00, 0x01, 0x00, 0x01, 0x01, 0x01, 0x01, 0x01, 0x01, 0x01, 0x01
    dc.b    0x01, 0x01, 0x01, 0x01, 0x01, 0x01, 0x01, 0x01, 0x01, 0x01, 0x01, 0x01, 0x01, 0x01, 0x00, 0x00
    dc.b    0x00, 0x00, 0x00, 0x00, 0x00, 0x00, 0x00, 0x00, 0x00, 0x00, 0x00, 0x00, 0x00, 0x00, 0x00, 0x00
    dc.b    0x00, 0x00, 0x00, 0x00, 0x00, 0x00, 0x00, 0x00, 0x00, 0x00, 0x00, 0x00, 0x00, 0x00, 0x00, 0x00
    dc.b    0x00, 0x00, 0x00, 0x00, 0x00, 0x00, 0x00, 0x00, 0x00, 0x00, 0x00, 0x00, 0x00, 0x00, 0x00, 0x00
    dc.b    0xff, 0x05, 0xfc, 0xfa, 0x09, 0xd1, 0x0c, 0xf0, 0xf2, 0x23, 0xe9, 0x09, 0x11, 0xd7, 0xee, 0x0c
    dc.b    0x07, 0x07, 0x1e, 0x12, 0x14, 0x23, 0x1e, 0x23, 0x27, 0x23, 0x28, 0x29, 0x1e, 0x1a, 0x19, 0x0f
    dc.b    0x0b, 0x0b, 0xfc, 0xf9, 0xf1, 0xef, 0xe6, 0xd9, 0xd0, 0xcb, 0xbd, 0xb9, 0xbd, 0xbe, 0xad, 0xb3
    dc.b    0xbb, 0xb6, 0xb8, 0xc9, 0xbe, 0xc1, 0xc2, 0xc7, 0xcd, 0xd7, 0xdc, 0xe4, 0xf0, 0xfb, 0x06, 0x1a
    dc.b    0x24, 0x2f, 0x3b, 0x45, 0x51, 0x59, 0x5f, 0x63, 0x65, 0x66, 0x66, 0x66, 0x65, 0x63, 0x60, 0x5e
    dc.b    0x5c, 0x59, 0x55, 0x56, 0x55, 0x53, 0x47, 0x43, 0x41, 0x3a, 0x31, 0x28, 0x24, 0x14, 0x0c, 0x01
    dc.b    0xfa, 0xef, 0xdc, 0xd5, 0xca, 0xbe, 0xb4, 0xa7, 0x9f, 0x96, 0x91, 0x8e, 0x8c, 0x8c, 0x8c, 0x8d
    dc.b    0x8f, 0x91, 0x94, 0x97, 0x9a, 0x9c, 0x9d, 0xa4, 0xa7, 0xa7, 0xad, 0xa8, 0xb0, 0xb9, 0xbb, 0xca
    dc.b    0xc6, 0xca, 0xd4, 0xe1, 0xed, 0xf3, 0xfe, 0x09, 0x19, 0x1b, 0x2f, 0x40, 0x42, 0x4d, 0x57, 0x62
    dc.b    0x68, 0x6d, 0x73, 0x75, 0x75, 0x75, 0x73, 0x71, 0x6f, 0x6d, 0x6a, 0x68, 0x64, 0x61, 0x5e, 0x5a
    dc.b    0x56, 0x58, 0x50, 0x50, 0x4a, 0x46, 0x44, 0x46, 0x38, 0x32, 0x2b, 0x23, 0x1c, 0x18, 0x0d, 0x05
    dc.b    0xfe, 0xee, 0xf5, 0xe7, 0xe1, 0xcd, 0xc1, 0xc7, 0xbe, 0xae, 0xb1, 0xaa, 0xa6, 0xa6, 0xa0, 0x99
    dc.b    0x99, 0x97, 0x94, 0x95, 0x95, 0x95, 0x95, 0x97, 0x97, 0x97, 0x9b, 0x9f, 0xa0, 0xa4, 0xa9, 0xa9
    dc.b    0xad, 0xb1, 0xb8, 0xbb, 0xbb, 0xbd, 0xc6, 0xc8, 0xce, 0xdd, 0xd9, 0xda, 0xe2, 0xf0, 0xe9, 0xf0
    dc.b    0xfa, 0xff, 0x02, 0x0d, 0x10, 0x18, 0x20, 0x1d, 0x27, 0x2c, 0x2e, 0x36, 0x3d, 0x3f, 0x43, 0x46
    dc.b    0x4e, 0x51, 0x51, 0x58, 0x59, 0x57, 0x5d, 0x60, 0x5f, 0x61, 0x61, 0x62, 0x66, 0x63, 0x65, 0x63
    dc.b    0x62, 0x63, 0x60, 0x60, 0x5d, 0x59, 0x5a, 0x58, 0x50, 0x4d, 0x4a, 0x46, 0x43, 0x41, 0x3d, 0x3b
    dc.b    0x38, 0x33, 0x30, 0x2c, 0x27, 0x24, 0x20, 0x17, 0x15, 0x16, 0x0e, 0x0a, 0x01, 0xfe, 0xfc, 0xf1
    dc.b    0xef, 0xe7, 0xdf, 0xdd, 0xd5, 0xd1, 0xcf, 0xc5, 0xc4, 0xbe, 0xb8, 0xb4, 0xb1, 0xad, 0xa6, 0xa1
    dc.b    0xa1, 0xa0, 0x9d, 0x99, 0x9b, 0x95, 0x95, 0x97, 0x95, 0x95, 0x95, 0x98, 0x99, 0x9c, 0x9d, 0x9f
    dc.b    0xa4, 0xa6, 0xa7, 0xa9, 0xae, 0xaf, 0xb6, 0xba, 0xbc, 0xc0, 0xc5, 0xc6, 0xcf, 0xd1, 0xd4, 0xdd
    dc.b    0xdd, 0xe1, 0xe6, 0xea, 0xec, 0xf2, 0xf3, 0xf8, 0xfb, 0xfe, 0xff, 0x07, 0x07, 0x0a, 0x10, 0x11
    dc.b    0x13, 0x18, 0x17, 0x1a, 0x20, 0x23, 0x22, 0x25, 0x2a, 0x2a, 0x2e, 0x32, 0x30, 0x36, 0x34, 0x39
    dc.b    0x3a, 0x3d, 0x3d, 0x3f, 0x3f, 0x42, 0x41, 0x45, 0x47, 0x46, 0x49, 0x49, 0x4c, 0x4b, 0x4f, 0x4e
    dc.b    0x4e, 0x50, 0x51, 0x51, 0x52, 0x53, 0x53, 0x52, 0x53, 0x52, 0x50, 0x53, 0x4f, 0x4e, 0x4b, 0x49
    dc.b    0x48, 0x48, 0x44, 0x44, 0x40, 0x3c, 0x3b, 0x3a, 0x36, 0x33, 0x30, 0x2e, 0x2b, 0x28, 0x26, 0x22
    dc.b    0x1e, 0x1a, 0x1a, 0x14, 0x14, 0x0d, 0x09, 0x05, 0x02, 0x00, 0xfe, 0xf5, 0xf4, 0xf0, 0xe9, 0xe6
    dc.b    0xe1, 0xdd, 0xd8, 0xd5, 0xd0, 0xc8, 0xc8, 0xc3, 0xba, 0xb9, 0xb4, 0xaf, 0xad, 0xaa, 0xa5, 0xa3
    dc.b    0xa0, 0x9e, 0x9a, 0x97, 0x91, 0x91, 0x90, 0x8e, 0x8e, 0x8d, 0x8c, 0x8e, 0x8e, 0x8f, 0x90, 0x93
    dc.b    0x94, 0x97, 0x98, 0x9c, 0xa0, 0xa3, 0xa7, 0xaa, 0xae, 0xb1, 0xb6, 0xb7, 0xbe, 0xc2, 0xc5, 0xca
    dc.b    0xcd, 0xd1, 0xd5, 0xd8, 0xdc, 0xe1, 0xe2, 0xe5, 0xec, 0xf0, 0xf2, 0xf6, 0xf8, 0xfc, 0xfe, 0x05
    dc.b    0x05, 0x08, 0x0c, 0x0e, 0x15, 0x13, 0x19, 0x1e, 0x1a, 0x20, 0x25, 0x26, 0x2b, 0x30, 0x31, 0x39
    dc.b    0x39, 0x37, 0x3e, 0x43, 0x42, 0x48, 0x4e, 0x4b, 0x4e, 0x53, 0x55, 0x57, 0x5d, 0x5f, 0x5e, 0x63
    dc.b    0x64, 0x68, 0x68, 0x6c, 0x6c, 0x6c, 0x6d, 0x6c, 0x6b, 0x6b, 0x69, 0x67, 0x64, 0x61, 0x5f, 0x5c
    dc.b    0x59, 0x56, 0x53, 0x4f, 0x4c, 0x4a, 0x45, 0x42, 0x40, 0x37, 0x37, 0x33, 0x31, 0x2b, 0x29, 0x24
    dc.b    0x20, 0x1c, 0x1b, 0x13, 0x13, 0x0c, 0x0a, 0x0a, 0x03, 0x00, 0xfe, 0xf5, 0xf6, 0xf1, 0xec, 0xed
    dc.b    0xe8, 0xe0, 0xe0, 0xdb, 0xda, 0xd2, 0xd2, 0xcd, 0xcc, 0xc5, 0xc7, 0xc4, 0xc1, 0xbf, 0xbd, 0xb9
    dc.b    0xb8, 0xb7, 0xb4, 0xb3, 0xb2, 0xb2, 0xaf, 0xad, 0xb1, 0xab, 0xab, 0xac, 0xab, 0xac, 0xaa, 0xac
    dc.b    0xa6, 0xa8, 0xaa, 0xa9, 0xaa, 0xa9, 0xa9, 0xaf, 0xb1, 0xad, 0xb2, 0xb6, 0xb4, 0xb3, 0xb7, 0xb7
    dc.b    0xbb, 0xc1, 0xbf, 0xc4, 0xc9, 0xc9, 0xcb, 0xce, 0xd2, 0xd4, 0xd5, 0xdb, 0xdb, 0xdb, 0xe0, 0xe3
    dc.b    0xe4, 0xea, 0xe8, 0xe7, 0xf0, 0xef, 0xf2, 0xf6, 0xf4, 0xf4, 0xfc, 0xf8, 0xff, 0x00, 0x03, 0x04
    dc.b    0x03, 0x0a, 0x03, 0x0b, 0x10, 0x09, 0x0e, 0x10, 0x0e, 0x12, 0x17, 0x15, 0x19, 0x1a, 0x17, 0x1e
    dc.b    0x1f, 0x21, 0x25, 0x26, 0x25, 0x26, 0x2d, 0x2c, 0x2f, 0x30, 0x37, 0x35, 0x37, 0x39, 0x3e, 0x3d
    dc.b    0x3f, 0x43, 0x46, 0x42, 0x47, 0x49, 0x4a, 0x4b, 0x50, 0x51, 0x4e, 0x51, 0x52, 0x55, 0x4e, 0x50
    dc.b    0x50, 0x52, 0x4e, 0x51, 0x4e, 0x51, 0x4e, 0x50, 0x50, 0x4d, 0x4c, 0x4c, 0x4b, 0x48, 0x46, 0x46
    dc.b    0x3f, 0x3d, 0x40, 0x3d, 0x36, 0x33, 0x31, 0x2a, 0x29, 0x26, 0x20, 0x1f, 0x18, 0x17, 0x18, 0x11
    dc.b    0x10, 0x08, 0x06, 0x04, 0x01, 0xf9, 0xfa, 0xf5, 0xf4, 0xf4, 0xee, 0xee, 0xe9, 0xe7, 0xe9, 0xe2
    dc.b    0xe5, 0xe4, 0xe6, 0xe2, 0xde, 0xe3, 0xdf, 0xe1, 0xe0, 0xde, 0xe2, 0xe1, 0xe3, 0xdf, 0xe1, 0xdf
    dc.b    0xe4, 0xe3, 0xe6, 0xe4, 0xe7, 0xe8, 0xe7, 0xe8, 0xec, 0xea, 0xef, 0xee, 0xea, 0xec, 0xef, 0xea
    dc.b    0xee, 0xee, 0xe8, 0xed, 0xe6, 0xe8, 0xe6, 0xe4, 0xe4, 0xe1, 0xde, 0xdb, 0xdb, 0xd8, 0xd7, 0xd2
    dc.b    0xd6, 0xd1, 0xcc, 0xcc, 0xcc, 0xcd, 0xca, 0xc7, 0xc9, 0xcb, 0xc5, 0xc7, 0xc7, 0xcb, 0xcd, 0xcb
    dc.b    0xce, 0xcf, 0xd4, 0xd5, 0xd8, 0xdd, 0xdd, 0xdd, 0xe4, 0xe3, 0xe2, 0xeb, 0xe7, 0xef, 0xee, 0xf2
    dc.b    0xf4, 0xf9, 0xf8, 0xfc, 0xfe, 0x00, 0x04, 0x07, 0x07, 0x0a, 0x0b, 0x0e, 0x0d, 0x0e, 0x13, 0x13
    dc.b    0x12, 0x13, 0x14, 0x14, 0x14, 0x15, 0x17, 0x14, 0x14, 0x15, 0x13, 0x14, 0x12, 0x12, 0x13, 0x10
    dc.b    0x0f, 0x10, 0x0d, 0x0f, 0x0d, 0x0b, 0x0c, 0x09, 0x07, 0x08, 0x08, 0x05, 0x03, 0x05, 0x01, 0x01
    dc.b    0x03, 0x03, 0x02, 0xff, 0x03, 0x01, 0x02, 0x02, 0x02, 0x02, 0x04, 0x03, 0x03, 0x06, 0x06, 0x06
    dc.b    0x07, 0x09, 0x08, 0x0a, 0x0e, 0x0d, 0x0c, 0x10, 0x0f, 0x12, 0x11, 0x10, 0x13, 0x12, 0x12, 0x14
    dc.b    0x13, 0x12, 0x13, 0x14, 0x11, 0x11, 0x12, 0x10, 0x10, 0x0f, 0x0e, 0x0d, 0x0d, 0x0b, 0x0b, 0x08
    dc.b    0x09, 0x07, 0x05, 0x06, 0x02, 0x02, 0x01, 0xff, 0xfe, 0x00, 0xfc, 0xfc, 0xfc, 0xfa, 0xfa, 0xfa
    dc.b    0xf7, 0xf6, 0xf7, 0xf6, 0xf5, 0xf6, 0xf5, 0xf4, 0xf5, 0xf5, 0xf4, 0xf5, 0xf6, 0xf4, 0xf5, 0xf7
    dc.b    0xf6, 0xf7, 0xf9, 0xf7, 0xfa, 0xfa, 0xfa, 0xfc, 0xfd, 0xfd, 0xff, 0xfe, 0xff, 0x00, 0x00, 0x01
    dc.b    0x03, 0x02, 0x04, 0x04, 0x05, 0x04, 0x05, 0x05, 0x07, 0x05, 0x05, 0x06, 0x05, 0x05, 0x05, 0x05
    dc.b    0x05, 0x05, 0x04, 0x04, 0x04, 0x03, 0x03, 0x02, 0x02, 0x01, 0x01, 0x01, 0x00, 0xff, 0xff, 0xfe
    dc.b    0xfd, 0xfd, 0xfc, 0xfc, 0xfb, 0xfb, 0xfa, 0xfa, 0xfa, 0xf9, 0xf9, 0xfa, 0xf8, 0xf9, 0xf9, 0xf9
    dc.b    0xf9, 0xf9, 0xf9, 0xfa, 0xf9, 0xf9, 0xf9, 0xf9, 0xf9, 0xf9, 0xf9, 0xf9, 0xf9, 0xf9, 0xf9, 0xf9
    dc.b    0xf9, 0xf9, 0xf9, 0xf9, 0xf9, 0xf9, 0xfa, 0xfa, 0xfa, 0xfa, 0xfa, 0xfa, 0xfa, 0xfa, 0xfa, 0xfa
    dc.b    0xfa, 0xfa, 0xfa, 0xfa, 0xfa, 0xfa, 0xfa, 0xfa, 0xfa, 0xfa, 0xfa, 0xfa, 0xfa, 0xfa, 0xfa, 0xfa
    dc.b    0xfa, 0xfa, 0xfa, 0xfa, 0xfa, 0xfa, 0xfa, 0xfa, 0xfa, 0xfa, 0xfb, 0xfb, 0xfb, 0xfb, 0xfb, 0xfb
    dc.b    0xfb, 0xfb, 0xfb, 0xfb, 0xfb, 0xfb, 0xfb, 0xfb, 0xfb, 0xfb, 0xfb, 0xfb, 0xfb, 0xfb, 0xfb, 0xfb
    dc.b    0xfb, 0xfb, 0xfb, 0xfb, 0xfb, 0xfb, 0xfb, 0xfb, 0xfb, 0xfb, 0xfb, 0xfb, 0xfb, 0xfb, 0xfc, 0xfc
    dc.b    0xfc, 0xfc, 0xfc, 0xfc, 0xfc, 0xfc, 0xfc, 0xfc, 0xfc, 0xfc, 0xfc, 0xfc, 0xfc, 0xfc, 0xfc, 0xfc
    dc.b    0xfc, 0xfc, 0xfc, 0xfc, 0xfc, 0xfc, 0xfc, 0xfc, 0xfc, 0xfc, 0xfc, 0xfc, 0xfc, 0xfc, 0xfc, 0xfc
    dc.b    0xfc, 0xfc, 0xfd, 0xfd, 0xfd, 0xfd, 0xfd, 0xfd, 0xfd, 0xfd, 0xfd, 0xfd, 0xfd, 0xfd, 0xfd, 0xfd
    dc.b    0xfd, 0xfd, 0xfd, 0xfd, 0xfd, 0xfd, 0xfd, 0xfd, 0xfd, 0xfd, 0xfd, 0xfd, 0xfd, 0xfd, 0xfd, 0xfd
    dc.b    0xfd, 0xfd, 0xfd, 0xfd, 0xfd, 0xfd, 0xfe, 0xfe, 0xfe, 0xfe, 0xfe, 0xfe, 0xfe, 0xfe, 0xfe, 0xfe
    dc.b    0xfe, 0xfe, 0xfe, 0xfe, 0xfe, 0xfe, 0xfe, 0xfe, 0xfe, 0xfe, 0xfe, 0xfe, 0xfe, 0xfe, 0xfe, 0xfe
    dc.b    0xfe, 0xfe, 0xfe, 0xfe, 0xfe, 0xfe, 0xfe, 0xfe, 0xfe, 0xfe, 0xff, 0xff, 0xff, 0xff, 0xff, 0xff
    dc.b    0xff, 0xff, 0xff, 0xff, 0xff, 0xff, 0xff, 0xff, 0xff, 0xff, 0xff, 0xff, 0xff, 0xff, 0xff, 0xff
    dc.b    0xff, 0xff, 0xff, 0xff, 0xff, 0xff, 0xff, 0xff, 0xff, 0xff, 0xff, 0xff, 0xff, 0xff, 0x00, 0x00
    dc.b    0x00, 0x00, 0x00, 0x00, 0x00, 0x00, 0x00, 0x00, 0x00, 0x00, 0x00, 0x00, 0x00, 0x00, 0x00, 0x00
    dc.b    0x00, 0xff, 0xfd, 0xfc, 0xfd, 0xfa, 0xf5, 0xf9, 0x04, 0x20, 0xee, 0xd8, 0x16, 0x08, 0xff, 0x03
    dc.b    0x19, 0xe7, 0xf3, 0x00, 0xf5, 0x08, 0x09, 0xfa, 0x07, 0x12, 0xda, 0xfd, 0x22, 0xfc, 0xfb, 0x10
    dc.b    0x15, 0x01, 0x19, 0x14, 0x07, 0x16, 0x1b, 0x19, 0x11, 0x12, 0x17, 0x0c, 0x0e, 0x0e, 0x0e, 0xff
    dc.b    0x06, 0x03, 0xf8, 0xf5, 0xee, 0xf1, 0xeb, 0xe7, 0xd4, 0xd4, 0xe5, 0xe3, 0xd5, 0xc3, 0xc9, 0xc8
    dc.b    0xd2, 0xd7, 0xca, 0xc2, 0xcf, 0xc5, 0xbb, 0xc1, 0xc5, 0xca, 0xd1, 0xd5, 0xe0, 0xe5, 0xe6, 0xf4
    dc.b    0xff, 0xf6, 0xe8, 0xeb, 0xf7, 0xfc, 0x01, 0x18, 0x1a, 0x10, 0x23, 0x2c, 0x2d, 0x49, 0x44, 0x44
    dc.b    0x4f, 0x37, 0x4f, 0x55, 0x58, 0x4b, 0x4d, 0x4e, 0x53, 0x53, 0x45, 0x4f, 0x4a, 0x4f, 0x4b, 0x2f
    dc.b    0x45, 0x38, 0x41, 0x41, 0x41, 0x42, 0x3f, 0x3a, 0x1c, 0x16, 0x19, 0x17, 0x12, 0x14, 0x0e, 0x0d
    dc.b    0x06, 0xf9, 0xf2, 0xee, 0xdb, 0xe2, 0xd2, 0xc4, 0xca, 0xc5, 0xa5, 0xb0, 0xab, 0xac, 0xba, 0xc7
    dc.b    0xd3, 0xdc, 0xd5, 0xb6, 0xb6, 0xb1, 0xa3, 0x8f, 0x84, 0x81, 0x82, 0x90, 0x86, 0x91, 0xa4, 0xa1
    dc.b    0xaa, 0xb5, 0xd1, 0xdb, 0xd8, 0xd6, 0xd3, 0xc7, 0xc7, 0xc4, 0xbb, 0xb7, 0xb8, 0xb7, 0xbc, 0xcd
    dc.b    0xe2, 0xf5, 0xf8, 0x00, 0x01, 0x01, 0xf8, 0x00, 0x09, 0xfa, 0xfc, 0x1b, 0x25, 0x27, 0x2a, 0x2e
    dc.b    0x2f, 0x39, 0x3a, 0x30, 0x28, 0x36, 0x3a, 0x39, 0x50, 0x57, 0x5b, 0x5f, 0x63, 0x70, 0x72, 0x78
    dc.b    0x6e, 0x5b, 0x55, 0x57, 0x57, 0x57, 0x4e, 0x48, 0x52, 0x51, 0x55, 0x68, 0x6e, 0x74, 0x5f, 0x49
    dc.b    0x4a, 0x48, 0x44, 0x46, 0x3c, 0x26, 0x29, 0x1b, 0x17, 0x24, 0x21, 0x1c, 0x17, 0x0d, 0x0e, 0x20
    dc.b    0x21, 0x28, 0x2a, 0x1e, 0x13, 0x06, 0xf4, 0xeb, 0xdc, 0xc9, 0xcc, 0xd5, 0xd2, 0xe0, 0xd4, 0xd7
    dc.b    0xca, 0xb7, 0xb0, 0xb9, 0xc0, 0xb8, 0xb4, 0x98, 0xb0, 0xa6, 0xac, 0xac, 0xb3, 0xb0, 0xaf, 0xaa
    dc.b    0x8c, 0xa8, 0x9f, 0x93, 0x97, 0x9f, 0xa3, 0xac, 0xa4, 0xb0, 0xb7, 0xa4, 0xbd, 0xad, 0xa7, 0xb2
    dc.b    0xab, 0xa5, 0xad, 0xba, 0xbc, 0xcf, 0xc7, 0xce, 0xd7, 0xdc, 0xd9, 0xe2, 0xee, 0xf0, 0xf3, 0xe9
    dc.b    0xee, 0xfb, 0xfb, 0xdb, 0xe4, 0xec, 0xf5, 0xfe, 0xfa, 0x16, 0x16, 0x1a, 0x1f, 0x22, 0x20, 0x3d
    dc.b    0x3a, 0x32, 0x31, 0x20, 0x3d, 0x2f, 0x28, 0x36, 0x35, 0x26, 0x30, 0x35, 0x30, 0x43, 0x43, 0x4b
    dc.b    0x64, 0x5d, 0x5f, 0x45, 0x4b, 0x52, 0x54, 0x57, 0x47, 0x4c, 0x48, 0x47, 0x48, 0x4a, 0x40, 0x40
    dc.b    0x32, 0x31, 0x3f, 0x34, 0x41, 0x3a, 0x35, 0x4d, 0x44, 0x3c, 0x3e, 0x38, 0x46, 0x4d, 0x2e, 0x31
    dc.b    0x29, 0x1c, 0x09, 0x00, 0x01, 0x08, 0x03, 0xf2, 0x04, 0x10, 0x17, 0x12, 0x0d, 0x08, 0x0c, 0xfc
    dc.b    0xf9, 0x02, 0xf3, 0xfa, 0xef, 0xd3, 0xe2, 0xec, 0xe2, 0xdc, 0xe0, 0xed, 0xf0, 0xee, 0xee, 0xed
    dc.b    0xdf, 0xe6, 0xda, 0xde, 0xe2, 0xef, 0xeb, 0xe3, 0xe7, 0xec, 0xdf, 0xe9, 0xd6, 0xd0, 0xda, 0xe5
    dc.b    0xef, 0xf3, 0xef, 0xf1, 0xe1, 0xe0, 0xef, 0xe0, 0xe9, 0xd7, 0xdb, 0xe1, 0xdf, 0xdf, 0xdf, 0xe0
    dc.b    0xd5, 0xd8, 0xc8, 0xd2, 0xe2, 0xe9, 0xdf, 0xcc, 0xdf, 0xe8, 0xe4, 0xd1, 0xd6, 0xdb, 0xd2, 0xcc
    dc.b    0xc7, 0xd2, 0xd4, 0xc4, 0xc2, 0xd2, 0xe4, 0xe8, 0xdd, 0xc8, 0xd2, 0xd2, 0xd6, 0xc9, 0xda, 0xe8
    dc.b    0xd9, 0xd7, 0xcf, 0xdd, 0xe6, 0xe8, 0xd6, 0xd2, 0xdb, 0xe8, 0xed, 0xe1, 0xeb, 0xe4, 0xea, 0xe7
    dc.b    0xe6, 0xe1, 0xed, 0xf4, 0xe4, 0xec, 0xed, 0xfc, 0xed, 0xe2, 0xf5, 0xee, 0x09, 0x0a, 0x0f, 0x05
    dc.b    0x1f, 0x0c, 0x07, 0x07, 0xff, 0x22, 0xfe, 0x1c, 0x0c, 0x25, 0x1c, 0x1b, 0x24, 0x25, 0x2e, 0x27
    dc.b    0x36, 0x21, 0x42, 0x40, 0x2e, 0x48, 0x31, 0x40, 0x33, 0x41, 0x27, 0x33, 0x48, 0x4d, 0x46, 0x4c
    dc.b    0x5c, 0x4b, 0x5a, 0x50, 0x4d, 0x45, 0x3d, 0x5d, 0x46, 0x53, 0x50, 0x51, 0x54, 0x4a, 0x4f, 0x41
    dc.b    0x4b, 0x31, 0x44, 0x3c, 0x45, 0x4b, 0x24, 0x4b, 0x43, 0x50, 0x1a, 0x35, 0x24, 0x2e, 0x17, 0x19
    dc.b    0x37, 0x1b, 0x4a, 0x16, 0x17, 0x13, 0x24, 0x1b, 0x0d, 0x00, 0xfb, 0xf9, 0xef, 0x06, 0xf1, 0xfd
    dc.b    0xfe, 0xf5, 0xf0, 0xe1, 0xf0, 0xf4, 0xec, 0xe5, 0xe0, 0xe0, 0xe8, 0xe3, 0xc8, 0xc7, 0xc3, 0xb9
    dc.b    0xb7, 0xb8, 0xd5, 0xb8, 0xbb, 0xbd, 0xca, 0xd7, 0xd9, 0xd7, 0xc5, 0xd8, 0xa9, 0xaf, 0x9f, 0xaa
    dc.b    0xaa, 0xa1, 0x9f, 0xa0, 0xb1, 0xc8, 0xc7, 0xb4, 0xc8, 0xc6, 0xc1, 0xc4, 0xc1, 0xcc, 0xbd, 0xbf
    dc.b    0xab, 0xc1, 0xc9, 0xc7, 0xbc, 0xbd, 0xdf, 0xd9, 0xce, 0xcf, 0xdb, 0xdf, 0xed, 0xe8, 0xdb, 0xd0
    dc.b    0xe6, 0xe6, 0xe3, 0xdd, 0xef, 0xfb, 0xf1, 0xff, 0x02, 0x02, 0x05, 0x0f, 0xf7, 0x06, 0x07, 0x0e
    dc.b    0xf8, 0x0b, 0x15, 0x04, 0x0a, 0xfe, 0x09, 0x16, 0x23, 0x26, 0x30, 0x32, 0x30, 0x22, 0x1d, 0x24
    dc.b    0x23, 0x27, 0x2c, 0x20, 0x22, 0x1d, 0x19, 0x27, 0x1d, 0x2a, 0x32, 0x31, 0x36, 0x35, 0x34, 0x3b
    dc.b    0x23, 0x37, 0x2f, 0x19, 0x21, 0x24, 0x18, 0x22, 0x25, 0x2a, 0x27, 0x26, 0x27, 0x23, 0x29, 0x33
    dc.b    0x27, 0x1f, 0x2d, 0x24, 0x2d, 0x09, 0x19, 0x19, 0x0c, 0x0f, 0x10, 0x27, 0x1b, 0x2d, 0x14, 0x27
    dc.b    0x0e, 0x17, 0x14, 0x03, 0x17, 0x01, 0xfe, 0x08, 0x0a, 0xfa, 0x07, 0xe8, 0xfb, 0xef, 0xf3, 0x0d
    dc.b    0xfa, 0x11, 0xfd, 0x03, 0xfe, 0xfc, 0xf1, 0xfd, 0xe9, 0xf7, 0xfe, 0xf4, 0xf8, 0xf1, 0xfb, 0xdf
    dc.b    0xe4, 0xed, 0xf6, 0xeb, 0xf9, 0xfe, 0xf6, 0xf6, 0xf4, 0xe9, 0xf6, 0xfa, 0xfd, 0xf7, 0xf5, 0xf7
    dc.b    0xed, 0xe1, 0xe9, 0xf6, 0xe1, 0xf9, 0xf1, 0x02, 0xde, 0x0d, 0x03, 0xdf, 0xf2, 0xeb, 0x00, 0xe0
    dc.b    0xfd, 0xe5, 0xe9, 0xf6, 0xf9, 0x03, 0xeb, 0x01, 0xee, 0xef, 0xe8, 0xfa, 0x0a, 0x06, 0x18, 0xfe
    dc.b    0x0a, 0x06, 0x11, 0x03, 0xf0, 0xf2, 0xe6, 0xf3, 0xf7, 0xfa, 0xed, 0x00, 0x09, 0x06, 0x14, 0x01
    dc.b    0x0e, 0x0a, 0x00, 0xfe, 0xff, 0x0b, 0x11, 0x08, 0x00, 0xff, 0xf1, 0x03, 0xf0, 0xe3, 0xfb, 0xe5
    dc.b    0x01, 0x01, 0xfd, 0x0c, 0x07, 0xf1, 0x06, 0xf6, 0x04, 0x04, 0xfa, 0x07, 0x04, 0xfe, 0xf9, 0xf6
    dc.b    0xf2, 0xf3, 0x06, 0xfc, 0x08, 0x09, 0xf8, 0x06, 0xfb, 0x00, 0xf6, 0x05, 0x05, 0x0f, 0xf5, 0x07
    dc.b    0x01, 0x08, 0x03, 0xfe, 0x07, 0x00, 0x18, 0x0d, 0x0c, 0x12, 0x03, 0xf8, 0x02, 0xf8, 0xf7, 0xf9
    dc.b    0xfc, 0x03, 0x02, 0xfd, 0x08, 0x08, 0xf8, 0x0b, 0x04, 0x0b, 0xf7, 0xff, 0xf1, 0xfd, 0xfc, 0xf4
    dc.b    0x02, 0x08, 0x0b, 0xfd, 0x08, 0xf5, 0x0d, 0xfc, 0x00, 0x06, 0x03, 0x05, 0xfc, 0xf8, 0x05, 0xff
    dc.b    0xf6, 0x00, 0xf4, 0x0a, 0x0d, 0x0c, 0x04, 0xf9, 0x05, 0x06, 0x09, 0x06, 0x00, 0x09, 0x02, 0xf9
    dc.b    0x0c, 0x07, 0x08, 0x03, 0xf8, 0x06, 0x0b, 0x02, 0x11, 0x0a, 0x02, 0xfe, 0xff, 0x02, 0x11, 0x12
    dc.b    0x04, 0x03, 0x03, 0xf9, 0x10, 0xfa, 0x02, 0xef, 0xf5, 0xff, 0xfe, 0x08, 0xf1, 0x0e, 0x01, 0x0b
    dc.b    0x0c, 0x0b, 0x03, 0x0b, 0x03, 0xf7, 0x0b, 0xef, 0x11, 0x02, 0xfe, 0x05, 0xfc, 0x00, 0x02, 0xef
    dc.b    0xf8, 0xfe, 0x03, 0xfe, 0xfc, 0xf1, 0x0c, 0x0b, 0x0c, 0x0c, 0xfe, 0x03, 0xfb, 0xf4, 0xfe, 0x0c
    dc.b    0xf4, 0x02, 0xf1, 0xfd, 0x0f, 0xff, 0x10, 0xf6, 0x09, 0x0c, 0xfb, 0x04, 0x0a, 0xf2, 0x0f, 0x03
    dc.b    0xfa, 0x16, 0xfb, 0x16, 0x12, 0xf7, 0x07, 0xff, 0xf3, 0x11, 0xfe, 0x00, 0x01, 0x00, 0x07, 0xf7
    dc.b    0xea, 0xfc, 0x04, 0xe8, 0xfd, 0xf6, 0x04, 0xfd, 0xfd, 0x09, 0xff, 0x10, 0x08, 0xfb, 0xf8, 0xf5
    dc.b    0xf7, 0x05, 0xf5, 0xf9, 0x0c, 0xd8, 0x04, 0x11, 0x06, 0x08, 0xec, 0xf8, 0xf6, 0xf8, 0x08, 0x0b
    dc.b    0xf0, 0x0c, 0xe9, 0xf8, 0x09, 0xed, 0xf9, 0x09, 0x0f, 0x06, 0xf3, 0x09, 0x00, 0xff, 0xf8, 0x07
    dc.b    0xfd, 0x07, 0x02, 0x03, 0xf6, 0xfd, 0x02, 0xf0, 0xf1, 0x04, 0xff, 0xf7, 0x10, 0xfc, 0xff, 0x09
    dc.b    0x03, 0x0a, 0xfc, 0x05, 0x17, 0xe6, 0xe7, 0x06, 0x02, 0xef, 0x1d, 0xeb, 0xfd, 0x08, 0x04, 0x0c
    dc.b    0x07, 0x09, 0x06, 0x0e, 0xf8, 0x17, 0x0f, 0xfe, 0x08, 0xf2, 0xf5, 0xf8, 0xfa, 0x07, 0x03, 0x00
    dc.b    0xf7, 0x02, 0xff, 0x1d, 0x0f, 0xf7, 0xfb, 0x09, 0x01, 0xfe, 0x0c, 0xfc, 0xf6, 0x0c, 0xfa, 0xf5
    dc.b    0xf9, 0x07, 0xfd, 0xf5, 0xfc, 0x03, 0x07, 0xf6, 0x14, 0x0c, 0xfb, 0x16, 0x13, 0x06, 0x05, 0x09
    dc.b    0xec, 0xf4, 0xef, 0xfb, 0x02, 0xea, 0x07, 0x03, 0xfd, 0x05, 0x0a, 0x04, 0x05, 0x18, 0xfc, 0x05
    dc.b    0xfd, 0x07, 0xf5, 0x0a, 0x07, 0x10, 0xf5, 0xef, 0xfb, 0xf1, 0x10, 0x07, 0xf7, 0xf3, 0x08, 0x04
    dc.b    0x04, 0x03, 0xf9, 0x0c, 0x06, 0xf9, 0xfe, 0x0d, 0xf8, 0x11, 0x01, 0xf8, 0x04, 0x01, 0x09, 0x02
    dc.b    0x00, 0x02, 0x02, 0xf7, 0x0c, 0x0b, 0xfb, 0x03, 0xf9, 0x00, 0x05, 0x06, 0x03, 0xf5, 0x09, 0x0a
    dc.b    0x03, 0xf9, 0xf1, 0xec, 0x07, 0xfd, 0xef, 0xf9, 0xf2, 0x0f, 0x02, 0xfa, 0x05, 0x0b, 0xfb, 0x0e
    dc.b    0xf9, 0xfa, 0x08, 0xf8, 0x08, 0xfc, 0xf6, 0x04, 0xf7, 0xfa, 0x0a, 0x01, 0xfd, 0x04, 0x07, 0x05
    dc.b    0x02, 0xf3, 0x08, 0xef, 0xff, 0xff, 0xfe, 0xfc, 0xf3, 0x0e, 0x08, 0x17, 0xe5, 0x01, 0x01, 0x01
    dc.b    0xf4, 0xff, 0xfa, 0xf5, 0x12, 0xe2, 0xfd, 0x00, 0xfc, 0xfe, 0x01, 0xfe, 0xfc, 0xf9, 0x0e, 0xf4
    dc.b    0xfc, 0xfc, 0xfe, 0xfd, 0xfc, 0x17, 0xe9, 0xfc, 0xf7, 0x03, 0xf7, 0x11, 0x04, 0xf2, 0xfb, 0xe8
    dc.b    0xf2, 0xf3, 0xf9, 0xf2, 0x00, 0xf6, 0xf4, 0x05, 0xec, 0x0f, 0x17, 0xfb, 0xfd, 0x0b, 0xfc, 0xff
    dc.b    0xf6, 0xee, 0x05, 0xf2, 0xff, 0x03, 0xf4, 0xfd, 0xf9, 0xef, 0xff, 0x04, 0xf2, 0xf1, 0xf1, 0xf5
    dc.b    0x07, 0xfc, 0x00, 0x04, 0x08, 0x02, 0x07, 0x00, 0xfb, 0xfb, 0xfe, 0xef, 0xfa, 0xf7, 0xfe, 0x01
    dc.b    0xf4, 0x00, 0x01, 0xf9, 0xf0, 0xfc, 0xf0, 0x02, 0x0e, 0xff, 0x00, 0xfd, 0xf4, 0xf8, 0x00, 0xf9
    dc.b    0x0b, 0x02, 0xfb, 0xff, 0xfe, 0xfa, 0x0a, 0xfb, 0xf7, 0x0b, 0xea, 0xf7, 0xf8, 0xed, 0xf9, 0xfa
    dc.b    0xea, 0xee, 0xf6, 0xfa, 0x0a, 0xfa, 0xf4, 0x09, 0x05, 0xf7, 0x04, 0xfe, 0xf5, 0x00, 0xf2, 0xff
    dc.b    0x0a, 0x00, 0x05, 0x04, 0xe7, 0xfa, 0xfa, 0xfa, 0xf9, 0xf7, 0x02, 0xf3, 0xed, 0xed, 0x06, 0xfb
    dc.b    0xf8, 0x0b, 0x06, 0xfe, 0xfd, 0xfd, 0xf6, 0x0e, 0x02, 0xfa, 0x05, 0xfa, 0x03, 0x01, 0xfe, 0xff
    dc.b    0xff, 0xff, 0xfe, 0xf7, 0xff, 0x06, 0xf8, 0xf7, 0xfd, 0xfc, 0x00, 0xf9, 0x15, 0xf4, 0x00, 0xff
    dc.b    0xf5, 0xfb, 0xfa, 0xff, 0xfb, 0xf8, 0xf6, 0x2a, 0xf4, 0xfe, 0x0d, 0xf3, 0x1e, 0xf2, 0xfe, 0xfa
    dc.b    0x12, 0xfd, 0x00, 0xed, 0xf7, 0x11, 0xf8, 0xf6, 0xf9, 0xf5, 0xf3, 0xfe, 0xf8, 0x04, 0xfe, 0xf9
    dc.b    0xfd, 0x07, 0xed, 0x05, 0x09, 0xf4, 0xf2, 0x00, 0xde, 0xf1, 0xf4, 0xf4, 0xfb, 0xf5, 0xfa, 0xfa
    dc.b    0x00, 0x03, 0xfd, 0xf9, 0x02, 0x03, 0x02, 0xfd, 0x08, 0x07, 0x02, 0x0e, 0xf5, 0xf4, 0xfb, 0xef
    dc.b    0x05, 0xfd, 0xf6, 0x05, 0x02, 0xeb, 0x03, 0xfb, 0xfe, 0x0d, 0xf5, 0x02, 0x03, 0x06, 0xfa, 0x04
    dc.b    0xf8, 0xfe, 0xfb, 0xf9, 0x02, 0xf9, 0x00, 0xf6, 0xf9, 0xf6, 0x04, 0x05, 0xf8, 0x09, 0xf7, 0xfe
    dc.b    0x0d, 0x06, 0xfb, 0x04, 0xf1, 0xfb, 0xef, 0xf4, 0x03, 0xfa, 0xf9, 0x06, 0x04, 0xfb, 0x03, 0xff
    dc.b    0xfc, 0x11, 0x10, 0xf3, 0x04, 0x02, 0x10, 0xf8, 0xff, 0xf9, 0xfe, 0xf4, 0x03, 0x13, 0x00, 0x14
    dc.b    0x0c, 0x06, 0xee, 0x19, 0xf1, 0xfc, 0xfa, 0x07, 0x05, 0x04, 0xfb, 0xf5, 0x01, 0xeb, 0x04, 0xf4
    dc.b    0xf8, 0x00, 0x08, 0xf5, 0x04, 0xfb, 0x03, 0x15, 0xfe, 0x02, 0xf7, 0xf4, 0x0a, 0xfc, 0xfb, 0x17
    dc.b    0xfe, 0xfe, 0xfb, 0xf4, 0x04, 0x07, 0x01, 0xf4, 0x0f, 0xfe, 0xf1, 0xf8, 0x04, 0xff, 0x09, 0x01
    dc.b    0xfa, 0x05, 0x05, 0x07, 0x0a, 0x00, 0xfa, 0x00, 0xf5, 0x03, 0xfc, 0x03, 0x0a, 0x02, 0xed, 0x07
    dc.b    0x03, 0xfb, 0x02, 0xf7, 0x03, 0x04, 0x03, 0x13, 0x08, 0x04, 0xf8, 0x07, 0xd3, 0xf3, 0xfd, 0xfd
    dc.b    0xfb, 0xf4, 0xfb, 0xf8, 0x01, 0x04, 0xfd, 0xfe, 0x0f, 0x09, 0x0a, 0x07, 0x0f, 0x0f, 0xf5, 0x00
    dc.b    0xfa, 0x03, 0x12, 0xf6, 0xfb, 0x00, 0xf3, 0x0b, 0xf2, 0xf2, 0x0c, 0xef, 0xf2, 0xff, 0x02, 0xff
    dc.b    0xfb, 0xf9, 0xfb, 0xfa, 0x04, 0xfd, 0xf6, 0xed, 0x0b, 0x05, 0xf8, 0x03, 0x11, 0xf3, 0xf9, 0xfa
    dc.b    0xf0, 0xf5, 0x03, 0xfc, 0x02, 0x01, 0x09, 0x0f, 0x05, 0xf8, 0x10, 0xf5, 0xf9, 0x01, 0xf3, 0xf6
    dc.b    0x04, 0xf9, 0xf4, 0x0c, 0x00, 0x05, 0x04, 0xfb, 0x06, 0xf9, 0xf3, 0x08, 0xf4, 0x05, 0x0e, 0x01
    dc.b    0x00, 0x04, 0x04, 0x03, 0xfe, 0xf9, 0xf7, 0x03, 0xf9, 0xf2, 0x08, 0xf2, 0x07, 0xfb, 0xe9, 0x01
    dc.b    0xfe, 0xf5, 0xf2, 0xfa, 0xfa, 0x04, 0xf1, 0x09, 0x07, 0x0a, 0x06, 0xf6, 0xf0, 0xe6, 0x0c, 0xfe
    dc.b    0xf9, 0xff, 0xfd, 0xfc, 0xfb, 0xfe, 0xf2, 0xfb, 0xf4, 0x10, 0x06, 0x00, 0x0b, 0xfd, 0xe8, 0x03
    dc.b    0xfd, 0xf8, 0x09, 0x00, 0xee, 0x08, 0xff, 0xf1, 0xf4, 0x01, 0x09, 0xfb, 0x01, 0x01, 0x16, 0x00
    dc.b    0x05, 0x00, 0xe5, 0x16, 0xfc, 0xf1, 0xf7, 0x06, 0xfd, 0x0b, 0x04, 0x01, 0x07, 0x00, 0xfd, 0xee
    dc.b    0x01, 0x07, 0x04, 0xf4, 0xfa, 0x00, 0xfa, 0x03, 0xfe, 0xf5, 0xf7, 0x12, 0x0a, 0x0d, 0x03, 0x02
    dc.b    0x07, 0xf4, 0xf4, 0x07, 0x08, 0xfa, 0x02, 0xf8, 0xfb, 0x03, 0xfe, 0xf6, 0x04, 0xfe, 0x03, 0xfb
    dc.b    0x04, 0x00, 0x10, 0xfd, 0xea, 0x04, 0xf9, 0x04, 0xf3, 0xf8, 0xf0, 0xff, 0x04, 0x0b, 0xf0, 0x0a
    dc.b    0x14, 0x01, 0x04, 0xfe, 0x09, 0xfc, 0x0c, 0xfd, 0xf3, 0xfe, 0xec, 0xf5, 0xf6, 0x01, 0x06, 0x0e
    dc.b    0x05, 0x0f, 0x08, 0xff, 0x0b, 0xfa, 0xf5, 0xff, 0x02, 0xed, 0x03, 0xff, 0xf0, 0x07, 0xf0, 0xfd
    dc.b    0xff, 0xff, 0x06, 0xff, 0xfa, 0x14, 0x0a, 0x05, 0xfc, 0xfe, 0xf2, 0xfc, 0x08, 0xf3, 0x01, 0x02
    dc.b    0xee, 0x01, 0x02, 0xe6, 0xfe, 0xf8, 0xf6, 0xfa, 0x07, 0xf9, 0xfc, 0x03, 0x07, 0x0c, 0xfd, 0x0a
    dc.b    0xff, 0xfb, 0x07, 0x08, 0xf5, 0xfa, 0xff, 0xf1, 0xfc, 0xf6, 0xfe, 0xfe, 0x02, 0x09, 0x06, 0xf9
    dc.b    0x00, 0xff, 0xf5, 0xf3, 0x05, 0xf2, 0xf8, 0x09, 0xff, 0x00, 0xfb, 0xfc, 0xee, 0x10, 0xf9, 0xfc
    dc.b    0xf9, 0xfd, 0x01, 0xf5, 0xf0, 0x02, 0x00, 0x02, 0x14, 0xda, 0xf1, 0xfd, 0xfc, 0xf7, 0xfa, 0xee
    dc.b    0x02, 0x01, 0x03, 0xfc, 0x06, 0x03, 0x05, 0xfd, 0x09, 0x05, 0xf4, 0xff, 0xf5, 0xfe, 0xf6, 0x0c
    dc.b    0xf3, 0xfc, 0xff, 0x02, 0xf4, 0xfa, 0xff, 0xf9, 0x05, 0xf7, 0xf6, 0xfd, 0xf9, 0xff, 0xf6, 0xf1
    dc.b    0x0d, 0x04, 0xff, 0xfe, 0xfb, 0xff, 0xfa, 0xf3, 0xf3, 0xfa, 0xfb, 0x06, 0xfd, 0xf3, 0x0d, 0x05
    dc.b    0x00, 0x0b, 0xf4, 0xfe, 0xfa, 0xf6, 0xee, 0x01, 0xfb, 0xf8, 0xfb, 0xf6, 0xfc, 0xff, 0x05, 0xfe
    dc.b    0x19, 0x10, 0x07, 0x05, 0xf8, 0x01, 0x07, 0xf3, 0xf0, 0x02, 0x01, 0x08, 0x02, 0xf6, 0x07, 0x0e
    dc.b    0x04, 0x0a, 0xfe, 0x05, 0x0e, 0x02, 0x09, 0x02, 0x08, 0x13, 0x06, 0xf7, 0x05, 0x02, 0xfb, 0xf7
    dc.b    0xfd, 0xfd, 0xfd, 0x00, 0xfb, 0x01, 0xfc, 0x02, 0xff, 0x03, 0x0d, 0x0d, 0xfe, 0x0b, 0xfd, 0xf8
    dc.b    0x01, 0x04, 0xfa, 0xfb, 0x0e, 0x07, 0xff, 0x09, 0x02, 0x0b, 0xf4, 0xf1, 0xfe, 0xfd, 0x04, 0x0a
    dc.b    0x02, 0xfe, 0x0d, 0xff, 0x04, 0xfa, 0xf6, 0xf9, 0x06, 0xf8, 0xfb, 0x02, 0x02, 0x04, 0xff, 0xf8
    dc.b    0x04, 0x09, 0xf2, 0x00, 0xfb, 0x02, 0xf0, 0x03, 0xf5, 0xf6, 0xfc, 0xf5, 0xf6, 0xf5, 0x04, 0xf8
    dc.b    0xfa, 0xf4, 0x0c, 0xfa, 0xe7, 0xfa, 0xf5, 0x0b, 0xfb, 0x09, 0x00, 0xf3, 0xfc, 0xf7, 0xed, 0xe3
    dc.b    0x00, 0xf5, 0xf8, 0xfb, 0xf5, 0xf8, 0x01, 0xf3, 0xf3, 0x10, 0xf9, 0xfa, 0xf3, 0xf6, 0xfa, 0xf5
    dc.b    0xea, 0xf8, 0xf7, 0xf9, 0xff, 0xfb, 0xfd, 0xf7, 0xfe, 0xfd, 0x00, 0xf3, 0xf6, 0x00, 0x06, 0xe9
    dc.b    0xf7, 0xff, 0xfc, 0x06, 0xef, 0xfd, 0xf2, 0xff, 0xff, 0x08, 0xf5, 0x02, 0x00, 0x03, 0x03, 0xfa
    dc.b    0xfb, 0xee, 0xf9, 0xf7, 0x06, 0xfe, 0x00, 0xf3, 0xfd, 0xf8, 0x04, 0x07, 0xfc, 0x08, 0x00, 0x06
    dc.b    0x02, 0x02, 0x06, 0x01, 0xf8, 0xf1, 0x00, 0xf7, 0xf1, 0xf6, 0xf2, 0xfb, 0x01, 0x02, 0xff, 0xfa
    dc.b    0x02, 0x01, 0xfd, 0x01, 0x11, 0x04, 0x06, 0x0c, 0x02, 0xf2, 0xf8, 0x06, 0xfe, 0xf2, 0x0d, 0x06
    dc.b    0xed, 0xfe, 0x14, 0xf9, 0xfa, 0xfc, 0x0a, 0x05, 0x06, 0x00, 0x05, 0x09, 0x00, 0x03, 0x05, 0xfe
    dc.b    0xfd, 0x01, 0xfd, 0x02, 0xfe, 0xfb, 0x02, 0x01, 0x01, 0x00, 0x0a, 0x07, 0xfd, 0x08, 0x06, 0x05
    dc.b    0x04, 0x01, 0x04, 0xf1, 0xf1, 0x04, 0x04, 0xf6, 0xfe, 0xfb, 0x03, 0xf5, 0xf9, 0x15, 0x09, 0x0a
    dc.b    0x0f, 0x11, 0x05, 0x07, 0x02, 0xf9, 0xf9, 0xef, 0x09, 0xfd, 0x04, 0xfd, 0x05, 0xf9, 0x03, 0x02
    dc.b    0xff, 0x05, 0x0b, 0xff, 0xfc, 0x07, 0xfc, 0xff, 0x10, 0x03, 0xf9, 0xff, 0x05, 0x06, 0xfb, 0xf5
    dc.b    0xfd, 0xec, 0xfa, 0x09, 0xfd, 0xfd, 0xf9, 0xfc, 0x05, 0x08, 0x03, 0x07, 0xfb, 0x0a, 0x03, 0x02
    dc.b    0xf7, 0x04, 0x01, 0xfd, 0x0a, 0xff, 0xf8, 0xf8, 0x11, 0xf8, 0x02, 0x0b, 0x04, 0x07, 0xfd, 0x02
    dc.b    0x03, 0xf0, 0xfb, 0x04, 0xf5, 0xfc, 0xfa, 0xfd, 0xfc, 0x07, 0x06, 0xfc, 0xfd, 0x04, 0x08, 0x07
    dc.b    0x07, 0xff, 0x02, 0x04, 0x0a, 0xf7, 0xfe, 0x01, 0x03, 0xf7, 0x01, 0xfb, 0x02, 0xfe, 0x0b, 0x0c
    dc.b    0x05, 0x0b, 0x02, 0x0b, 0xff, 0x06, 0xf9, 0xfa, 0xfa, 0xfd, 0x05, 0xf8, 0xf7, 0xf3, 0x01, 0x0c
    dc.b    0x09, 0xfd, 0xfc, 0xfa, 0x06, 0x08, 0xfa, 0x0b, 0x05, 0xf9, 0x07, 0xf8, 0xfe, 0x07, 0x00, 0xf9
    dc.b    0xfb, 0xfe, 0xfb, 0xfb, 0xf8, 0x15, 0x03, 0x00, 0xfd, 0xff, 0x03, 0x03, 0x06, 0x0a, 0xfc, 0xfd
    dc.b    0x0c, 0xf9, 0xf7, 0xf4, 0xfe, 0xf7, 0x01, 0x01, 0x05, 0xfc, 0xfe, 0x07, 0x04, 0x01, 0xfa, 0xfd
    dc.b    0x05, 0x07, 0x05, 0x06, 0x00, 0x05, 0xf8, 0x04, 0x02, 0xf5, 0xf1, 0xfc, 0x00, 0x01, 0x00, 0xf9
    dc.b    0x08, 0xf2, 0xff, 0x02, 0xfc, 0xf8, 0xfb, 0x0d, 0xf5, 0x09, 0xf8, 0x01, 0xfd, 0x08, 0xf6, 0xff
    dc.b    0xfe, 0xf5, 0x02, 0x01, 0x08, 0xf1, 0xf4, 0x01, 0x01, 0xf9, 0xfe, 0x03, 0xfb, 0x02, 0x07, 0xfd
    dc.b    0xfd, 0xf4, 0xf2, 0xff, 0xf6, 0x0e, 0x11, 0xf8, 0x01, 0x04, 0xf6, 0x06, 0x02, 0xf5, 0x00, 0xf7
    dc.b    0xff, 0xf6, 0xf0, 0x09, 0xfb, 0xfd, 0xf5, 0xf9, 0xfc, 0x0c, 0x06, 0xf9, 0x02, 0x0e, 0xf4, 0xf0
    dc.b    0x12, 0xfd, 0x00, 0xfd, 0xff, 0xfa, 0x05, 0xf1, 0xfb, 0xfb, 0xf5, 0xff, 0xfe, 0xfe, 0x03, 0x07
    dc.b    0x0e, 0x09, 0xf6, 0x00, 0x06, 0x01, 0xff, 0xf5, 0xf9, 0x07, 0x07, 0xfd, 0xfb, 0x05, 0xf9, 0x02
    dc.b    0x04, 0xfb, 0x05, 0x05, 0xfc, 0xfd, 0xfa, 0xf5, 0x04, 0x00, 0x01, 0x05, 0x04, 0x07, 0xff, 0xf3
    dc.b    0x06, 0x05, 0xf6, 0xfd, 0x0b, 0xf4, 0x08, 0xf4, 0xfd, 0x03, 0xfe, 0x01, 0xf1, 0xf2, 0xf5, 0x11
    dc.b    0xfe, 0xfd, 0x05, 0x05, 0x00, 0x03, 0x02, 0xf9, 0x04, 0xfa, 0x08, 0x03, 0xf9, 0x02, 0xff, 0x02
    dc.b    0xf9, 0x04, 0xfd, 0xfe, 0xf9, 0x06, 0xfe, 0x0b, 0x02, 0xf7, 0x01, 0x02, 0x02, 0x01, 0x09, 0x0a
    dc.b    0x0b, 0x08, 0x0c, 0x04, 0xff, 0x07, 0x07, 0xfc, 0xfa, 0xf4, 0xf0, 0xf2, 0xf8, 0xfc, 0xfb, 0xfb
    dc.b    0x00, 0xf8, 0xfb, 0x05, 0x00, 0x05, 0x03, 0x05, 0x04, 0x02, 0x01, 0x02, 0x07, 0xfe, 0x09, 0xff
    dc.b    0xf6, 0xf6, 0xfd, 0x00, 0xff, 0x04, 0xf5, 0xf5, 0x03, 0x0e, 0x02, 0xfc, 0xfb, 0x06, 0x05, 0x07
    dc.b    0x04, 0x01, 0x04, 0x0e, 0x03, 0x07, 0xfc, 0xf7, 0x05, 0xff, 0x00, 0x06, 0xfc, 0x07, 0x03, 0x00
    dc.b    0x16, 0x01, 0x08, 0x01, 0x04, 0xfc, 0x03, 0x00, 0x08, 0x01, 0xff, 0xfd, 0x00, 0x0f, 0xfc, 0xfd
    dc.b    0x0b, 0x03, 0x03, 0x0d, 0x11, 0x05, 0xf0, 0x0a, 0x06, 0xf6, 0x06, 0x05, 0xf5, 0x08, 0x09, 0x08
    dc.b    0xfd, 0x06, 0x01, 0x00, 0x01, 0x03, 0x00, 0xff, 0x0c, 0xf2, 0x00, 0x02, 0x08, 0xf4, 0x0b, 0x01
    dc.b    0x05, 0xff, 0x05, 0x04, 0x01, 0xfe, 0x00, 0x01, 0xfb, 0x05, 0x0b, 0x07, 0xf8, 0xfd, 0xfa, 0xf2
    dc.b    0xff, 0x06, 0x06, 0x05, 0xfa, 0xfe, 0x03, 0x04, 0x03, 0xfd, 0xfe, 0x02, 0xf9, 0x04, 0xfc, 0xff
    dc.b    0xf8, 0x06, 0xfa, 0xfd, 0xf3, 0xfa, 0xfc, 0x02, 0x05, 0x03, 0x0f, 0x07, 0x01, 0xfe, 0x0a, 0x05
    dc.b    0x06, 0x01, 0xfd, 0xf0, 0xff, 0x06, 0xfd, 0xf9, 0x00, 0xfa, 0xf7, 0xf3, 0x0b, 0xf6, 0x00, 0x09
    dc.b    0x02, 0xfe, 0x05, 0x00, 0x04, 0xf4, 0xf1, 0xfd, 0xf9, 0x03, 0xf7, 0xf7, 0xf4, 0x02, 0xf9, 0x07
    dc.b    0x06, 0xfd, 0xf7, 0x02, 0x0b, 0xfd, 0xfc, 0x00, 0x02, 0xf8, 0xf3, 0xfe, 0xf5, 0xfe, 0xf8, 0xfd
    dc.b    0x00, 0x01, 0x0c, 0x09, 0x01, 0xf6, 0x05, 0x05, 0x05, 0x01, 0x08, 0xf6, 0xf9, 0xfc, 0xf1, 0x04
    dc.b    0x03, 0xfa, 0xf4, 0x00, 0xf9, 0xfb, 0xf9, 0xfb, 0xff, 0x02, 0x0b, 0xfd, 0xf7, 0x11, 0xfe, 0xfa
    dc.b    0xf6, 0x05, 0xfc, 0xfa, 0x07, 0xfb, 0xfa, 0x07, 0xfa, 0xfa, 0x07, 0x04, 0x08, 0x06, 0xf3, 0x06
    dc.b    0xf5, 0x0c, 0x07, 0xf3, 0xfa, 0x04, 0x00, 0xfb, 0xff, 0xff, 0x03, 0xfb, 0x00, 0x05, 0x00, 0x06
    dc.b    0x0c, 0x03, 0xf7, 0x12, 0x02, 0x05, 0x02, 0xfe, 0x01, 0xfc, 0x0a, 0xf3, 0xfe, 0x02, 0x01, 0xfa
    dc.b    0x11, 0x09, 0xfe, 0x04, 0x01, 0x09, 0xf5, 0x08, 0xf8, 0xf6, 0xf9, 0xfc, 0xfd, 0xfe, 0x02, 0x02
    dc.b    0x01, 0xfc, 0x05, 0xfd, 0x01, 0x02, 0x06, 0xf8, 0x04, 0x05, 0x01, 0x02, 0x08, 0xfd, 0x00, 0xf8
    dc.b    0xfa, 0xfa, 0xf0, 0x03, 0xf9, 0xfe, 0xfb, 0x07, 0xff, 0x03, 0x01, 0x0b, 0x18, 0xfd, 0xfd, 0xfa
    dc.b    0xfd, 0xf4, 0x00, 0xf9, 0x02, 0x05, 0xf5, 0xf8, 0xfb, 0xfc, 0x04, 0xfd, 0xfe, 0x02, 0xff, 0x02
    dc.b    0x08, 0x05, 0x00, 0x05, 0xf8, 0xfd, 0xfe, 0xfa, 0xf9, 0xff, 0xf3, 0xf2, 0x02, 0xfe, 0xfd, 0xf7
    dc.b    0xff, 0xf6, 0x0a, 0x02, 0xfe, 0x07, 0xf1, 0x03, 0x07, 0xfd, 0x02, 0xf9, 0xfd, 0xf8, 0xf1, 0xf6
    dc.b    0xfb, 0xef, 0xf8, 0x01, 0xfd, 0x01, 0x06, 0x01, 0xfc, 0xfe, 0xfb, 0xf8, 0x03, 0xfa, 0xfd, 0xfa
    dc.b    0x01, 0xfd, 0x03, 0x00, 0x00, 0xff, 0xfc, 0x01, 0x00, 0xfb, 0x05, 0xfe, 0xf6, 0xfc, 0x02, 0xff
    dc.b    0x02, 0xf3, 0x01, 0x02, 0xfc, 0x03, 0x02, 0xfc, 0xfe, 0xff, 0xfc, 0x02, 0xff, 0xfb, 0xf6, 0xf4
    dc.b    0x02, 0xff, 0x00, 0xf6, 0xfc, 0xfe, 0x01, 0xf9, 0xf6, 0xff, 0xfb, 0xff, 0xf9, 0x03, 0x04, 0xf9
    dc.b    0x03, 0xfc, 0xf9, 0x04, 0x00, 0x04, 0x00, 0xff, 0x03, 0xed, 0x03, 0x06, 0x01, 0xfc, 0xff, 0x01
    dc.b    0xfa, 0xf8, 0xfe, 0x05, 0x02, 0x10, 0x03, 0x03, 0x03, 0x03, 0x03, 0x00, 0x00, 0x09, 0xf6, 0xf9
    dc.b    0x0b, 0xfe, 0x00, 0x00, 0xfb, 0xfd, 0x09, 0xfe, 0xfc, 0x04, 0xf8, 0xfe, 0xfc, 0x02, 0x05, 0xfd
    dc.b    0xfb, 0xf9, 0x00, 0x06, 0x0e, 0xfc, 0xfd, 0xff, 0x0b, 0x01, 0xfd, 0xfd, 0x02, 0x03, 0x07, 0xfd
    dc.b    0xfa, 0x00, 0x02, 0x03, 0xf4, 0xff, 0x06, 0xfd, 0x07, 0xfa, 0xfd, 0xfd, 0x00, 0x05, 0x03, 0x04
    dc.b    0x0a, 0xff, 0xfa, 0xfd, 0x0c, 0x03, 0xf7, 0xf9, 0x06, 0x03, 0x0b, 0x00, 0x09, 0x0d, 0x06, 0xfd
    dc.b    0xff, 0xfe, 0xf6, 0xfb, 0xf8, 0xfd, 0xf9, 0xfe, 0x06, 0x01, 0xfe, 0x09, 0x06, 0x02, 0xfd, 0x08
    dc.b    0x08, 0xfe, 0x01, 0x06, 0xfe, 0x02, 0x01, 0xf1, 0xff, 0x01, 0x02, 0xfd, 0xfc, 0x09, 0xfd, 0xfe
    dc.b    0xfd, 0xfc, 0x02, 0xfc, 0xff, 0x03, 0x04, 0xff, 0xfd, 0xfe, 0x07, 0x03, 0xfe, 0xfb, 0xfb, 0xfe
    dc.b    0xf9, 0xfc, 0xf8, 0xff, 0xfd, 0xfb, 0x02, 0xfd, 0x0c, 0x00, 0xfb, 0xfc, 0xff, 0xff, 0xfa, 0xfe
    dc.b    0xfc, 0xfb, 0xfe, 0x07, 0x00, 0x03, 0x01, 0xeb, 0x01, 0xfa, 0xfd, 0x00, 0xf8, 0x02, 0xff, 0xfc
    dc.b    0x06, 0xf8, 0x00, 0x00, 0xf9, 0xf9, 0x00, 0xff, 0xfd, 0xf8, 0xfc, 0x00, 0xfa, 0x01, 0xfd, 0xfc
    dc.b    0x06, 0xfa, 0xfe, 0xfa, 0xf7, 0xf7, 0xf7, 0xf4, 0xfc, 0xf7, 0x02, 0xfc, 0x00, 0x0e, 0x00, 0x03
    dc.b    0x03, 0x04, 0xf7, 0x04, 0xfc, 0xf9, 0x00, 0x00, 0xfc, 0xf9, 0xfc, 0x00, 0xfd, 0xfb, 0x08, 0xff
    dc.b    0x01, 0x02, 0xf9, 0xf9, 0x02, 0xf9, 0x03, 0xf6, 0xf9, 0x04, 0xf8, 0xff, 0x02, 0xfe, 0x09, 0xff
    dc.b    0x05, 0x00, 0xf8, 0x05, 0xfb, 0xf7, 0x00, 0xfd, 0xfd, 0x01, 0x06, 0x06, 0xff, 0xfb, 0xfc, 0xff
    dc.b    0x01, 0x05, 0xf7, 0xfc, 0xfe, 0x02, 0x01, 0xf7, 0x04, 0x01, 0x01, 0x00, 0xfb, 0xff, 0x04, 0xff
    dc.b    0x0c, 0xfc, 0xf6, 0x03, 0xfa, 0x0b, 0x03, 0x00, 0x03, 0xfe, 0x00, 0xfc, 0x03, 0xfe, 0x03, 0xfc
    dc.b    0x04, 0xfd, 0x00, 0x01, 0xf3, 0x00, 0xff, 0x05, 0xef, 0x06, 0x00, 0xf5, 0x0c, 0x06, 0x02, 0x03
    dc.b    0x03, 0xfe, 0x00, 0x03, 0x01, 0xff, 0xf9, 0xfa, 0x01, 0xf9, 0xfb, 0xfc, 0xfa, 0xfd, 0x04, 0xf8
    dc.b    0x05, 0x04, 0xfb, 0x07, 0xfb, 0x07, 0x02, 0xfc, 0x08, 0x00, 0xf9, 0x03, 0x08, 0x03, 0xff, 0x00
    dc.b    0x06, 0xf9, 0x00, 0x03, 0xf6, 0x01, 0xfc, 0xff, 0xfe, 0x01, 0x04, 0x03, 0xfa, 0xfc, 0x0a, 0x03
    dc.b    0x0b, 0xfd, 0x00, 0x00, 0xfc, 0xfd, 0x02, 0xfc, 0x03, 0x03, 0x02, 0xfe, 0xfd, 0x04, 0x02, 0x00
    dc.b    0x00, 0x01, 0x05, 0x02, 0xfa, 0xfb, 0x04, 0x08, 0x02, 0xf9, 0xff, 0xfe, 0xfe, 0x01, 0xfe, 0xfe
    dc.b    0x01, 0x01, 0xf6, 0x09, 0xfe, 0xff, 0x07, 0xfb, 0x02, 0x03, 0xfb, 0x00, 0xf8, 0xfb, 0x0b, 0xfc
    dc.b    0xfc, 0x02, 0xff, 0xfb, 0xfb, 0xfe, 0x03, 0x02, 0xf4, 0x00, 0x01, 0xfa, 0x02, 0x05, 0xf6, 0xf7
    dc.b    0x01, 0xfa, 0xf9, 0xfd, 0x0a, 0xfe, 0x02, 0xfc, 0x08, 0x00, 0x03, 0xff, 0xff, 0x03, 0xfd, 0xf6
    dc.b    0xf5, 0x04, 0xfc, 0x07, 0x03, 0x03, 0x04, 0x02, 0x06, 0xfd, 0xfc, 0xfe, 0x04, 0xfc, 0xfc, 0x01
    dc.b    0x07, 0x00, 0x06, 0x01, 0xff, 0x09, 0x01, 0x00, 0xf7, 0x04, 0x02, 0xff, 0xfe, 0xfc, 0x01, 0xfc
    dc.b    0x02, 0xfe, 0x01, 0x08, 0x09, 0xfc, 0xfd, 0x07, 0xfc, 0x00, 0x00, 0xf9, 0xff, 0xff, 0xf8, 0x05
    dc.b    0x00, 0xfd, 0x02, 0xfb, 0x08, 0x03, 0xfc, 0x05, 0xf9, 0xf6, 0x00, 0xfa, 0x05, 0x01, 0xfd, 0x04
    dc.b    0xfb, 0xf9, 0x00, 0x03, 0xf8, 0xfb, 0x07, 0xf8, 0xfd, 0x00, 0xfe, 0xf8, 0xff, 0x02, 0x03, 0x00
    dc.b    0x0b, 0x00, 0xfd, 0xfe, 0x02, 0xfd, 0x00, 0x02, 0xf4, 0xfb, 0x02, 0x01, 0xfe, 0x08, 0x04, 0xfe
    dc.b    0x06, 0xfe, 0xf9, 0x01, 0x00, 0xfe, 0xfb, 0xfa, 0x02, 0xfc, 0xfd, 0x06, 0xff, 0x03, 0x03, 0x04
    dc.b    0xf9, 0x00, 0x07, 0x02, 0xfc, 0xfe, 0x06, 0xfe, 0xfc, 0xfd, 0x03, 0xfc, 0xff, 0x0d, 0xfa, 0xf9
    dc.b    0x05, 0xf7, 0xfe, 0x07, 0x00, 0x06, 0x03, 0xfe, 0x02, 0xfc, 0x02, 0x05, 0xfd, 0x0a, 0x04, 0xf7
    dc.b    0xfb, 0x03, 0xf7, 0x00, 0x04, 0x00, 0xff, 0xfe, 0x07, 0x03, 0x03, 0x00, 0x03, 0x04, 0xfd, 0xfe
    dc.b    0xff, 0xf9, 0x00, 0x04, 0xfe, 0x05, 0xff, 0xfc, 0x00, 0xf8, 0xfe, 0xff, 0x04, 0xff, 0xfb, 0xfc
    dc.b    0x03, 0xff, 0xfd, 0x07, 0x02, 0xfe, 0x00, 0x03, 0xfe, 0x0c, 0x04, 0xf9, 0x00, 0xfd, 0x02, 0xfe
    dc.b    0xfb, 0xfc, 0x01, 0x07, 0xff, 0x02, 0x02, 0x00, 0xff, 0xfc, 0x03, 0xff, 0xfd, 0xff, 0xff, 0xf9
    dc.b    0x07, 0x06, 0x03, 0x08, 0x00, 0xff, 0xfe, 0xfa, 0x00, 0x08, 0x00, 0xfd, 0x03, 0x01, 0xfa, 0x02
    dc.b    0x09, 0x01, 0xff, 0x00, 0xfa, 0x01, 0xff, 0x05, 0xfd, 0xf9, 0x03, 0xfb, 0xfb, 0x04, 0xfc, 0x00
    dc.b    0x07, 0x00, 0xff, 0x07, 0xfd, 0xf6, 0xfe, 0xfb, 0xfd, 0xfd, 0x00, 0x01, 0xf9, 0xfb, 0x04, 0xfc
    dc.b    0xfa, 0x05, 0x03, 0x00, 0xf9, 0xff, 0xf8, 0x00, 0x01, 0xfa, 0xff, 0xf5, 0xfe, 0x01, 0x06, 0xfc
    dc.b    0x06, 0xfa, 0x01, 0x07, 0xf1, 0x00, 0xfe, 0xfd, 0xfb, 0xff, 0xfc, 0xfd, 0xff, 0xfe, 0xf9, 0xfc
    dc.b    0xfd, 0xfd, 0xfc, 0xfd, 0xfd, 0xfb, 0x01, 0xfd, 0xf7, 0x01, 0x0c, 0xfe, 0x06, 0x05, 0x02, 0xfc
    dc.b    0x00, 0xfe, 0xfd, 0x00, 0xff, 0x00, 0xf8, 0xfd, 0x01, 0xfb, 0x03, 0x05, 0x02, 0xff, 0x08, 0xfc
    dc.b    0xfd, 0xfd, 0xfc, 0xfd, 0x02, 0x00, 0xff, 0x02, 0xf6, 0x03, 0xfb, 0xfa, 0x01, 0xfd, 0xfd, 0x02
    dc.b    0xff, 0xfc, 0x00, 0xff, 0x00, 0xfa, 0x06, 0x07, 0x04, 0x00, 0xff, 0x01, 0xfe, 0x01, 0xfc, 0xfc
    dc.b    0x01, 0x04, 0xf7, 0x00, 0xfe, 0x03, 0x06, 0x04, 0xff, 0x0c, 0x03, 0x02, 0xf6, 0xfd, 0x02, 0xff
    dc.b    0x03, 0xfd, 0x01, 0x00, 0x01, 0xfe, 0xfa, 0x02, 0x01, 0x05, 0xfe, 0x00, 0x01, 0x03, 0xfd, 0xfe
    dc.b    0x05, 0xfe, 0x00, 0xfc, 0x06, 0x02, 0x01, 0xfa, 0xfc, 0xfe, 0xff, 0x09, 0x09, 0xff, 0x04, 0x03
    dc.b    0x01, 0xff, 0xfe, 0xfa, 0x06, 0xf8, 0xfc, 0xfb, 0x01, 0xfe, 0x02, 0x02, 0xff, 0x05, 0x01, 0x01
    dc.b    0xfc, 0x03, 0xff, 0xff, 0xfe, 0xff, 0xff, 0xfb, 0xfb, 0x02, 0xfe, 0x03, 0xff, 0x02, 0xfd, 0xff
    dc.b    0xfb, 0xfc, 0xfd, 0x03, 0xff, 0xf8, 0x02, 0xfd, 0xfd, 0x00, 0x03, 0xff, 0xff, 0x01, 0x01, 0x02
    dc.b    0xfb, 0x01, 0xfe, 0xfd, 0xfa, 0xfb, 0xff, 0xfe, 0xfa, 0x06, 0xfb, 0xfe, 0xfb, 0x02, 0x03, 0xfe
    dc.b    0x01, 0x06, 0x06, 0xfa, 0x02, 0xf9, 0x00, 0xfc, 0xf7, 0x00, 0xfa, 0x05, 0x02, 0x00, 0xfc, 0xfc
    dc.b    0xff, 0x05, 0xfc, 0xf8, 0xff, 0xfa, 0xfc, 0xf9, 0x04, 0xfe, 0xfe, 0x00, 0x02, 0x00, 0x07, 0x03
    dc.b    0x00, 0x01, 0xff, 0x02, 0xfa, 0xfb, 0xfd, 0xf6, 0xf8, 0xfb, 0xfe, 0x02, 0x00, 0xff, 0x00, 0x0a
    dc.b    0x02, 0x02, 0x03, 0xff, 0x02, 0x00, 0x02, 0x02, 0x00, 0xfe, 0x03, 0x04, 0xfb, 0x08, 0xfd, 0xff
    dc.b    0xfe, 0x06, 0xff, 0x04, 0x04, 0x0d, 0x02, 0xfe, 0xfc, 0xfe, 0x02, 0x00, 0x06, 0x02, 0xfc, 0xff
    dc.b    0xf9, 0x00, 0x01, 0xfd, 0x0a, 0x02, 0xfe, 0x02, 0xfc, 0xf9, 0xfe, 0xfc, 0xf9, 0x01, 0x04, 0x01
    dc.b    0xf9, 0xff, 0x02, 0x03, 0xfe, 0x04, 0x00, 0x01, 0x02, 0xfb, 0xf9, 0x00, 0x01, 0xfb, 0x01, 0x05
    dc.b    0xfb, 0x02, 0x02, 0xfe, 0x02, 0x04, 0x05, 0x01, 0xfe, 0x02, 0x03, 0xf6, 0xfe, 0x05, 0x00, 0x02
    dc.b    0x00, 0xff, 0x02, 0x01, 0xfe, 0xfc, 0xfd, 0x00, 0x00, 0x00, 0x05, 0xff, 0x02, 0x00, 0x01, 0xff
    dc.b    0x01, 0x04, 0x00, 0xfc, 0xfb, 0x00, 0xf5, 0x02, 0x01, 0xfd, 0x03, 0x02, 0x00, 0xff, 0xfc, 0x04
    dc.b    0xff, 0x00, 0xff, 0xfc, 0xf8, 0x04, 0xff, 0xfe, 0xff, 0xfd, 0xff, 0xfe, 0x02, 0xfc, 0x00, 0xfc
    dc.b    0x00, 0xff, 0xff, 0x00, 0x02, 0xfc, 0xfe, 0xfb, 0xf5, 0xff, 0x02, 0x01, 0x05, 0xfe, 0xf8, 0x05
    dc.b    0xfd, 0x00, 0xfd, 0x00, 0x06, 0x01, 0xfa, 0x04, 0xfe, 0xfa, 0xfe, 0xfb, 0x00, 0xfe, 0x00, 0x02
    dc.b    0x00, 0x01, 0xfe, 0xfe, 0xfe, 0x02, 0x02, 0x05, 0xfd, 0xff, 0x05, 0xfd, 0x00, 0x03, 0x03, 0x02
    dc.b    0xfd, 0xfb, 0x03, 0xf9, 0x04, 0xfe, 0xfe, 0x04, 0x04, 0x00, 0x01, 0x03, 0xfd, 0x01, 0x05, 0xf9
    dc.b    0xfe, 0xff, 0xfd, 0xfc, 0xfc, 0x02, 0xf8, 0xf9, 0x02, 0x04, 0xff, 0x03, 0x04, 0x00, 0xff, 0x02
    dc.b    0x00, 0xff, 0x06, 0x00, 0x00, 0x06, 0x00, 0x02, 0xff, 0xfa, 0x00, 0xfb, 0xf8, 0xff, 0xf5, 0x00
    dc.b    0x02, 0xff, 0x00, 0xff, 0x00, 0xfe, 0x04, 0x01, 0x03, 0x03, 0x02, 0xfe, 0xfc, 0x00, 0x00, 0xfb
    dc.b    0xfb, 0x03, 0x01, 0x04, 0x02, 0x05, 0xf7, 0x01, 0x05, 0xfc, 0x02, 0x05, 0xfe, 0xfd, 0xfc, 0xf8
    dc.b    0x05, 0x05, 0x05, 0xfc, 0xfc, 0xff, 0xfe, 0xfb, 0x00, 0xff, 0xfb, 0x05, 0xfe, 0xfd, 0x02, 0x09
    dc.b    0x02, 0xff, 0x02, 0x05, 0xff, 0x00, 0x04, 0x01, 0x03, 0x00, 0xff, 0xfe, 0x01, 0xfe, 0xf8, 0xff
    dc.b    0x05, 0x02, 0xfe, 0xfc, 0x02, 0x00, 0xf8, 0xfd, 0xfa, 0x01, 0x00, 0x01, 0xf6, 0x03, 0x06, 0x01
    dc.b    0xfb, 0xff, 0xfe, 0x01, 0xfa, 0x00, 0xfd, 0x00, 0x03, 0x00, 0xff, 0x00, 0xff, 0xfa, 0x04, 0xff
    dc.b    0xff, 0xfb, 0xfb, 0x00, 0x01, 0x00, 0x03, 0x00, 0x03, 0x01, 0xfe, 0x03, 0x01, 0x04, 0x01, 0xfd
    dc.b    0x03, 0x01, 0xfc, 0xfe, 0xfe, 0xff, 0xfe, 0x02, 0xfd, 0xfd, 0xfe, 0xfd, 0xfe, 0x01, 0x08, 0xff
    dc.b    0x03, 0x02, 0x05, 0xfe, 0x02, 0xfc, 0xfa, 0xfc, 0xfd, 0xfc, 0xf9, 0xfe, 0x02, 0x06, 0xf8, 0xfe
    dc.b    0xfe, 0x02, 0xfe, 0x03, 0xfc, 0xfd, 0x05, 0x00, 0x02, 0x03, 0x00, 0xff, 0xfe, 0xfb, 0xff, 0x02
    dc.b    0x00, 0x02, 0xf9, 0xfe, 0x02, 0xfa, 0x00, 0x04, 0x03, 0xff, 0x04, 0x05, 0xfe, 0x0a, 0xfd, 0x00
    dc.b    0xff, 0x03, 0xff, 0xf9, 0xfd, 0x03, 0xfd, 0xfd, 0x07, 0xfb, 0x02, 0x01, 0xfc, 0xfb, 0x05, 0xff
    dc.b    0x05, 0xfe, 0xff, 0x03, 0xfc, 0x00, 0xfd, 0xfb, 0xfe, 0x03, 0xff, 0x02, 0x04, 0xff, 0xfa, 0xfd
    dc.b    0x03, 0xff, 0xfd, 0x06, 0xf9, 0xfb, 0x02, 0xff, 0xff, 0xff, 0x04, 0x03, 0xfa, 0x02, 0x00, 0xf9
    dc.b    0xff, 0xff, 0xff, 0x07, 0x03, 0x01, 0xfe, 0xfe, 0xff, 0xfc, 0xfd, 0xfd, 0xfd, 0x00, 0x02, 0xfe
    dc.b    0xff, 0x04, 0x02, 0x01, 0xfc, 0x03, 0xff, 0x02, 0x01, 0xfc, 0x06, 0x01, 0x00, 0x01, 0x03, 0xf9
    dc.b    0x00, 0xfc, 0x02, 0x01, 0xfe, 0x03, 0x01, 0xf9, 0xfd, 0x02, 0xfc, 0x02, 0xfc, 0x01, 0x00, 0x02
    dc.b    0x02, 0x03, 0xff, 0x03, 0x00, 0xfc, 0x01, 0x05, 0x02, 0xfe, 0xfe, 0x00, 0x00, 0x01, 0xfe, 0xfe
    dc.b    0x02, 0x01, 0xfd, 0xfe, 0xfe, 0x05, 0x04, 0x00, 0x04, 0x09, 0xfd, 0xfe, 0xfd, 0xf9, 0xff, 0x00
    dc.b    0x01, 0xff, 0x00, 0x01, 0x01, 0xfe, 0x06, 0xff, 0xf7, 0x05, 0x02, 0x01, 0xff, 0x00, 0xfb, 0xff
    dc.b    0xfd, 0x00, 0xff, 0xfe, 0xfc, 0xfe, 0x01, 0x00, 0x04, 0xfe, 0x04, 0x00, 0xfe, 0xfc, 0x03, 0xfe
    dc.b    0xfc, 0xfd, 0xf9, 0x00, 0xfe, 0xff, 0xfe, 0x01, 0xff, 0x06, 0x01, 0x00, 0xfe, 0x00, 0x00, 0x05
    dc.b    0xff, 0xfa, 0xff, 0x01, 0x01, 0x00, 0xfc, 0xfd, 0x00, 0x04, 0xfa, 0x01, 0x00, 0xfe, 0x01, 0xff
    dc.b    0x00, 0xfd, 0xfe, 0x04, 0xfd, 0xfa, 0x02, 0xff, 0xff, 0x0a, 0x03, 0x07, 0x00, 0x02, 0xfe, 0xfd
    dc.b    0x03, 0x00, 0xfc, 0xfc, 0x05, 0x04, 0x01, 0xfc, 0x08, 0xfb, 0x00, 0x07, 0xfb, 0x06, 0x00, 0xfe
    dc.b    0xfe, 0xfd, 0x00, 0x02, 0xfc, 0x00, 0x03, 0xfc, 0x04, 0xff, 0xfc, 0x02, 0x03, 0xfc, 0xfd, 0xfc
    dc.b    0xfd, 0xfc, 0xfb, 0xff, 0x01, 0x04, 0x00, 0x05, 0xfe, 0x01, 0x00, 0xfb, 0x07, 0xff, 0x02, 0xf9
    dc.b    0xff, 0xfc, 0x07, 0x04, 0xff, 0xfd, 0x00, 0xff, 0xfc, 0xff, 0xf5, 0x00, 0xfc, 0x02, 0x03, 0xff
    dc.b    0x05, 0x05, 0xfd, 0xfe, 0x00, 0x01, 0x07, 0x00, 0x01, 0x01, 0xfc, 0x01, 0xff, 0xfe, 0xff, 0xff
    dc.b    0xff, 0xfe, 0x02, 0x01, 0x01, 0x02, 0x00, 0xfa, 0xfe, 0x04, 0xf8, 0x02, 0x03, 0x03, 0x02, 0xfd
    dc.b    0x03, 0x07, 0xfe, 0xfe, 0xfe, 0xf5, 0x01, 0xfa, 0xfa, 0x01, 0xfc, 0x03, 0x02, 0x02, 0x02, 0x03
    dc.b    0xff, 0xfe, 0xff, 0xfc, 0x04, 0x02, 0x02, 0xff, 0x01, 0xfd, 0xfb, 0xfd, 0xff, 0x01, 0xfc, 0x02
    dc.b    0x02, 0x04, 0xfe, 0x03, 0xff, 0xff, 0x02, 0xfd, 0xfe, 0x01, 0xfc, 0xfc, 0x00, 0xfd, 0x03, 0x01
    dc.b    0xfe, 0xfd, 0xfc, 0xfe, 0x00, 0xff, 0x01, 0x02, 0xfc, 0x00, 0xfe, 0x04, 0x01, 0x01, 0xfd, 0x01
    dc.b    0xff, 0xfd, 0xff, 0x00, 0x00, 0x00, 0x04, 0x04, 0x05, 0xfe, 0xfe, 0xfe, 0xfe, 0xfe, 0xfc, 0x00
    dc.b    0xfd, 0xff, 0x01, 0xfe, 0xfd, 0x00, 0x03, 0xfc, 0x00, 0x00, 0x00, 0xfe, 0xfd, 0xfc, 0xf8, 0xff
    dc.b    0x00, 0xfe, 0x00, 0x04, 0x01, 0xff, 0x01, 0xff, 0x00, 0xfe, 0xfe, 0xfe, 0x00, 0xfe, 0x01, 0xfc
    dc.b    0xfb, 0x02, 0xf9, 0x06, 0x03, 0xfe, 0x00, 0xff, 0xfe, 0xff, 0xfa, 0x07, 0x00, 0xfd, 0x00, 0x02
    dc.b    0xfe, 0x05, 0xfc, 0x00, 0xff, 0x02, 0x01, 0xf8, 0x05, 0x02, 0xfc, 0xf9, 0x01, 0x03, 0x03, 0xff
    dc.b    0xfe, 0x00, 0xfd, 0x04, 0x00, 0x00, 0x04, 0x00, 0xfb, 0x00, 0xfc, 0xfc, 0x00, 0xfe, 0xfd, 0xfd
    dc.b    0xfc, 0xfd, 0xf5, 0xfd, 0xfe, 0x00, 0xfe, 0xfe, 0x04, 0x01, 0xfb, 0x00, 0x02, 0x01, 0x04, 0xfe
    dc.b    0x01, 0xfe, 0xfd, 0x02, 0xfc, 0xff, 0x02, 0x01, 0x03, 0x00, 0xfb, 0xff, 0x03, 0xfb, 0x01, 0x00
    dc.b    0xfe, 0xff, 0x01, 0x01, 0xfe, 0x04, 0x02, 0x03, 0x01, 0xff, 0x01, 0xfc, 0x00, 0xff, 0x00, 0xfd
    dc.b    0xff, 0x00, 0xfd, 0x01, 0x00, 0xff, 0xfe, 0x01, 0xfb, 0x03, 0x02, 0x01, 0x00, 0xfc, 0xfe, 0x01
    dc.b    0xfe, 0xfd, 0x04, 0xfc, 0xfe, 0xff, 0x00, 0x02, 0xfc, 0xff, 0xfd, 0xff, 0xff, 0x00, 0xfb, 0x07
    dc.b    0xff, 0xfc, 0x08, 0xfc, 0xfe, 0xff, 0x04, 0xfe, 0x03, 0xff, 0x06, 0xfc, 0x01, 0x00, 0xfc, 0x00
    dc.b    0xfb, 0x00, 0xfb, 0xff, 0x01, 0xfb, 0xfc, 0xff, 0xfc, 0xfb, 0x01, 0xfe, 0x00, 0x02, 0x03, 0x00
    dc.b    0xfe, 0xff, 0x02, 0x05, 0x02, 0x02, 0xff, 0x00, 0x00, 0xfd, 0xfc, 0x03, 0x02, 0xff, 0x03, 0xfe
    dc.b    0xff, 0xfe, 0xfa, 0x04, 0x00, 0x04, 0x01, 0x00, 0xff, 0x02, 0x01, 0xfd, 0x01, 0xff, 0x01, 0x02
    dc.b    0xf8, 0xfd, 0xff, 0x00, 0x01, 0x04, 0xfe, 0x02, 0x02, 0x00, 0xfe, 0x00, 0xfd, 0x00, 0x00, 0xf9
    dc.b    0x01, 0x01, 0xfe, 0xfd, 0x00, 0x00, 0x01, 0x02, 0xfd, 0x01, 0xfe, 0xff, 0xfb, 0xfd, 0x02, 0xff
    dc.b    0xfb, 0xff, 0xfd, 0xfd, 0xfe, 0x00, 0xfd, 0x00, 0x05, 0x01, 0xff, 0x00, 0x00, 0xff, 0xfd, 0xff
    dc.b    0x04, 0x00, 0x00, 0x01, 0xff, 0xff, 0x04, 0xfd, 0xfc, 0x01, 0xfd, 0x02, 0xfb, 0xff, 0x04, 0x02
    dc.b    0xfe, 0x02, 0xfa, 0xff, 0x01, 0xfe, 0xff, 0x03, 0xfc, 0xfe, 0xfc, 0x00, 0xfa, 0xfc, 0x03, 0xff
    dc.b    0x01, 0x00, 0x00, 0xfc, 0x00, 0xff, 0xff, 0xfc, 0xff, 0x00, 0xfc, 0x03, 0x01, 0xfe, 0x02, 0x01
    dc.b    0xfe, 0xff, 0x01, 0xff, 0x02, 0xf9, 0x00, 0xf6, 0xfa, 0xfd, 0xfc, 0xff, 0xfe, 0x00, 0x01, 0xff
    dc.b    0x00, 0xff, 0x00, 0xff, 0x00, 0xfc, 0xff, 0xfe, 0x00, 0x01, 0x00, 0x04, 0xfd, 0x01, 0x02, 0xfc
    dc.b    0x00, 0x03, 0xf9, 0x04, 0xff, 0xff, 0xfe, 0xfa, 0xfd, 0xff, 0x01, 0x01, 0x00, 0xff, 0xfe, 0x03
    dc.b    0xfd, 0x00, 0xff, 0x00, 0xfa, 0x00, 0xfd, 0x01, 0x02, 0xfe, 0x04, 0xff, 0x02, 0x04, 0xff, 0xfc
    dc.b    0x05, 0x00, 0xfe, 0xff, 0xfd, 0x01, 0x01, 0x04, 0x01, 0xfe, 0x03, 0xfe, 0xfe, 0xfb, 0x00, 0xfd
    dc.b    0xfc, 0xfe, 0xfb, 0xfc, 0xff, 0xfd, 0xfd, 0x03, 0x01, 0x01, 0x00, 0x03, 0xff, 0xfe, 0x08, 0x01
    dc.b    0x05, 0x00, 0x03, 0x01, 0xfd, 0x00, 0x00, 0xff, 0xfe, 0x05, 0xf8, 0xff, 0xff, 0xfe, 0x01, 0xff
    dc.b    0x03, 0x04, 0xff, 0xfc, 0x08, 0xfe, 0xff, 0x04, 0xfc, 0xff, 0x00, 0xfd, 0xfc, 0x00, 0x02, 0x00
    dc.b    0xfe, 0x05, 0x02, 0xfd, 0x00, 0x00, 0xfd, 0xfc, 0x03, 0x02, 0xfc, 0x03, 0xff, 0xff, 0xfd, 0x03
    dc.b    0xff, 0x03, 0x02, 0xff, 0x00, 0xff, 0x02, 0xff, 0xfc, 0x01, 0x02, 0xff, 0xfd, 0xfd, 0xfd, 0x02
    dc.b    0x00, 0x02, 0xff, 0x02, 0x00, 0xff, 0x00, 0x01, 0xfd, 0x03, 0x00, 0x01, 0x02, 0xfe, 0x01, 0xfe
    dc.b    0xff, 0x01, 0x02, 0x02, 0x00, 0xfc, 0x02, 0xff, 0xfc, 0xfd, 0xfe, 0xfe, 0xfc, 0xfd, 0xfe, 0x02
    dc.b    0xfc, 0x03, 0x02, 0x02, 0x04, 0x04, 0x01, 0x01, 0x00, 0xff, 0xff, 0xff, 0x02, 0xff, 0xff, 0xff
    dc.b    0xff, 0x00, 0xff, 0xff, 0xfe, 0xff, 0xfe, 0x01, 0xff, 0xff, 0x00, 0xfd, 0xfd, 0x00, 0x00, 0x02
    dc.b    0x00, 0x00, 0xfe, 0xff, 0xff, 0x00, 0x01, 0x00, 0xfd, 0xff, 0x00, 0xfd, 0xff, 0xfd, 0x00, 0xff
    dc.b    0xff, 0x02, 0x03, 0x02, 0xff, 0xfd, 0x01, 0x03, 0xff, 0x01, 0xfe, 0xff, 0x00, 0x02, 0xfb, 0xfe
    dc.b    0xfe, 0x02, 0x01, 0xff, 0x01, 0xfe, 0xfc, 0xff, 0xff, 0xff, 0x03, 0xff, 0xfc, 0xff, 0x00, 0xff
    dc.b    0x01, 0x01, 0xfe, 0x00, 0x01, 0x00, 0xff, 0x00, 0x00, 0x01, 0xfc, 0xff, 0x02, 0x00, 0x01, 0xfd
    dc.b    0xfe, 0x01, 0xff, 0xfe, 0xfe, 0xfd, 0x00, 0x02, 0x00, 0xfe, 0x02, 0x01, 0xff, 0xff, 0xfd, 0x01
    dc.b    0xfe, 0xff, 0xfe, 0x01, 0x00, 0xff, 0xfe, 0xfb, 0x03, 0x05, 0x01, 0xfe, 0x00, 0xfe, 0x01, 0xfe
    dc.b    0xfe, 0x02, 0xfe, 0x01, 0xff, 0x01, 0x03, 0x04, 0xfe, 0xfd, 0xff, 0xff, 0xff, 0xff, 0x00, 0xfb
    dc.b    0x00, 0xfc, 0xfe, 0x01, 0x01, 0x01, 0xff, 0xff, 0x03, 0x00, 0xff, 0x02, 0xfe, 0x00, 0x04, 0x02
    dc.b    0xfb, 0x03, 0x02, 0x01, 0xfe, 0xff, 0x02, 0xff, 0xfb, 0x01, 0x00, 0xfc, 0x00, 0x01, 0xfd, 0xff
    dc.b    0xff, 0x00, 0xfd, 0x01, 0xfd, 0xfe, 0x00, 0x00, 0xff, 0xfd, 0xff, 0x03, 0x00, 0x02, 0x00, 0x01
    dc.b    0x00, 0x01, 0xff, 0x02, 0xfc, 0xfe, 0xfd, 0xfc, 0xfd, 0x02, 0x03, 0x00, 0x00, 0x03, 0x00, 0xff
    dc.b    0x01, 0xfb, 0xfe, 0xfe, 0xfe, 0x00, 0xfa, 0x03, 0x03, 0x01, 0x04, 0xfe, 0x00, 0x00, 0x02, 0xff
    dc.b    0x00, 0x00, 0xfc, 0xfe, 0x01, 0x01, 0xfe, 0xfc, 0x01, 0xfe, 0xfe, 0xfe, 0x00, 0xfe, 0x01, 0x00
    dc.b    0x02, 0xff, 0x00, 0x03, 0xff, 0x06, 0x00, 0x01, 0xfe, 0xff, 0xfe, 0xfd, 0xfe, 0x00, 0x01, 0xff
    dc.b    0x01, 0xfd, 0x00, 0x00, 0x03, 0x02, 0x01, 0x01, 0x01, 0x04, 0xfc, 0x01, 0xfe, 0xfe, 0x00, 0xff
    dc.b    0xff, 0xfc, 0xfc, 0xff, 0xfe, 0x00, 0x01, 0x00, 0x02, 0x00, 0x01, 0x01, 0x00, 0xfd, 0x00, 0xff
    dc.b    0x00, 0xff, 0xff, 0xff, 0xff, 0x00, 0xfe, 0xfd, 0x00, 0x05, 0x01, 0xff, 0x03, 0x02, 0xfd, 0x02
    dc.b    0xfe, 0xfd, 0x02, 0x00, 0x02, 0xfd, 0xfd, 0x02, 0x01, 0x00, 0x00, 0x00, 0x00, 0x00, 0x02, 0x00
    dc.b    0xfe, 0x01, 0xff, 0xfe, 0x02, 0x03, 0x00, 0xfd, 0xff, 0xfe, 0x01, 0xff, 0x00, 0xfd, 0xfc, 0x03
    dc.b    0x00, 0x01, 0x03, 0x03, 0xff, 0xff, 0x02, 0x01, 0xfd, 0x02, 0x01, 0xfc, 0x00, 0x03, 0xff, 0xfd
    dc.b    0x00, 0x03, 0xff, 0xfe, 0x01, 0x01, 0xfc, 0xff, 0xff, 0xfe, 0xfe, 0x01, 0x02, 0xfe, 0x05, 0x02
    dc.b    0xfe, 0x01, 0x03, 0xfd, 0x00, 0x01, 0xff, 0x02, 0x00, 0x01, 0xfd, 0x00, 0x02, 0xff, 0xfe, 0x01
    dc.b    0xfe, 0xfd, 0xfe, 0x01, 0xff, 0xff, 0xfd, 0xff, 0xfd, 0x03, 0x00, 0x00, 0x01, 0x00, 0x03, 0xff
    dc.b    0xfe, 0x02, 0xfe, 0xfe, 0xfe, 0xff, 0xff, 0x00, 0xff, 0xfe, 0xff, 0x01, 0x02, 0x01, 0x04, 0x01
    dc.b    0x01, 0x02, 0xfc, 0xfe, 0xff, 0x03, 0x00, 0xfd, 0xfd, 0x00, 0xfa, 0x00, 0x00, 0xff, 0x02, 0x01
    dc.b    0xff, 0x00, 0xff, 0xff, 0xff, 0xfe, 0x00, 0x02, 0xfe, 0xff, 0xfe, 0xff, 0xff, 0xff, 0xff, 0xff
    dc.b    0x03, 0x02, 0x01, 0xfb, 0x00, 0x00, 0x01, 0xff, 0x01, 0xff, 0xff, 0x02, 0xff, 0xfb, 0x00, 0xff
    dc.b    0xf8, 0x00, 0x00, 0x00, 0x01, 0xff, 0x01, 0xfd, 0x01, 0x01, 0x01, 0xfe, 0x01, 0xfb, 0xfd, 0x00
    dc.b    0xff, 0xff, 0x00, 0xff, 0x00, 0x00, 0xff, 0x00, 0xfe, 0x00, 0x01, 0xff, 0xfb, 0xff, 0x01, 0xfd
    dc.b    0xff, 0x01, 0xfe, 0xfd, 0xff, 0x01, 0xfc, 0xff, 0xff, 0xfe, 0xfe, 0x02, 0xff, 0xfc, 0xfc, 0x01
    dc.b    0x00, 0xfd, 0x03, 0xff, 0x01, 0x00, 0xff, 0xfe, 0xfc, 0xfe, 0xfe, 0x00, 0xfe, 0x02, 0xfc, 0x02
    dc.b    0x00, 0x00, 0x02, 0x00, 0x00, 0x02, 0x01, 0xff, 0x00, 0xfe, 0xff, 0xfd, 0xfe, 0x00, 0xff, 0xfe
    dc.b    0x02, 0xff, 0xff, 0xff, 0x02, 0xff, 0x00, 0x01, 0x01, 0xfe, 0x00, 0xfd, 0xfd, 0x03, 0x00, 0x00
    dc.b    0xfe, 0xff, 0x01, 0xfe, 0x01, 0x00, 0xfe, 0x02, 0x01, 0xff, 0x03, 0xfd, 0x01, 0x02, 0xfd, 0xff
    dc.b    0xff, 0x00, 0xfe, 0x00, 0xfe, 0xff, 0xfe, 0x00, 0xfe, 0x01, 0x01, 0xfd, 0x00, 0x02, 0x02, 0xfe
    dc.b    0xfe, 0xff, 0x00, 0x00, 0xff, 0x00, 0xff, 0x02, 0x00, 0xfd, 0xfe, 0x01, 0xfe, 0x00, 0xfe, 0xff
    dc.b    0xff, 0x01, 0x00, 0xfe, 0x02, 0x01, 0x00, 0xfd, 0x02, 0xfe, 0xff, 0xff, 0xff, 0x01, 0xff, 0x00
    dc.b    0xfd, 0x01, 0x00, 0x00, 0xff, 0x00, 0x00, 0x02, 0xfe, 0x00, 0x01, 0x00, 0x00, 0x01, 0xfe, 0xff
    dc.b    0xfe, 0x01, 0x01, 0xfe, 0x02, 0x01, 0xff, 0x01, 0xff, 0xfe, 0x02, 0x01, 0x01, 0xff, 0xff, 0x02
    dc.b    0xfe, 0xfc, 0xff, 0xfe, 0xfe, 0x01, 0xfe, 0x01, 0xff, 0x00, 0x02, 0x02, 0x01, 0x00, 0x00, 0x01
    dc.b    0x02, 0x01, 0xff, 0xff, 0xfd, 0x01, 0x02, 0xff, 0xfe, 0xff, 0x02, 0x01, 0x01, 0x01, 0x01, 0x02
    dc.b    0xfc, 0xff, 0xff, 0xfe, 0x00, 0xff, 0xff, 0x01, 0xfe, 0xfe, 0x00, 0x00, 0x02, 0x00, 0x00, 0xff
    dc.b    0xfe, 0x00, 0x00, 0xfd, 0x00, 0x01, 0xfd, 0x01, 0x02, 0xfc, 0xfe, 0xff, 0x01, 0x01, 0xff, 0x02
    dc.b    0x00, 0xfc, 0xff, 0x00, 0xff, 0x01, 0x01, 0x01, 0xfe, 0xff, 0x02, 0xfe, 0xfe, 0x00, 0xff, 0xfe
    dc.b    0x02, 0xfc, 0xff, 0x01, 0x01, 0xff, 0xfd, 0x02, 0x03, 0x00, 0xfd, 0xff, 0xff, 0x02, 0x00, 0xfd
    dc.b    0x01, 0x01, 0xff, 0xfe, 0xff, 0xff, 0x02, 0xff, 0x00, 0x01, 0x01, 0x02, 0xfe, 0xfd, 0x02, 0x00
    dc.b    0xff, 0xff, 0x00, 0x01, 0x02, 0xff, 0xff, 0x01, 0x02, 0xfe, 0xfe, 0xfe, 0xfd, 0xff, 0xfe, 0xfe
    dc.b    0x03, 0xfe, 0xff, 0xff, 0xff, 0x00, 0x02, 0xff, 0xff, 0x03, 0x03, 0x02, 0xfe, 0x00, 0x00, 0xff
    dc.b    0xfd, 0xff, 0xff, 0x01, 0xff, 0xfd, 0xff, 0x02, 0xfe, 0xfd, 0xfe, 0xfd, 0x00, 0x00, 0x01, 0xfe
    dc.b    0x01, 0x02, 0x00, 0x00, 0xfe, 0x01, 0x01, 0xff, 0x00, 0x00, 0xfe, 0x02, 0xff, 0xff, 0x01, 0xff
    dc.b    0xfe, 0xfd, 0x00, 0xfe, 0x00, 0xfd, 0xfd, 0x04, 0x00, 0xff, 0x00, 0xff, 0xff, 0x00, 0x01, 0x00
    dc.b    0xff, 0xff, 0x00, 0xff, 0xfd, 0x01, 0x01, 0x01, 0x01, 0xff, 0xff, 0xfe, 0x00, 0x01, 0x00, 0xff
    dc.b    0xfe, 0xff, 0xff, 0x00, 0x00, 0xff, 0x05, 0x01, 0xff, 0x01, 0x01, 0x01, 0xfe, 0xff, 0xfe, 0x00
    dc.b    0x00, 0xff, 0xfe, 0xfc, 0xfe, 0xff, 0xfd, 0xff, 0x00, 0x01, 0xfe, 0xfe, 0x01, 0x02, 0x01, 0xff
    dc.b    0x01, 0x00, 0x01, 0x00, 0xfe, 0x01, 0xff, 0x00, 0xff, 0xfe, 0xfe, 0x04, 0x00, 0xff, 0x00, 0x01
    dc.b    0x01, 0xfe, 0xfe, 0x01, 0xfe, 0xfe, 0xfe, 0xfe, 0x00, 0xff, 0xff, 0xff, 0x01, 0x01, 0xfe, 0x01
    dc.b    0x02, 0xff, 0x00, 0x00, 0xff, 0xfe, 0xff, 0x00, 0xfc, 0x01, 0x01, 0x01, 0xfd, 0x03, 0x00, 0x02
    dc.b    0x00, 0x00, 0x02, 0xff, 0x02, 0x01, 0x01, 0xff, 0xff, 0xff, 0x01, 0xfe, 0x00, 0x01, 0xfe, 0x00
    dc.b    0xfd, 0xff, 0x01, 0xff, 0xff, 0xff, 0x00, 0x00, 0x02, 0xfe, 0x00, 0x02, 0xff, 0x02, 0xff, 0x00
    dc.b    0xff, 0x01, 0x00, 0xfd, 0xfe, 0xfe, 0x01, 0xfe, 0xff, 0xfe, 0xfc, 0xfe, 0x00, 0x01, 0x01, 0x02
    dc.b    0xff, 0x00, 0x03, 0x00, 0x00, 0xfe, 0xff, 0xff, 0x00, 0xff, 0x01, 0x00, 0xfe, 0xfe, 0xff, 0x00
    dc.b    0x00, 0xff, 0x01, 0xff, 0x00, 0x01, 0xfe, 0xff, 0xff, 0xfd, 0xff, 0xff, 0x00, 0x01, 0xfd, 0x00
    dc.b    0xff, 0x01, 0x01, 0xff, 0x00, 0x01, 0x00, 0xff, 0x01, 0x00, 0xff, 0x00, 0xfd, 0x00, 0xff, 0x00
    dc.b    0xfe, 0x00, 0xff, 0xfe, 0x01, 0x00, 0x00, 0xff, 0xff, 0x00, 0xfe, 0x02, 0x03, 0x01, 0x01, 0x01
    dc.b    0x00, 0x00, 0xff, 0xfd, 0x01, 0x00, 0x00, 0xfd, 0xff, 0xff, 0x00, 0x00, 0x00, 0xff, 0x00, 0x01
    dc.b    0x00, 0x00, 0xfe, 0x01, 0xfe, 0xff, 0xff, 0x01, 0x01, 0xfe, 0x00, 0x00, 0x02, 0x01, 0x00, 0x00
    dc.b    0x00, 0xff, 0xff, 0xfe, 0x00, 0x02, 0x00, 0xfe, 0xfe, 0xfd, 0x01, 0x00, 0xfe, 0x00, 0xff, 0x02
    dc.b    0x00, 0x03, 0xff, 0x01, 0x01, 0xff, 0xff, 0xfe, 0x02, 0xff, 0xfe, 0xfe, 0x00, 0xfe, 0x00, 0x01
    dc.b    0xfe, 0x01, 0x01, 0x01, 0xff, 0x01, 0x02, 0x00, 0xfe, 0xff, 0x00, 0xff, 0x00, 0xfe, 0xff, 0xff
    dc.b    0x01, 0xfe, 0xff, 0x02, 0xff, 0xff, 0xfe, 0x02, 0x00, 0xff, 0x00, 0x01, 0xfe, 0xff, 0x01, 0xff
    dc.b    0xff, 0x01, 0x01, 0x02, 0xff, 0xff, 0xff, 0xfe, 0x00, 0xff, 0x00, 0xff, 0x00, 0xff, 0xff, 0x00
    dc.b    0x00, 0x02, 0x00, 0xff, 0xfe, 0x01, 0x00, 0xff, 0xff, 0xff, 0x00, 0xfe, 0x00, 0xff, 0xff, 0xfe
    dc.b    0x00, 0xfe, 0xff, 0x00, 0x00, 0xff, 0xfd, 0x00, 0xff, 0xff, 0x01, 0x00, 0xff, 0xff, 0xfe, 0xfe
    dc.b    0x00, 0xff, 0x01, 0xff, 0xff, 0x01, 0xff, 0x00, 0x00, 0xff, 0xff, 0x00, 0xfe, 0xfe, 0xfe, 0xff
    dc.b    0xff, 0xfe, 0x00, 0x00, 0x01, 0x00, 0x01, 0x00, 0x00, 0x02, 0x01, 0xfe, 0x00, 0xff, 0xff, 0xfe
    dc.b    0xfe, 0x01, 0x00, 0xff, 0x00, 0x00, 0x00, 0x00, 0xff, 0xff, 0xff, 0x00, 0x00, 0xff, 0xff, 0x00
    dc.b    0x01, 0x01, 0xff, 0x00, 0xff, 0xff, 0xff, 0xfe, 0xff, 0xff, 0x00, 0xff, 0xff, 0xff, 0x00, 0x01
    dc.b    0xff, 0xfe, 0x01, 0x00, 0xfe, 0xff, 0xff, 0x00, 0x00, 0xff, 0xff, 0xfe, 0x00, 0x00, 0xfe, 0xff
    dc.b    0x02, 0xfc, 0xff, 0x00, 0xff, 0x01, 0xff, 0xff, 0x00, 0x01, 0xff, 0x01, 0xff, 0xff, 0x00, 0xff
    dc.b    0x00, 0x00, 0x00, 0xff, 0x01, 0x00, 0x00, 0x02, 0xfe, 0x00, 0x01, 0xfe, 0xff, 0xff, 0xff, 0xff
    dc.b    0xff, 0xff, 0x00, 0x00, 0x00, 0xff, 0xff, 0x00, 0xfe, 0x00, 0xff, 0x01, 0x00, 0x01, 0x01, 0x00
    dc.b    0xff, 0xfe, 0x01, 0xff, 0xff, 0xfe, 0x01, 0xfe, 0xff, 0x01, 0xff, 0x01, 0x00, 0x00, 0xff, 0x00
    dc.b    0x01, 0xff, 0xfe, 0x01, 0x00, 0xfe, 0xff, 0x00, 0x01, 0xfd, 0xff, 0x00, 0x00, 0x01, 0x00, 0xff
    dc.b    0xfe, 0x00, 0xfe, 0x00, 0xff, 0xff, 0xff, 0xff, 0x00, 0xff, 0x00, 0xfe, 0xff, 0xff, 0x00, 0xff
    dc.b    0x00, 0x00, 0x00, 0x00, 0x00, 0xff, 0xff, 0x00, 0xff, 0x01, 0xff, 0xff, 0x00, 0x01, 0x00, 0x00
    dc.b    0x00, 0xff, 0xff, 0xff, 0x00, 0xfe, 0x00, 0xfe, 0x00, 0xff, 0xff, 0x01, 0xff, 0xff, 0xff, 0xff
    dc.b    0xff, 0x01, 0xff, 0xff, 0x00, 0xfe, 0xff, 0xff, 0x01, 0x00, 0xfe, 0x00, 0x01, 0xff, 0x00, 0x00
    dc.b    0x01, 0xff, 0x00, 0x00, 0xfe, 0xff, 0x00, 0xff, 0xfe, 0x00, 0x00, 0x00, 0x00, 0x01, 0xff, 0xff
    dc.b    0x00, 0x01, 0xff, 0xff, 0xff, 0xff, 0xfe, 0x00, 0xff, 0xff, 0x00, 0xff, 0x00, 0x01, 0x01, 0x00
    dc.b    0xff, 0x00, 0x00, 0xff, 0x00, 0x00, 0x00, 0xff, 0xff, 0xff, 0xfe, 0xff, 0x01, 0xfd, 0xff, 0x00
    dc.b    0x00, 0x01, 0xff, 0x00, 0x00, 0x01, 0x01, 0xff, 0xff, 0xff, 0x00, 0xfd, 0xfe, 0x00, 0xff, 0xfe
    dc.b    0x00, 0xff, 0xff, 0x00, 0x00, 0x00, 0x00, 0x00, 0x01, 0x00, 0xff, 0x02, 0xff, 0xff, 0xff, 0x00
    dc.b    0xff, 0x00, 0xff, 0xff, 0x00, 0xfe, 0x00, 0x00, 0x00, 0x01, 0x00, 0x00, 0x00, 0x01, 0xff, 0x00
    dc.b    0xff, 0xff, 0xff, 0xff, 0xff, 0xff, 0x00, 0xfe, 0x00, 0xff, 0x00, 0xff, 0x00, 0x00, 0x00, 0x01
    dc.b    0xff, 0x00, 0xfe, 0xff, 0xff, 0xff, 0xff, 0x00, 0xff, 0xff, 0x00, 0xff, 0x00, 0x00, 0x00, 0x00
    dc.b    0xff, 0x01, 0xff, 0x00, 0xff, 0x00, 0xff, 0x00, 0x00, 0x00, 0xff, 0x00, 0x00, 0xff, 0xff, 0xfe
    dc.b    0xff, 0xfe, 0x00, 0x00, 0x01, 0xff, 0x00, 0x00, 0xff, 0x00, 0x00, 0x00, 0xff, 0xff, 0xff, 0xfe
    dc.b    0x00, 0xff, 0xff, 0xff, 0x00, 0x00, 0xff, 0x01, 0x00, 0x01, 0x00, 0x00, 0x00, 0xff, 0xff, 0x00
    dc.b    0xfe, 0xff, 0xff, 0xff, 0x00, 0xfe, 0xff, 0xff, 0x00, 0x00, 0x00, 0xff, 0x00, 0xff, 0xff, 0xfe
    dc.b    0x00, 0x00, 0xff, 0xfe, 0x00, 0x00, 0xff, 0xff, 0xff, 0x00, 0xff, 0x00, 0x00, 0xff, 0xff, 0x00
    dc.b    0xff, 0xff, 0x00, 0xff, 0x00, 0xfe, 0xff, 0x00, 0xff, 0xff, 0xff, 0x00, 0x00, 0x01, 0xff, 0x00
    dc.b    0x00, 0x00, 0xfe, 0x00, 0xff, 0xff, 0xff, 0x00, 0xff, 0x00, 0xff, 0x00, 0xff, 0xfe, 0x00, 0x00
    dc.b    0x00, 0xff, 0x01, 0x00, 0x00, 0xff, 0x01, 0x00, 0xff, 0x00, 0xff, 0xfe, 0xff, 0xff, 0xfe, 0x00
    dc.b    0x00, 0x00, 0x00, 0x00, 0x00, 0x00, 0x00, 0xff, 0xff, 0x00, 0x00, 0x00, 0xff, 0xff, 0xff, 0xff
    dc.b    0xff, 0x00, 0xff, 0xff, 0x00, 0x00, 0x00, 0x00, 0x00, 0x01, 0x00, 0xff, 0x00, 0xff, 0x01, 0x00
    dc.b    0x00, 0xff, 0xff, 0xff, 0x00, 0xfe, 0xff, 0xff, 0xfe, 0xff, 0x00, 0xff, 0x00, 0x00, 0x00, 0x00
    dc.b    0xff, 0x00, 0x01, 0x00, 0x00, 0xff, 0xff, 0x00, 0xfe, 0xff, 0xff, 0xff, 0xff, 0xff, 0xff, 0x00
    dc.b    0x00, 0xff, 0xff, 0xff, 0x01, 0x00, 0x00, 0x00, 0x00, 0x00, 0xff, 0x00, 0xff, 0x00, 0xff, 0xff
    dc.b    0x00, 0xff, 0x00, 0xff, 0xff, 0x00, 0xff, 0xff, 0x00, 0x00, 0xff, 0xff, 0x00, 0x00, 0xff, 0x00
    dc.b    0x00, 0x00, 0x00, 0x00, 0x00, 0xff, 0xff, 0x00, 0xff, 0x00, 0x00, 0xff, 0x00, 0x00, 0xff, 0x00
    dc.b    0xff, 0x00, 0x01, 0xff, 0x00, 0x00, 0xff, 0xff, 0x00, 0x00, 0x00, 0xff, 0xff, 0x00, 0x00, 0x00
    dc.b    0x00, 0xff, 0x00, 0x00, 0x00, 0xff, 0x00, 0xff, 0xfe, 0x00, 0xff, 0x00, 0x00, 0x00, 0x00, 0xff
    dc.b    0xff, 0x00, 0x00, 0xff, 0x00, 0x00, 0x00, 0xff, 0x00, 0xff, 0xff, 0xff, 0x00, 0xff, 0x00, 0x00
    dc.b    0x00, 0xff, 0x00, 0x01, 0xff, 0x00, 0xff, 0xff, 0x00, 0xfe, 0x00, 0xff, 0xff, 0x00, 0x00, 0xff
    dc.b    0x00, 0x00, 0x00, 0xff, 0xff, 0x00, 0xff, 0x00, 0x00, 0x00, 0x00, 0x00, 0x00, 0x00, 0xff, 0x00
    dc.b    0xff, 0xff, 0xff, 0x00, 0xff, 0xff, 0xff, 0x00, 0x00, 0x00, 0x00, 0xff, 0x00, 0xff, 0xff, 0xff
    dc.b    0x00, 0xff, 0xff, 0xff, 0xff, 0xff, 0x00, 0x00, 0xff, 0x00, 0xff, 0x00, 0xff, 0x00, 0x00, 0xff
    dc.b    0x00, 0xff, 0xff, 0xff, 0xff, 0x00, 0xff, 0x00, 0x00, 0xff, 0xff, 0xff, 0xff, 0x00, 0x00, 0xff
    dc.b    0x00, 0xff, 0x00, 0xff, 0xff, 0x00, 0xff, 0xff, 0xff, 0xff, 0x00, 0xff, 0x00, 0xff, 0x00, 0xff
    dc.b    0x00, 0xff, 0xff, 0x00, 0x00, 0x00, 0x00, 0x00, 0x00, 0xff, 0xff, 0xff, 0xff, 0xff, 0xff, 0xff
    dc.b    0x00, 0x00, 0xff, 0xff, 0x00, 0xff, 0x00, 0x00, 0xff, 0x00, 0x00, 0x00, 0xff, 0x00, 0xff, 0x00
    dc.b    0xff, 0x00, 0xff, 0x00, 0xff, 0x00, 0x00, 0xff, 0xff, 0xff, 0x00, 0xff, 0x00, 0x00, 0x00, 0xff
    dc.b    0x00, 0xff, 0xff, 0x00, 0xff, 0xff, 0xff, 0xff, 0xff, 0xff, 0xff, 0x00, 0xff, 0x00, 0x00, 0xff
    dc.b    0x00, 0xff, 0x00, 0xff, 0xff, 0x00, 0xff, 0x00, 0xff, 0x00, 0x00, 0xff, 0xff, 0xff, 0x00, 0xff
    dc.b    0x00, 0xff, 0x00, 0x00, 0xff, 0x00, 0xff, 0x00, 0xff, 0x00, 0xff, 0xff, 0xff, 0xff, 0xff, 0x00
    dc.b    0x00, 0xff, 0x00, 0xff, 0x00, 0x00, 0xff, 0x00, 0xff, 0xff, 0x00, 0xff, 0x00, 0xff, 0x00, 0xff
    dc.b    0x00, 0x00, 0xff, 0x00, 0x00, 0xff, 0x00, 0x00, 0xff, 0x00, 0x00, 0xff, 0x00, 0x00, 0x00, 0x00
    dc.b    0x00, 0x00, 0xff, 0xff, 0x00, 0xff, 0x00, 0xff, 0xff, 0x00, 0x00, 0xff, 0x00, 0x00, 0xff, 0x00
    dc.b    0xff, 0x00, 0x00, 0x00, 0xff, 0xff, 0xff, 0xff, 0xff, 0xff, 0xff, 0xff, 0x00, 0x00, 0xff, 0x00
    dc.b    0xff, 0x00, 0xff, 0x00, 0x00, 0xff, 0x00, 0xff, 0x00, 0xff, 0xff, 0x00, 0xff, 0xff, 0x00, 0x00
    dc.b    0xff, 0xff, 0xff, 0xff, 0x00, 0x00, 0x00, 0x00, 0x00, 0xff, 0xff, 0xff, 0xff, 0x00, 0xff, 0xff
    dc.b    0xff, 0xff, 0x00, 0xff, 0xff, 0xff, 0x00, 0xff, 0xff, 0xff, 0x00, 0xff, 0xff, 0x00, 0x00, 0x00
    dc.b    0xff, 0x00, 0xff, 0x00, 0x00, 0xff, 0xff, 0x00, 0xff, 0xff, 0x00, 0xff, 0x00, 0x00, 0xff, 0xff
    dc.b    0x00, 0x00, 0xff, 0x00, 0x00, 0x00, 0x00, 0xff, 0xff, 0xff, 0x00, 0x00, 0x00, 0xff, 0x00, 0xff
    dc.b    0xff, 0xff, 0xff, 0x00, 0xff, 0xff, 0x00, 0xff, 0xff, 0xff, 0xff, 0xff, 0x00, 0xff, 0xff, 0x00
    dc.b    0x00, 0x00, 0x00, 0xff, 0xff, 0x00, 0xff, 0xff, 0xff, 0x00, 0x00, 0xff, 0xff, 0x00, 0x00, 0x00
    dc.b    0x00, 0x00, 0xff, 0x00, 0x00, 0x00, 0x00, 0x00, 0xff, 0xff, 0xff, 0x00, 0x00, 0xff, 0xff, 0xff
    dc.b    0xff, 0x00, 0xff, 0xff, 0x00, 0xff, 0x00, 0x00, 0xff, 0x00, 0x00, 0xff, 0xff, 0xff, 0x00, 0x00
    dc.b    0xff, 0x00, 0xff, 0xff, 0x00, 0xff, 0x00, 0xff, 0x00, 0x00, 0xff, 0x00, 0x00, 0xff, 0x00, 0x00
    dc.b    0xff, 0xff, 0x00, 0x00, 0x00, 0x00, 0x00, 0xff, 0x00, 0xff, 0xff, 0xff, 0x00, 0x00, 0xff, 0xff
    dc.b    0x00, 0xff, 0x00, 0xff, 0xff, 0x00, 0xff, 0x00, 0x00, 0x00, 0x00, 0x00, 0x00, 0x00, 0x00, 0x00
    dc.b    0x00, 0x00, 0x00, 0x00, 0x00, 0x00, 0x00, 0x00, 0x00, 0x00, 0x00, 0x00, 0x00, 0x00, 0x00, 0x00
    dc.b    0x00, 0x00, 0x00, 0x00, 0x00, 0x00, 0x00, 0x00, 0x00, 0x00, 0x00, 0x00, 0x00, 0x00, 0x00, 0x00
    dc.b    0x00, 0x00, 0x00, 0x00, 0x00, 0x00, 0x00, 0x00, 0x00, 0x00, 0x00, 0x00, 0x00, 0x00, 0x00, 0x00
    dc.b    0x00, 0x00, 0x00, 0x00, 0x00, 0x00, 0x00, 0x00, 0x00, 0x00, 0x00, 0x00, 0x00, 0x00, 0x00, 0x00
    dc.b    0x00, 0x00, 0x00, 0x00, 0x00, 0x00, 0x00, 0x00, 0x00, 0x00, 0x00, 0x00, 0x00, 0x00, 0x00, 0x00
    dc.b    0x90, 0xe4, 0x00, 0x00, 0x01, 0x03, 0xb8, 0x03, 0x01, 0xf1, 0x32, 0xbf, 0xdf, 0x2c, 0x82, 0x0e
    dc.b    0x96, 0xc0, 0x00, 0xe7, 0xf4, 0x80, 0x06, 0x68, 0x42, 0xff, 0x46, 0xff, 0x4a, 0xff, 0x4e, 0xff
    dc.b    0xb6, 0xc0, 0x8a, 0x00, 0x01, 0x02, 0x04, 0x05, 0x00, 0x5e, 0x30, 0x2c, 0x34, 0x01, 0x38, 0x00
    dc.b    0x3c, 0x71, 0x40, 0x2a, 0x44, 0x10, 0x48, 0x1f, 0x4c, 0x13, 0x50, 0x1f, 0x54, 0x1f, 0x58, 0x1f
    dc.b    0x5c, 0x1f, 0x60, 0x08, 0x64, 0x11, 0x68, 0x08, 0x6c, 0x06, 0x52, 0x70, 0x00, 0x74, 0x00, 0x78
    dc.b    0x02, 0x7c, 0x00, 0x80, 0x33, 0x84, 0x46, 0x88, 0x36, 0x8c, 0x19, 0xb0, 0x01, 0xb4, 0xc0, 0x80
    dc.b    0x00, 0x42, 0xa4, 0x22, 0xa0, 0x5e, 0x80, 0xf0, 0x5e, 0x31, 0x38, 0x35, 0x08, 0x39, 0x78, 0x3d
    dc.b    0x08, 0x41, 0x1b, 0x45, 0x22, 0x49, 0x18, 0x4d, 0x12, 0x51, 0x54, 0x55, 0x58, 0x59, 0x52, 0x5d
    dc.b    0x54, 0x61, 0x08, 0x65, 0x05, 0x69, 0x08, 0x6d, 0x04, 0x52, 0x71, 0x02, 0x75, 0x04, 0x79, 0x04
    dc.b    0x7d, 0x03, 0x81, 0x27, 0x85, 0x24, 0x89, 0x17, 0x8d, 0x25, 0xb1, 0x3a, 0xb5, 0xc0, 0x80, 0x01
    dc.b    0x5e, 0x32, 0x38, 0x36, 0x08, 0x3a, 0x78, 0x3e, 0x08, 0x42, 0x1b, 0x46, 0x22, 0x4a, 0x18, 0x4e
    dc.b    0x18, 0x52, 0x54, 0x56, 0x58, 0x5a, 0x52, 0x5e, 0x54, 0x62, 0x08, 0x66, 0x05, 0x6a, 0x08, 0x6e
    dc.b    0x04, 0x52, 0x72, 0x02, 0x76, 0x04, 0x7a, 0x04, 0x7e, 0x03, 0x82, 0x27, 0x86, 0x24, 0x8a, 0x17
    dc.b    0x8e, 0x25, 0xb2, 0x3a, 0xb6, 0x40, 0x80, 0x02, 0x7e, 0x30, 0x33, 0x34, 0x70, 0x38, 0x53, 0x3c
    dc.b    0x30, 0x40, 0x0e, 0x44, 0x12, 0x48, 0x1b, 0x4c, 0x1a, 0x50, 0xdf, 0x54, 0x1f, 0x58, 0xdc, 0x5c
    dc.b    0x1f, 0x60, 0x14, 0x64, 0x01, 0x68, 0x05, 0x6c, 0x01, 0xfa, 0x93, 0x72, 0x70, 0x00, 0x74, 0x00
    dc.b    0x78, 0x01, 0x7c, 0x1d, 0x80, 0x11, 0x84, 0x10, 0x88, 0x21, 0x8c, 0xf9, 0xb0, 0x28, 0xb4, 0xc0
    dc.b    0x80, 0x04, 0x62, 0xa4, 0x1a, 0xa0, 0x5e, 0x80, 0xf4, 0x7e, 0xa4, 0x1a, 0xa0, 0x60, 0x31, 0x53
    dc.b    0x35, 0x51, 0x39, 0x51, 0x3d, 0x51, 0x41, 0x1b, 0x45, 0x10, 0x49, 0x11, 0x4d, 0x1d, 0x51, 0xdf
    dc.b    0x55, 0x1f, 0x59, 0xdf, 0x5d, 0x1f, 0x61, 0x07, 0x65, 0x07, 0x76, 0x69, 0x0e, 0x6d, 0x04, 0x71
    dc.b    0x04, 0x75, 0x03, 0x79, 0x03, 0x7d, 0x08, 0x81, 0xf7, 0x85, 0x74, 0x89, 0x33, 0x8d, 0x67, 0xb1
    dc.b    0x38, 0xb5, 0x80, 0x80, 0x05, 0x62, 0xa5, 0x1b, 0xa1, 0x8f, 0x80, 0xf5, 0x62, 0xa5, 0x1b, 0xa1
    dc.b    0x91, 0xde, 0x44, 0x33, 0x45, 0x27, 0x46, 0x27, 0x47, 0x46, 0x48, 0x24, 0x49, 0x24, 0x4a, 0x36
    dc.b    0x4b, 0x17, 0x4c, 0x17, 0x4d, 0x19, 0x4e, 0x25, 0x4f, 0x25, 0x50, 0x11, 0x51, 0xf7, 0x53, 0x10
    dc.b    0x54, 0x74, 0xc8, 0x56, 0x21, 0x57, 0x33, 0x59, 0xf9, 0x5a, 0x67, 0x60, 0x80, 0x0e, 0x30, 0xff
    dc.b    0x20, 0x83, 0x66, 0xa4, 0x1a, 0xa0, 0x62, 0xa5, 0x1b, 0xa1, 0x93, 0x01, 0x0a, 0x66, 0xa4, 0x1a
    dc.b    0xa0, 0x60, 0xa5, 0x1b, 0xa1, 0x91, 0x0a, 0x66, 0xa4, 0x1a, 0xa0, 0x5e, 0xa5, 0x1b, 0xa1, 0x8f
    dc.b    0x0c, 0x20, 0x82, 0x66, 0xa4, 0x1a, 0xa0, 0x5c, 0xa5, 0x1b, 0xa1, 0x8d, 0x0a, 0x66, 0xa4, 0x1a
    dc.b    0xa0, 0x5a, 0xa5, 0x1b, 0xa1, 0x8b, 0x03, 0x20, 0x81, 0x1c, 0x24, 0x87, 0x09, 0xf2, 0x80, 0x01
    dc.b    0x42, 0xa5, 0x0b, 0xa1, 0x8f, 0x80, 0xf1, 0x42, 0xa5, 0x0b, 0xa1, 0x94, 0x66, 0xa4, 0x1a, 0xa0
    dc.b    0x5c, 0xa5, 0x1b, 0xa1, 0x8d, 0x13, 0x30, 0xff, 0x20, 0x88, 0x42, 0xa5, 0x0b, 0xa1, 0x99, 0x66
    dc.b    0xa4, 0x1a, 0xa0, 0x5e, 0xa5, 0x1b, 0xa1, 0x8f, 0x0a, 0x66, 0xa4, 0x1a, 0xa0, 0x60, 0xa5, 0x1b
    dc.b    0xa1, 0x91, 0x0f, 0x42, 0xa5, 0x0b, 0xa1, 0x94, 0x66, 0xa4, 0x1a, 0xa0, 0x62, 0xa5, 0x1b, 0xa1
    dc.b    0x93, 0x06, 0x42, 0xa5, 0x0b, 0xa1, 0x8f, 0x11, 0x20, 0x87, 0x42, 0xa5, 0x0b, 0xa1, 0x8a, 0x66
    dc.b    0xa4, 0x1a, 0xa0, 0x60, 0xa5, 0x1b, 0xa1, 0x91, 0x0f, 0x42, 0xa5, 0x0b, 0xa1, 0x85, 0x66, 0xa4
    dc.b    0x1a, 0xa0, 0x5e, 0xa5, 0x1b, 0xa1, 0x8f, 0x0c, 0x20, 0x86, 0x66, 0xa4, 0x1a, 0xa0, 0x5c, 0xa5
    dc.b    0x1b, 0xa1, 0x8d, 0x1c, 0x24, 0x81, 0x07, 0xf2, 0x80, 0x01, 0x42, 0xa5, 0x12, 0xa1, 0x5e, 0x80
    dc.b    0xf1, 0x42, 0xa5, 0x12, 0xa1, 0x63, 0x66, 0xa4, 0x1a, 0xa0, 0x5a, 0xa5, 0x1b, 0xa1, 0x8b, 0x0a
    dc.b    0x30, 0xff, 0x20, 0x82, 0x42, 0xa5, 0x12, 0xa1, 0x68, 0x0a, 0x66, 0xa4, 0x1a, 0xa0, 0x5c, 0xa5
    dc.b    0x1b, 0xa1, 0x8d, 0x0f, 0x42, 0xa5, 0x12, 0xa1, 0x63, 0x66, 0xa4, 0x1a, 0xa0, 0x5e, 0xa5, 0x1b
    dc.b    0xa1, 0x8f, 0x0f, 0x42, 0xa5, 0x12, 0xa1, 0x5e, 0x66, 0xa4, 0x1a, 0xa0, 0x60, 0xa5, 0x1b, 0xa1
    dc.b    0x91, 0x11, 0x20, 0x81, 0x42, 0xa5, 0x12, 0xa1, 0x59, 0x66, 0xa4, 0x1a, 0xa0, 0x62, 0xa5, 0x1b
    dc.b    0xa1, 0x93, 0x06, 0x42, 0xa5, 0x12, 0xa1, 0x54, 0x0c, 0x20, 0x80, 0x66, 0xa4, 0x1a, 0xa0, 0x60
    dc.b    0xa5, 0x1b, 0xa1, 0x91, 0xdb, 0x30, 0xdf, 0x2e, 0x87, 0x09, 0x96, 0xa3, 0x0e, 0xba, 0xc0, 0x00
    dc.b    0x22, 0xe7, 0xf2, 0x5c, 0xa4, 0x22, 0xa0, 0x5e, 0xa5, 0x12, 0xa1, 0x54, 0x30, 0x2c, 0x31, 0x38
    dc.b    0x32, 0x38, 0x34, 0x01, 0x35, 0x08, 0x36, 0x08, 0x38, 0x00, 0x39, 0x78, 0x3a, 0x78, 0x3c, 0x71
    dc.b    0x3d, 0x08, 0x5e, 0x3e, 0x08, 0x40, 0x2a, 0x41, 0x1b, 0x42, 0x1b, 0x44, 0x10, 0x45, 0x22, 0x46
    dc.b    0x22, 0x48, 0x1f, 0x49, 0x18, 0x4a, 0x18, 0x4c, 0x13, 0x4d, 0x12, 0x4e, 0x18, 0x50, 0x1f, 0x51
    dc.b    0x54, 0x52, 0x54, 0x5e, 0x54, 0x1f, 0x55, 0x58, 0x56, 0x58, 0x58, 0x1f, 0x59, 0x52, 0x5a, 0x52
    dc.b    0x5c, 0x1f, 0x5d, 0x54, 0x5e, 0x54, 0x60, 0x08, 0x61, 0x08, 0x62, 0x08, 0x64, 0x11, 0x65, 0x05
    dc.b    0x66, 0x05, 0x68, 0x08, 0x5e, 0x69, 0x08, 0x6a, 0x08, 0x6c, 0x06, 0x6d, 0x04, 0x6e, 0x04, 0x70
    dc.b    0x00, 0x71, 0x02, 0x72, 0x02, 0x74, 0x00, 0x75, 0x04, 0x76, 0x04, 0x78, 0x02, 0x79, 0x04, 0x7a
    dc.b    0x04, 0x7c, 0x00, 0x7d, 0x03, 0x5e, 0x7e, 0x03, 0x80, 0x33, 0x81, 0x27, 0x82, 0x27, 0x84, 0x46
    dc.b    0x85, 0x24, 0x86, 0x24, 0x88, 0x36, 0x89, 0x17, 0x8a, 0x17, 0x8c, 0x19, 0x8d, 0x25, 0x8e, 0x25
    dc.b    0xb0, 0x01, 0xb1, 0x3a, 0xb2, 0x3a, 0x44, 0xb4, 0xc0, 0xb5, 0xc0, 0xb6, 0x40, 0x7e, 0xa4, 0x1a
    dc.b    0xa0, 0x60, 0xa5, 0x1b, 0xa1, 0x91, 0x30, 0x33, 0x31, 0x53, 0x34, 0x70, 0x35, 0x51, 0x38, 0x53
    dc.b    0x39, 0x51, 0x3c, 0x30, 0x3d, 0x51, 0x40, 0x0e, 0x41, 0x1b, 0x42, 0xff, 0x44, 0x12, 0xfa, 0x77
    dc.b    0x7e, 0x45, 0x10, 0x46, 0xff, 0x48, 0x1b, 0x49, 0x11, 0x4a, 0xff, 0x4c, 0x1a, 0x4d, 0x1d, 0x4e
    dc.b    0xff, 0x50, 0xdf, 0x51, 0xdf, 0x54, 0x1f, 0x55, 0x1f, 0x58, 0xdc, 0x59, 0xdf, 0x5c, 0x1f, 0x5d
    dc.b    0x1f, 0x7e, 0x60, 0x14, 0x61, 0x07, 0x64, 0x01, 0x65, 0x07, 0x68, 0x05, 0x69, 0x0e, 0x6c, 0x01
    dc.b    0x6d, 0x04, 0x70, 0x00, 0x71, 0x04, 0x74, 0x00, 0x75, 0x03, 0x78, 0x01, 0x79, 0x03, 0x7c, 0x1d
    dc.b    0x7d, 0x08, 0x78, 0x80, 0x11, 0x81, 0xf7, 0x84, 0x10, 0x85, 0x74, 0x88, 0x21, 0x89, 0x33, 0x8c
    dc.b    0xf9, 0x8d, 0x67, 0xb0, 0x28, 0xb1, 0x38, 0xb4, 0xc0, 0xb5, 0x80, 0xb6, 0xc0, 0x80, 0x01, 0x42
    dc.b    0xa5, 0x12, 0xa1, 0xd3, 0x80, 0xf1, 0x42, 0xa5, 0x12, 0xa1, 0xd8, 0x80, 0x02, 0x66, 0xa4, 0x1a
    dc.b    0xa0, 0x5e, 0xa5, 0x1b, 0xa1, 0x8f, 0x14, 0x30, 0xff, 0x22, 0x88, 0xa5, 0x42, 0xa5, 0x12, 0xa1
    dc.b    0xdd, 0x66, 0xa4, 0x1a, 0xa0, 0x5c, 0xa5, 0x1b, 0xa1, 0x8d, 0x0a, 0x66, 0xa4, 0x1a, 0xa0, 0x5a
    dc.b    0xa5, 0x1b, 0xa1, 0x8b, 0x06, 0x42, 0xa5, 0x12, 0xa1, 0xd8, 0x0f, 0x42, 0xa5, 0x12, 0xa1, 0xd3
    dc.b    0x66, 0xa4, 0x1a, 0xa0, 0x5c, 0xa5, 0x1b, 0xa1, 0x8d, 0x14, 0x22, 0x87, 0xa3, 0x42, 0xa5, 0x12
    dc.b    0xa1, 0xce, 0x66, 0xa4, 0x1a, 0xa0, 0x5e, 0xa5, 0x1b, 0xa1, 0x8f, 0xb8, 0x02, 0x0f, 0x42, 0xa5
    dc.b    0x12, 0xa1, 0xc9, 0x66, 0xa4, 0x1a, 0xa0, 0x60, 0xa5, 0x1b, 0xa1, 0x91, 0x0d, 0x22, 0x86, 0xa1
    dc.b    0x66, 0xa4, 0x1a, 0xa0, 0x62, 0xa5, 0x1b, 0xa1, 0x93, 0x47, 0x28, 0x82, 0x0e, 0xa8, 0x09, 0xf2
    dc.b    0x80, 0x00, 0x42, 0xa4, 0x1c, 0xa0, 0x3c, 0x82, 0xf0, 0x01, 0x42, 0xa5, 0x12, 0xa1, 0xab, 0x80
    dc.b    0xf1, 0x42, 0xa5, 0x12, 0xa1, 0xb0, 0x80, 0x02, 0x42, 0xa6, 0x0b, 0xa2, 0x8f, 0x80, 0xf2, 0x42
    dc.b    0xa6, 0x0b, 0xa2, 0x94, 0x80, 0x04, 0x62, 0xa4, 0x14, 0xa0, 0x3c, 0x80, 0xf4, 0x62, 0xa4, 0x14
    dc.b    0xa0, 0x3e, 0x80, 0x05, 0x62, 0xa5, 0x1b, 0xa1, 0x2d, 0x80, 0xf5, 0x62, 0xa5, 0x1b, 0xa1, 0x2f
    dc.b    0x18, 0x30, 0xff, 0x22, 0x83, 0xaa, 0x46, 0xa5, 0x12, 0xa1, 0xb5, 0xa6, 0x0b, 0xa2, 0x99, 0x66
    dc.b    0xa4, 0x14, 0xa0, 0x40, 0xa5, 0x1b, 0xa1, 0x31, 0x01, 0x13, 0x46, 0xa5, 0x12, 0xa1, 0xb0, 0xa6
    dc.b    0x0b, 0xa2, 0x94, 0x66, 0xa4, 0x14, 0xa0, 0x3e, 0xa5, 0x1b, 0xa1, 0x2f, 0x13, 0x46, 0xa5, 0x12
    dc.b    0xa1, 0xab, 0xa6, 0x0b, 0xa2, 0x8f, 0x66, 0xa4, 0x14, 0xa0, 0x3c, 0xa5, 0x1b, 0xa1, 0x2d, 0x16
    dc.b    0x22, 0x82, 0xa8, 0x46, 0xa5, 0x12, 0xa1, 0xa6, 0xa6, 0x0b, 0xa2, 0x8a, 0x66, 0xa4, 0x14, 0xa0
    dc.b    0x3a, 0xa5, 0x1b, 0xa1, 0x2b, 0x13, 0x46, 0xa5, 0x12, 0xa1, 0xa1, 0xa6, 0x0b, 0xa2, 0x85, 0x66
    dc.b    0xa4, 0x14, 0xa0, 0x38, 0xa5, 0x1b, 0xa1, 0x29, 0x04, 0x22, 0x81, 0xa6, 0x2c, 0x28, 0x87, 0x09
    dc.b    0xa2, 0x07, 0xf2, 0x80, 0x01, 0x42, 0xa5, 0x0b, 0xa1, 0x8f, 0x80, 0xf1, 0x42, 0xa5, 0x0b, 0xa1
    dc.b    0x94, 0x80, 0x02, 0x42, 0xa6, 0x12, 0xa2, 0x5e, 0x80, 0xf2, 0x42, 0xa6, 0x12, 0xa2, 0x63, 0x66
    dc.b    0xa4, 0x14, 0xa0, 0x3a, 0xa5, 0x1b, 0xa1, 0x2b, 0x18, 0x30, 0xff, 0x22, 0x88, 0xa4, 0x46, 0xa5
    dc.b    0x0b, 0xa1, 0x99, 0xa6, 0x12, 0xa2, 0x68, 0x66, 0xa4, 0x14, 0xa0, 0x3c, 0xa5, 0x1b, 0xa1, 0x2d
    dc.b    0x0a, 0x66, 0xa4, 0x14, 0xa0, 0x3e, 0xa5, 0x1b, 0xa1, 0x2f, 0x13, 0x46, 0xa5, 0x0b, 0xa1, 0x94
    dc.b    0xa6, 0x12, 0xa2, 0x63, 0x66, 0xa4, 0x14, 0xa0, 0x40, 0xa5, 0x1b, 0xa1, 0x31, 0x0a, 0x46, 0xa5
    dc.b    0x0b, 0xa1, 0x8f, 0xa6, 0x12, 0xa2, 0x5e, 0x16, 0x22, 0x87, 0xa2, 0x46, 0xa5, 0x0b, 0xa1, 0x8a
    dc.b    0xa6, 0x12, 0xa2, 0x59, 0x66, 0xa4, 0x14, 0xa0, 0x3e, 0xa5, 0x1b, 0xa1, 0x2f, 0x13, 0x46, 0xa5
    dc.b    0x0b, 0xa1, 0x85, 0xa6, 0x12, 0xa2, 0x54, 0x66, 0xa4, 0x14, 0xa0, 0x3c, 0xa5, 0x1b, 0xa1, 0x2d
    dc.b    0x0d, 0x22, 0x86, 0xa0, 0x66, 0xa4, 0x14, 0xa0, 0x3a, 0xa5, 0x1b, 0xa1, 0x2b, 0x2c, 0x28, 0x81
    dc.b    0x07, 0xa8, 0x09, 0xf2, 0x80, 0x01, 0x42, 0xa5, 0x13, 0xa1, 0x8f, 0x80, 0xf1, 0x42, 0xa5, 0x13
    dc.b    0xa1, 0x94, 0x80, 0x02, 0x42, 0xa6, 0x12, 0xa2, 0xd3, 0x80, 0xf2, 0x42, 0xa6, 0x12, 0xa2, 0xd8
    dc.b    0x66, 0xa4, 0x14, 0xa0, 0x38, 0xa5, 0x1b, 0xa1, 0x29, 0x0f, 0x30, 0xff, 0x22, 0x82, 0xaa, 0x46
    dc.b    0xa5, 0x13, 0xa1, 0x99, 0xa6, 0x12, 0xa2, 0xdd, 0x0a, 0x66, 0xa4, 0x14, 0xa0, 0x3a, 0xa5, 0x1b
    dc.b    0xa1, 0x2b, 0x13, 0x46, 0xa5, 0x13, 0xa1, 0x94, 0xa6, 0x12, 0xa2, 0xd8, 0x66, 0xa4, 0x14, 0xa0
    dc.b    0x3c, 0xa5, 0x1b, 0xa1, 0x2d, 0x13, 0x46, 0xa5, 0x13, 0xa1, 0x8f, 0xa6, 0x12, 0xa2, 0xd3, 0x66
    dc.b    0xa4, 0x14, 0xa0, 0x3e, 0xa5, 0x1b, 0xa1, 0x2f, 0x16, 0x22, 0x81, 0xa8, 0x46, 0xa5, 0x13, 0xa1
    dc.b    0x8a, 0xa6, 0x12, 0xa2, 0xce, 0x66, 0xa4, 0x14, 0xa0, 0x40, 0xa5, 0x1b, 0xa1, 0x31, 0x0a, 0x46
    dc.b    0xa5, 0x13, 0xa1, 0x85, 0xa6, 0x12, 0xa2, 0xc9, 0x0d, 0x22, 0x80, 0xa6, 0x66, 0xa4, 0x14, 0xa0
    dc.b    0x3e, 0xa5, 0x1b, 0xa1, 0x2f, 0x2c, 0x28, 0x87, 0x09, 0xa3, 0x0e, 0xf2, 0x80, 0x01, 0x42, 0xa5
    dc.b    0x0b, 0xa1, 0x8f, 0x80, 0xf1, 0x42, 0xa5, 0x0b, 0xa1, 0x94, 0x80, 0x02, 0x42, 0xa6, 0x12, 0xa2
    dc.b    0xab, 0x80, 0xf2, 0x42, 0xa6, 0x12, 0xa2, 0xb0, 0x66, 0xa4, 0x14, 0xa0, 0x3c, 0xa5, 0x1b, 0xa1
    dc.b    0x2d, 0x18, 0x30, 0xff, 0x22, 0x88, 0xa5, 0x46, 0xa5, 0x0b, 0xa1, 0x99, 0xa6, 0x12, 0xa2, 0xb5
    dc.b    0x66, 0xa4, 0x14, 0xa0, 0x3a, 0xa5, 0x1b, 0xa1, 0x2b, 0x0a, 0x66, 0xa4, 0x14, 0xa0, 0x38, 0xa5
    dc.b    0x1b, 0xa1, 0x29, 0x0a, 0x46, 0xa5, 0x0b, 0xa1, 0x94, 0xa6, 0x12, 0xa2, 0xb0, 0x13, 0x46, 0xa5
    dc.b    0x0b, 0xa1, 0x8f, 0xa6, 0x12, 0xa2, 0xab, 0x66, 0xa4, 0x14, 0xa0, 0x3a, 0xa5, 0x1b, 0xa1, 0x2b
    dc.b    0x18, 0x22, 0x87, 0xa3, 0x46, 0xa5, 0x0b, 0xa1, 0x8a, 0xa6, 0x12, 0xa2, 0xa6, 0x66, 0xa4, 0x14
    dc.b    0xa0, 0x3c, 0xa5, 0x1b, 0xa1, 0x2d, 0xb8, 0x02, 0x13, 0x46, 0xa5, 0x0b, 0xa1, 0x85, 0xa6, 0x12
    dc.b    0xa2, 0xa1, 0x66, 0xa4, 0x14, 0xa0, 0x3e, 0xa5, 0x1b, 0xa1, 0x2f, 0x0d, 0x22, 0x86, 0xa1, 0x66
    dc.b    0xa4, 0x14, 0xa0, 0x40, 0xa5, 0x1b, 0xa1, 0x31, 0x47, 0x28, 0x82, 0x0e, 0xa8, 0x09, 0xf2, 0x80
    dc.b    0x00, 0x42, 0xa4, 0x1b, 0xa0, 0xc5, 0x82, 0xf0, 0x01, 0x42, 0xa5, 0x13, 0xa1, 0x2d, 0x80, 0xf1
    dc.b    0x42, 0xa5, 0x13, 0xa1, 0x32, 0x80, 0x02, 0x42, 0xa6, 0x0b, 0xa2, 0x8f, 0x80, 0xf2, 0x42, 0xa6
    dc.b    0x0b, 0xa2, 0x94, 0x80, 0x04, 0x62, 0xa4, 0x13, 0xa0, 0xc5, 0x80, 0xf4, 0x62, 0xa4, 0x13, 0xa0
    dc.b    0xc7, 0x80, 0x05, 0x62, 0xa5, 0x1a, 0xa1, 0xd3, 0x80, 0xf5, 0x62, 0xa5, 0x1a, 0xa1, 0xd5, 0x18
    dc.b    0x30, 0xff, 0x22, 0x83, 0xaa, 0x46, 0xa5, 0x13, 0xa1, 0x37, 0xa6, 0x0b, 0xa2, 0x99, 0x66, 0xa4
    dc.b    0x13, 0xa0, 0xc9, 0xa5, 0x1a, 0xa1, 0xd7, 0x01, 0x13, 0x46, 0xa5, 0x13, 0xa1, 0x32, 0xa6, 0x0b
    dc.b    0xa2, 0x94, 0x66, 0xa4, 0x13, 0xa0, 0xc7, 0xa5, 0x1a, 0xa1, 0xd5, 0x13, 0x46, 0xa5, 0x13, 0xa1
    dc.b    0x2d, 0xa6, 0x0b, 0xa2, 0x8f, 0x66, 0xa4, 0x13, 0xa0, 0xc5, 0xa5, 0x1a, 0xa1, 0xd3, 0x16, 0x22
    dc.b    0x82, 0xa8, 0x46, 0xa5, 0x13, 0xa1, 0x28, 0xa6, 0x0b, 0xa2, 0x8a, 0x66, 0xa4, 0x13, 0xa0, 0xc3
    dc.b    0xa5, 0x1a, 0xa1, 0xd1, 0x13, 0x46, 0xa5, 0x13, 0xa1, 0x23, 0xa6, 0x0b, 0xa2, 0x85, 0x66, 0xa4
    dc.b    0x13, 0xa0, 0xc1, 0xa5, 0x1a, 0xa1, 0xcf, 0x04, 0x22, 0x81, 0xa6, 0x2c, 0x28, 0x87, 0x09, 0xa2
    dc.b    0x07, 0xf2, 0x80, 0x01, 0x42, 0xa5, 0x12, 0xa1, 0x5e, 0x80, 0xf1, 0x42, 0xa5, 0x12, 0xa1, 0x63
    dc.b    0x80, 0x02, 0x42, 0xa6, 0x13, 0xa2, 0x8f, 0x80, 0xf2, 0x42, 0xa6, 0x13, 0xa2, 0x94, 0x66, 0xa4
    dc.b    0x13, 0xa0, 0xc3, 0xa5, 0x1a, 0xa1, 0xd1, 0x18, 0x30, 0xff, 0x22, 0x88, 0xa4, 0x46, 0xa5, 0x12
    dc.b    0xa1, 0x68, 0xa6, 0x13, 0xa2, 0x99, 0x66, 0xa4, 0x13, 0xa0, 0xc5, 0xa5, 0x1a, 0xa1, 0xd3, 0x0a
    dc.b    0x66, 0xa4, 0x13, 0xa0, 0xc7, 0xa5, 0x1a, 0xa1, 0xd5, 0x13, 0x46, 0xa5, 0x12, 0xa1, 0x63, 0xa6
    dc.b    0x13, 0xa2, 0x94, 0x66, 0xa4, 0x13, 0xa0, 0xc9, 0xa5, 0x1a, 0xa1, 0xd7, 0x0a, 0x46, 0xa5, 0x12
    dc.b    0xa1, 0x5e, 0xa6, 0x13, 0xa2, 0x8f, 0x16, 0x22, 0x87, 0xa2, 0x46, 0xa5, 0x12, 0xa1, 0x59, 0xa6
    dc.b    0x13, 0xa2, 0x8a, 0x66, 0xa4, 0x13, 0xa0, 0xc7, 0xa5, 0x1a, 0xa1, 0xd5, 0x13, 0x46, 0xa5, 0x12
    dc.b    0xa1, 0x54, 0xa6, 0x13, 0xa2, 0x85, 0x66, 0xa4, 0x13, 0xa0, 0xc5, 0xa5, 0x1a, 0xa1, 0xd3, 0x0d
    dc.b    0x22, 0x86, 0xa0, 0x66, 0xa4, 0x13, 0xa0, 0xc3, 0xa5, 0x1a, 0xa1, 0xd1, 0x2c, 0x28, 0x81, 0x07
    dc.b    0xa8, 0x09, 0xf2, 0x80, 0x01, 0x42, 0xa5, 0x1a, 0xa1, 0x5e, 0x80, 0xf1, 0x42, 0xa5, 0x1a, 0xa1
    dc.b    0x63, 0x80, 0x02, 0x42, 0xa6, 0x0b, 0xa2, 0x8f, 0x80, 0xf2, 0x42, 0xa6, 0x0b, 0xa2, 0x94, 0x66
    dc.b    0xa4, 0x13, 0xa0, 0xc1, 0xa5, 0x1a, 0xa1, 0xcf, 0x0f, 0x30, 0xff, 0x22, 0x82, 0xaa, 0x46, 0xa5
    dc.b    0x1a, 0xa1, 0x68, 0xa6, 0x0b, 0xa2, 0x99, 0x0a, 0x66, 0xa4, 0x13, 0xa0, 0xc3, 0xa5, 0x1a, 0xa1
    dc.b    0xd1, 0x13, 0x46, 0xa5, 0x1a, 0xa1, 0x63, 0xa6, 0x0b, 0xa2, 0x94, 0x66, 0xa4, 0x13, 0xa0, 0xc5
    dc.b    0xa5, 0x1a, 0xa1, 0xd3, 0x13, 0x46, 0xa5, 0x1a, 0xa1, 0x5e, 0xa6, 0x0b, 0xa2, 0x8f, 0x66, 0xa4
    dc.b    0x13, 0xa0, 0xc7, 0xa5, 0x1a, 0xa1, 0xd5, 0x16, 0x22, 0x81, 0xa8, 0x46, 0xa5, 0x1a, 0xa1, 0x59
    dc.b    0xa6, 0x0b, 0xa2, 0x8a, 0x66, 0xa4, 0x13, 0xa0, 0xc9, 0xa5, 0x1a, 0xa1, 0xd7, 0x0a, 0x46, 0xa5
    dc.b    0x1a, 0xa1, 0x54, 0xa6, 0x0b, 0xa2, 0x85, 0x0d, 0x22, 0x80, 0xa6, 0x66, 0xa4, 0x13, 0xa0, 0xc7
    dc.b    0xa5, 0x1a, 0xa1, 0xd5, 0x2c, 0x28, 0x87, 0x09, 0xa3, 0x0e, 0xf2, 0x80, 0x01, 0x42, 0xa5, 0x12
    dc.b    0xa1, 0x5e, 0x80, 0xf1, 0x42, 0xa5, 0x12, 0xa1, 0x63, 0x80, 0x02, 0x42, 0xa6, 0x13, 0xa2, 0x2d
    dc.b    0x80, 0xf2, 0x42, 0xa6, 0x13, 0xa2, 0x32, 0x66, 0xa4, 0x13, 0xa0, 0xc5, 0xa5, 0x1a, 0xa1, 0xd3
    dc.b    0x18, 0x30, 0xff, 0x22, 0x88, 0xa5, 0x46, 0xa5, 0x12, 0xa1, 0x68, 0xa6, 0x13, 0xa2, 0x37, 0x66
    dc.b    0xa4, 0x13, 0xa0, 0xc3, 0xa5, 0x1a, 0xa1, 0xd1, 0x0a, 0x66, 0xa4, 0x13, 0xa0, 0xc1, 0xa5, 0x1a
    dc.b    0xa1, 0xcf, 0x0a, 0x46, 0xa5, 0x12, 0xa1, 0x63, 0xa6, 0x13, 0xa2, 0x32, 0x13, 0x46, 0xa5, 0x12
    dc.b    0xa1, 0x5e, 0xa6, 0x13, 0xa2, 0x2d, 0x66, 0xa4, 0x13, 0xa0, 0xc3, 0xa5, 0x1a, 0xa1, 0xd1, 0x18
    dc.b    0x22, 0x87, 0xa3, 0x46, 0xa5, 0x12, 0xa1, 0x59, 0xa6, 0x13, 0xa2, 0x28, 0x66, 0xa4, 0x13, 0xa0
    dc.b    0xc5, 0xa5, 0x1a, 0xa1, 0xd3, 0xb8, 0x02, 0x13, 0x46, 0xa5, 0x12, 0xa1, 0x54, 0xa6, 0x13, 0xa2
    dc.b    0x23, 0x66, 0xa4, 0x13, 0xa0, 0xc7, 0xa5, 0x1a, 0xa1, 0xd5, 0x0d, 0x22, 0x86, 0xa1, 0x66, 0xa4
    dc.b    0x13, 0xa0, 0xc9, 0xa5, 0x1a, 0xa1, 0xd7, 0x47, 0x28, 0x82, 0x0e, 0xa8, 0x09, 0xf2, 0x80, 0x00
    dc.b    0x42, 0xa4, 0x1b, 0xa0, 0x8f, 0x82, 0xf0, 0x01, 0x42, 0xa5, 0x12, 0xa1, 0xd3, 0x80, 0xf1, 0x42
    dc.b    0xa5, 0x12, 0xa1, 0xd8, 0x80, 0x02, 0x42, 0xa6, 0x12, 0xa2, 0x5e, 0x80, 0xf2, 0x42, 0xa6, 0x12
    dc.b    0xa2, 0x63, 0x80, 0x04, 0x62, 0xa4, 0x13, 0xa0, 0x8f, 0x80, 0xf4, 0x62, 0xa4, 0x13, 0xa0, 0x91
    dc.b    0x80, 0x05, 0x62, 0xa5, 0x1a, 0xa1, 0xab, 0x80, 0xf5, 0x62, 0xa5, 0x1a, 0xa1, 0xad, 0x18, 0x30
    dc.b    0xff, 0x22, 0x83, 0xaa, 0x46, 0xa5, 0x12, 0xa1, 0xdd, 0xa6, 0x12, 0xa2, 0x68, 0x66, 0xa4, 0x13
    dc.b    0xa0, 0x93, 0xa5, 0x1a, 0xa1, 0xaf, 0x01, 0x13, 0x46, 0xa5, 0x12, 0xa1, 0xd8, 0xa6, 0x12, 0xa2
    dc.b    0x63, 0x66, 0xa4, 0x13, 0xa0, 0x91, 0xa5, 0x1a, 0xa1, 0xad, 0x13, 0x46, 0xa5, 0x12, 0xa1, 0xd3
    dc.b    0xa6, 0x12, 0xa2, 0x5e, 0x66, 0xa4, 0x13, 0xa0, 0x8f, 0xa5, 0x1a, 0xa1, 0xab, 0x16, 0x22, 0x82
    dc.b    0xa8, 0x46, 0xa5, 0x12, 0xa1, 0xce, 0xa6, 0x12, 0xa2, 0x59, 0x66, 0xa4, 0x13, 0xa0, 0x8d, 0xa5
    dc.b    0x1a, 0xa1, 0xa9, 0x13, 0x46, 0xa5, 0x12, 0xa1, 0xc9, 0xa6, 0x12, 0xa2, 0x54, 0x66, 0xa4, 0x13
    dc.b    0xa0, 0x8b, 0xa5, 0x1a, 0xa1, 0xa7, 0x04, 0x22, 0x81, 0xa6, 0x2c, 0x28, 0x87, 0x09, 0xa2, 0x07
    dc.b    0xf2, 0x80, 0x01, 0x42, 0xa5, 0x12, 0xa1, 0x5e, 0x80, 0xf1, 0x42, 0xa5, 0x12, 0xa1, 0x63, 0x80
    dc.b    0x02, 0x42, 0xa6, 0x1a, 0xa2, 0x5e, 0x80, 0xf2, 0x42, 0xa6, 0x1a, 0xa2, 0x63, 0x66, 0xa4, 0x13
    dc.b    0xa0, 0x8d, 0xa5, 0x1a, 0xa1, 0xa9, 0x18, 0x30, 0xff, 0x22, 0x88, 0xa4, 0x46, 0xa5, 0x12, 0xa1
    dc.b    0x68, 0xa6, 0x1a, 0xa2, 0x68, 0x66, 0xa4, 0x13, 0xa0, 0x8f, 0xa5, 0x1a, 0xa1, 0xab, 0x0a, 0x66
    dc.b    0xa4, 0x13, 0xa0, 0x91, 0xa5, 0x1a, 0xa1, 0xad, 0x13, 0x46, 0xa5, 0x12, 0xa1, 0x63, 0xa6, 0x1a
    dc.b    0xa2, 0x63, 0x66, 0xa4, 0x13, 0xa0, 0x93, 0xa5, 0x1a, 0xa1, 0xaf, 0x0a, 0x46, 0xa5, 0x12, 0xa1
    dc.b    0x5e, 0xa6, 0x1a, 0xa2, 0x5e, 0x16, 0x22, 0x87, 0xa2, 0x46, 0xa5, 0x12, 0xa1, 0x59, 0xa6, 0x1a
    dc.b    0xa2, 0x59, 0x66, 0xa4, 0x13, 0xa0, 0x91, 0xa5, 0x1a, 0xa1, 0xad, 0x13, 0x46, 0xa5, 0x12, 0xa1
    dc.b    0x54, 0xa6, 0x1a, 0xa2, 0x54, 0x66, 0xa4, 0x13, 0xa0, 0x8f, 0xa5, 0x1a, 0xa1, 0xab, 0x0d, 0x22
    dc.b    0x86, 0xa0, 0x66, 0xa4, 0x13, 0xa0, 0x8d, 0xa5, 0x1a, 0xa1, 0xa9, 0x2c, 0x28, 0x81, 0x07, 0xa8
    dc.b    0x09, 0xf2, 0x80, 0x01, 0x42, 0xa5, 0x1a, 0xa1, 0x5e, 0x80, 0xf1, 0x42, 0xa5, 0x1a, 0xa1, 0x63
    dc.b    0x80, 0x02, 0x42, 0xa6, 0x12, 0xa2, 0x5e, 0x80, 0xf2, 0x42, 0xa6, 0x12, 0xa2, 0x63, 0x66, 0xa4
    dc.b    0x13, 0xa0, 0x8b, 0xa5, 0x1a, 0xa1, 0xa7, 0x0f, 0x30, 0xff, 0x22, 0x82, 0xaa, 0x46, 0xa5, 0x1a
    dc.b    0xa1, 0x68, 0xa6, 0x12, 0xa2, 0x68, 0x0a, 0x66, 0xa4, 0x13, 0xa0, 0x8d, 0xa5, 0x1a, 0xa1, 0xa9
    dc.b    0x13, 0x46, 0xa5, 0x1a, 0xa1, 0x63, 0xa6, 0x12, 0xa2, 0x63, 0x66, 0xa4, 0x13, 0xa0, 0x8f, 0xa5
    dc.b    0x1a, 0xa1, 0xab, 0x13, 0x46, 0xa5, 0x1a, 0xa1, 0x5e, 0xa6, 0x12, 0xa2, 0x5e, 0x66, 0xa4, 0x13
    dc.b    0xa0, 0x91, 0xa5, 0x1a, 0xa1, 0xad, 0x16, 0x22, 0x81, 0xa8, 0x46, 0xa5, 0x1a, 0xa1, 0x59, 0xa6
    dc.b    0x12, 0xa2, 0x59, 0x66, 0xa4, 0x13, 0xa0, 0x93, 0xa5, 0x1a, 0xa1, 0xaf, 0x0a, 0x46, 0xa5, 0x1a
    dc.b    0xa1, 0x54, 0xa6, 0x12, 0xa2, 0x54, 0x0d, 0x22, 0x80, 0xa6, 0x66, 0xa4, 0x13, 0xa0, 0x91, 0xa5
    dc.b    0x1a, 0xa1, 0xad, 0x2c, 0x28, 0x87, 0x09, 0xa3, 0x0e, 0xf2, 0x80, 0x01, 0x42, 0xa5, 0x12, 0xa1
    dc.b    0x5e, 0x80, 0xf1, 0x42, 0xa5, 0x12, 0xa1, 0x63, 0x80, 0x02, 0x42, 0xa6, 0x12, 0xa2, 0xd3, 0x80
    dc.b    0xf2, 0x42, 0xa6, 0x12, 0xa2, 0xd8, 0x66, 0xa4, 0x13, 0xa0, 0x8f, 0xa5, 0x1a, 0xa1, 0xab, 0x18
    dc.b    0x30, 0xff, 0x22, 0x88, 0xa5, 0x46, 0xa5, 0x12, 0xa1, 0x68, 0xa6, 0x12, 0xa2, 0xdd, 0x66, 0xa4
    dc.b    0x13, 0xa0, 0x8d, 0xa5, 0x1a, 0xa1, 0xa9, 0x0a, 0x66, 0xa4, 0x13, 0xa0, 0x8b, 0xa5, 0x1a, 0xa1
    dc.b    0xa7, 0x0a, 0x46, 0xa5, 0x12, 0xa1, 0x63, 0xa6, 0x12, 0xa2, 0xd8, 0x13, 0x46, 0xa5, 0x12, 0xa1
    dc.b    0x5e, 0xa6, 0x12, 0xa2, 0xd3, 0x66, 0xa4, 0x13, 0xa0, 0x8d, 0xa5, 0x1a, 0xa1, 0xa9, 0x18, 0x22
    dc.b    0x87, 0xa3, 0x46, 0xa5, 0x12, 0xa1, 0x59, 0xa6, 0x12, 0xa2, 0xce, 0x66, 0xa4, 0x13, 0xa0, 0x8f
    dc.b    0xa5, 0x1a, 0xa1, 0xab, 0xb8, 0x02, 0x13, 0x46, 0xa5, 0x12, 0xa1, 0x54, 0xa6, 0x12, 0xa2, 0xc9
    dc.b    0x66, 0xa4, 0x13, 0xa0, 0x91, 0xa5, 0x1a, 0xa1, 0xad, 0x0d, 0x22, 0x86, 0xa1, 0x66, 0xa4, 0x13
    dc.b    0xa0, 0x93, 0xa5, 0x1a, 0xa1, 0xaf, 0x47, 0x28, 0x87, 0x08, 0xa8, 0x09, 0xf2, 0x80, 0x00, 0x42
    dc.b    0xa4, 0x1b, 0xa0, 0x5c, 0x82, 0xf0, 0x01, 0x42, 0xa5, 0x12, 0xa1, 0xab, 0x80, 0xf1, 0x42, 0xa5
    dc.b    0x12, 0xa1, 0xb0, 0x80, 0x02, 0x42, 0xa6, 0x12, 0xa2, 0x5e, 0x80, 0xf2, 0x42, 0xa6, 0x12, 0xa2
    dc.b    0x63, 0x80, 0x04, 0x62, 0xa4, 0x13, 0xa0, 0x5c, 0x80, 0xf4, 0x62, 0xa4, 0x13, 0xa0, 0x5e, 0x80
    dc.b    0x05, 0x62, 0xa5, 0x1a, 0xa1, 0x84, 0x80, 0xf5, 0x62, 0xa5, 0x1a, 0xa1, 0x86, 0x18, 0x30, 0xff
    dc.b    0x22, 0x88, 0xaa, 0x46, 0xa5, 0x12, 0xa1, 0xb5, 0xa6, 0x12, 0xa2, 0x68, 0x66, 0xa4, 0x13, 0xa0
    dc.b    0x60, 0xa5, 0x1a, 0xa1, 0x88, 0x01, 0x13, 0x46, 0xa5, 0x12, 0xa1, 0xb0, 0xa6, 0x12, 0xa2, 0x63
    dc.b    0x66, 0xa4, 0x13, 0xa0, 0x5e, 0xa5, 0x1a, 0xa1, 0x86, 0x13, 0x46, 0xa5, 0x12, 0xa1, 0xab, 0xa6
    dc.b    0x12, 0xa2, 0x5e, 0x66, 0xa4, 0x13, 0xa0, 0x5c, 0xa5, 0x1a, 0xa1, 0x84, 0x16, 0x22, 0x87, 0xa8
    dc.b    0x46, 0xa5, 0x12, 0xa1, 0xa6, 0xa6, 0x12, 0xa2, 0x59, 0x66, 0xa4, 0x13, 0xa0, 0x5a, 0xa5, 0x1a
    dc.b    0xa1, 0x82, 0x13, 0x46, 0xa5, 0x12, 0xa1, 0xa1, 0xa6, 0x12, 0xa2, 0x54, 0x66, 0xa4, 0x13, 0xa0
    dc.b    0x58, 0xa5, 0x1a, 0xa1, 0x80, 0x04, 0x22, 0x86, 0xa6, 0x2c, 0x28, 0x81, 0x07, 0xa2, 0x07, 0xf2
    dc.b    0x80, 0x01, 0x42, 0xa5, 0x0b, 0xa1, 0xff, 0x80, 0xf1, 0x42, 0xa5, 0x0c, 0xa1, 0x04, 0x80, 0x02
    dc.b    0x42, 0xa6, 0x1a, 0xa2, 0x5e, 0x80, 0xf2, 0x42, 0xa6, 0x1a, 0xa2, 0x63, 0x66, 0xa4, 0x13, 0xa0
    dc.b    0x5a, 0xa5, 0x1a, 0xa1, 0x82, 0x18, 0x30, 0xff, 0x22, 0x82, 0xa4, 0x46, 0xa5, 0x0c, 0xa1, 0x09
    dc.b    0xa6, 0x1a, 0xa2, 0x68, 0x66, 0xa4, 0x13, 0xa0, 0x5c, 0xa5, 0x1a, 0xa1, 0x84, 0x0a, 0x66, 0xa4
    dc.b    0x13, 0xa0, 0x5e, 0xa5, 0x1a, 0xa1, 0x86, 0x13, 0x46, 0xa5, 0x0c, 0xa1, 0x04, 0xa6, 0x1a, 0xa2
    dc.b    0x63, 0x66, 0xa4, 0x13, 0xa0, 0x60, 0xa5, 0x1a, 0xa1, 0x88, 0x0a, 0x46, 0xa5, 0x0b, 0xa1, 0xff
    dc.b    0xa6, 0x1a, 0xa2, 0x5e, 0x16, 0x22, 0x81, 0xa2, 0x46, 0xa5, 0x0b, 0xa1, 0xfa, 0xa6, 0x1a, 0xa2
    dc.b    0x59, 0x66, 0xa4, 0x13, 0xa0, 0x5e, 0xa5, 0x1a, 0xa1, 0x86, 0x13, 0x46, 0xa5, 0x0b, 0xa1, 0xf5
    dc.b    0xa6, 0x1a, 0xa2, 0x54, 0x66, 0xa4, 0x13, 0xa0, 0x5c, 0xa5, 0x1a, 0xa1, 0x84, 0x0d, 0x22, 0x80
    dc.b    0xa0, 0x66, 0xa4, 0x13, 0xa0, 0x5a, 0xa5, 0x1a, 0xa1, 0x82, 0x2c, 0x28, 0x8f, 0x05, 0xa8, 0x09
    dc.b    0xf2, 0x80, 0x01, 0x42, 0xa5, 0x0b, 0xa1, 0x5c, 0x80, 0xf1, 0x42, 0xa5, 0x0b, 0xa1, 0x61, 0x80
    dc.b    0x02, 0x42, 0xa6, 0x12, 0xa2, 0x5e, 0x80, 0xf2, 0x42, 0xa6, 0x12, 0xa2, 0x63, 0x66, 0xa4, 0x13
    dc.b    0xa0, 0x58, 0xa5, 0x1a, 0xa1, 0x80, 0x10, 0x30, 0xff, 0x24, 0x80, 0x06, 0xaa, 0x46, 0xa5, 0x0b
    dc.b    0xa1, 0x66, 0xa6, 0x12, 0xa2, 0x68, 0x0a, 0x66, 0xa4, 0x13, 0xa0, 0x5a, 0xa5, 0x1a, 0xa1, 0x82
    dc.b    0x13, 0x46, 0xa5, 0x0b, 0xa1, 0x61, 0xa6, 0x12, 0xa2, 0x63, 0x66, 0xa4, 0x13, 0xa0, 0x5c, 0xa5
    dc.b    0x1a, 0xa1, 0x84, 0x13, 0x46, 0xa5, 0x0b, 0xa1, 0x5c, 0xa6, 0x12, 0xa2, 0x5e, 0x66, 0xa4, 0x13
    dc.b    0xa0, 0x5e, 0xa5, 0x1a, 0xa1, 0x86, 0x17, 0x24, 0x8f, 0x05, 0xa8, 0x46, 0xa5, 0x0b, 0xa1, 0x57
    dc.b    0xa6, 0x12, 0xa2, 0x59, 0x66, 0xa4, 0x13, 0xa0, 0x60, 0xa5, 0x1a, 0xa1, 0x88, 0x0a, 0x46, 0xa5
    dc.b    0x0b, 0xa1, 0x52, 0xa6, 0x12, 0xa2, 0x54, 0x0d, 0x22, 0x8e, 0xa6, 0x66, 0xa4, 0x13, 0xa0, 0x5e
    dc.b    0xa5, 0x1a, 0xa1, 0x86, 0x2c, 0x28, 0x81, 0x07, 0xa8, 0x08, 0xf2, 0x80, 0x01, 0x42, 0xa5, 0x0b
    dc.b    0xa1, 0xff, 0x80, 0xf1, 0x42, 0xa5, 0x0c, 0xa1, 0x04, 0x80, 0x02, 0x42, 0xa6, 0x12, 0xa2, 0xab
    dc.b    0x80, 0xf2, 0x42, 0xa6, 0x12, 0xa2, 0xb0, 0x66, 0xa4, 0x13, 0xa0, 0x5c, 0xa5, 0x1a, 0xa1, 0x84
    dc.b    0x18, 0x30, 0xff, 0x22, 0x82, 0xaa, 0x46, 0xa5, 0x0c, 0xa1, 0x09, 0xa6, 0x12, 0xa2, 0xb5, 0x66
    dc.b    0xa4, 0x13, 0xa0, 0x5a, 0xa5, 0x1a, 0xa1, 0x82, 0x0a, 0x66, 0xa4, 0x13, 0xa0, 0x58, 0xa5, 0x1a
    dc.b    0xa1, 0x80, 0x0a, 0x46, 0xa5, 0x0c, 0xa1, 0x04, 0xa6, 0x12, 0xa2, 0xb0, 0x13, 0x46, 0xa5, 0x0b
    dc.b    0xa1, 0xff, 0xa6, 0x12, 0xa2, 0xab, 0x66, 0xa4, 0x13, 0xa0, 0x5a, 0xa5, 0x1a, 0xa1, 0x82, 0x18
    dc.b    0x22, 0x81, 0xa8, 0x46, 0xa5, 0x0b, 0xa1, 0xfa, 0xa6, 0x12, 0xa2, 0xa6, 0x66, 0xa4, 0x13, 0xa0
    dc.b    0x5c, 0xa5, 0x1a, 0xa1, 0x84, 0xb8, 0x02, 0x13, 0x46, 0xa5, 0x0b, 0xa1, 0xf5, 0xa6, 0x12, 0xa2
    dc.b    0xa1, 0x66, 0xa4, 0x13, 0xa0, 0x5e, 0xa5, 0x1a, 0xa1, 0x86, 0x0d, 0x22, 0x80, 0xa6, 0x66, 0xa4
    dc.b    0x13, 0xa0, 0x60, 0xa5, 0x1a, 0xa1, 0x88, 0x23, 0x28, 0x83, 0x04, 0xa2, 0x07, 0xf2, 0x80, 0x01
    dc.b    0x42, 0xa5, 0x12, 0xa1, 0xab, 0x80, 0xf1, 0x42, 0xa5, 0x12, 0xa1, 0xb0, 0x80, 0x02, 0x42, 0xa6
    dc.b    0x0b, 0xa2, 0xff, 0x80, 0xf2, 0x42, 0xa6, 0x0c, 0xa2, 0x04, 0x18, 0x30, 0xff, 0x22, 0x84, 0xa4
    dc.b    0x46, 0xa5, 0x12, 0xa1, 0xb5, 0xa6, 0x0c, 0xa2, 0x09, 0x66, 0xa4, 0x13, 0xa0, 0x5e, 0xa5, 0x1a
    dc.b    0xa1, 0x86, 0x0a, 0x66, 0xa4, 0x13, 0xa0, 0x5c, 0xa5, 0x1a, 0xa1, 0x84, 0x13, 0x46, 0xa5, 0x12
    dc.b    0xa1, 0xb0, 0xa6, 0x0c, 0xa2, 0x04, 0x66, 0xa4, 0x13, 0xa0, 0x5a, 0xa5, 0x1a, 0xa1, 0x82, 0x13
    dc.b    0x46, 0xa5, 0x12, 0xa1, 0xab, 0xa6, 0x0b, 0xa2, 0xff, 0x66, 0xa4, 0x13, 0xa0, 0x58, 0xa5, 0x1a
    dc.b    0xa1, 0x80, 0x0d, 0x22, 0x83, 0xa2, 0x46, 0xa5, 0x12, 0xa1, 0xa6, 0xa6, 0x0b, 0xa2, 0xfa, 0x13
    dc.b    0x46, 0xa5, 0x12, 0xa1, 0xa1, 0xa6, 0x0b, 0xa2, 0xf5, 0x66, 0xa4, 0x13, 0xa0, 0x5a, 0xa5, 0x1a
    dc.b    0xa1, 0x82, 0x0d, 0x22, 0x82, 0xa0, 0x66, 0xa4, 0x13, 0xa0, 0x5c, 0xa5, 0x1a, 0xa1, 0x84, 0x23
    dc.b    0x28, 0x8f, 0x05, 0xa0, 0x06, 0xf2, 0x42, 0xa5, 0x12, 0xa1, 0xa6, 0x80, 0x02, 0x42, 0xa6, 0x0b
    dc.b    0xa2, 0x5c, 0x80, 0xf2, 0x42, 0xa6, 0x0b, 0xa2, 0x61, 0x66, 0xa4, 0x13, 0xa0, 0x5e, 0xa5, 0x1a
    dc.b    0xa1, 0x86, 0x19, 0x30, 0xff, 0x24, 0x80, 0x06, 0xa2, 0x46, 0xa5, 0x12, 0xa1, 0xab, 0xa6, 0x0b
    dc.b    0xa2, 0x66, 0x66, 0xa4, 0x13, 0xa0, 0x60, 0xa5, 0x1a, 0xa1, 0x88, 0x06, 0x42, 0xa5, 0x12, 0xa1
    dc.b    0xb0, 0x13, 0x46, 0xa5, 0x12, 0xa1, 0xb5, 0xa6, 0x0b, 0xa2, 0x61, 0x66, 0xa4, 0x13, 0xa0, 0x5e
    dc.b    0xa5, 0x1a, 0xa1, 0x86, 0x0f, 0x42, 0xa6, 0x0b, 0xa2, 0x5c, 0x66, 0xa4, 0x13, 0xa0, 0x5c, 0xa5
    dc.b    0x1a, 0xa1, 0x84, 0x17, 0x24, 0x8f, 0x05, 0xa0, 0x46, 0xa5, 0x12, 0xa1, 0xb0, 0xa6, 0x0b, 0xa2
    dc.b    0x57, 0x66, 0xa4, 0x13, 0xa0, 0x5a, 0xa5, 0x1a, 0xa1, 0x82, 0x13, 0x46, 0xa5, 0x12, 0xa1, 0xab
    dc.b    0xa6, 0x0b, 0xa2, 0x52, 0x66, 0xa4, 0x13, 0xa0, 0x58, 0xa5, 0x1a, 0xa1, 0x80, 0x0a, 0x24, 0x8e
    dc.b    0xae, 0x05, 0x42, 0xa5, 0x12, 0xa1, 0xa6, 0x23, 0x28, 0x89, 0x03, 0xa2, 0x07, 0xf2, 0x42, 0xa5
    dc.b    0x12, 0xa1, 0xa1, 0x80, 0x02, 0x42, 0xa6, 0x0b, 0xa2, 0xff, 0x80, 0xf2, 0x42, 0xa6, 0x0c, 0xa2
    dc.b    0x04, 0x66, 0xa4, 0x13, 0xa0, 0x5a, 0xa5, 0x1a, 0xa1, 0x82, 0x14, 0x30, 0xff, 0x22, 0x8a, 0xa4
    dc.b    0x42, 0xa6, 0x0c, 0xa2, 0x09, 0x66, 0xa4, 0x13, 0xa0, 0x5c, 0xa5, 0x1a, 0xa1, 0x84, 0x0f, 0x42
    dc.b    0xa5, 0x12, 0xa1, 0xa6, 0x66, 0xa4, 0x13, 0xa0, 0x5e, 0xa5, 0x1a, 0xa1, 0x86, 0x13, 0x46, 0xa5
    dc.b    0x12, 0xa1, 0xab, 0xa6, 0x0c, 0xa2, 0x04, 0x66, 0xa4, 0x13, 0xa0, 0x60, 0xa5, 0x1a, 0xa1, 0x88
    dc.b    0x0a, 0x46, 0xa5, 0x12, 0xa1, 0xb0, 0xa6, 0x0b, 0xa2, 0xff, 0x16, 0x22, 0x89, 0xa2, 0x46, 0xa5
    dc.b    0x12, 0xa1, 0xb5, 0xa6, 0x0b, 0xa2, 0xfa, 0x66, 0xa4, 0x13, 0xa0, 0x5e, 0xa5, 0x1a, 0xa1, 0x86
    dc.b    0x0f, 0x42, 0xa6, 0x0b, 0xa2, 0xf5, 0x66, 0xa4, 0x13, 0xa0, 0x5c, 0xa5, 0x1a, 0xa1, 0x84, 0x12
    dc.b    0x22, 0x88, 0xa0, 0x42, 0xa5, 0x12, 0xa1, 0xb0, 0x66, 0xa4, 0x13, 0xa0, 0x5a, 0xa5, 0x1a, 0xa1
    dc.b    0x82, 0x23, 0x28, 0x83, 0x04, 0xa4, 0x04, 0xf2, 0x42, 0xa5, 0x12, 0xa1, 0xab, 0x80, 0x02, 0x42
    dc.b    0xa6, 0x12, 0xa2, 0xab, 0x80, 0xf2, 0x42, 0xa6, 0x12, 0xa2, 0xb0, 0x66, 0xa4, 0x13, 0xa0, 0x58
    dc.b    0xa5, 0x1a, 0xa1, 0x80, 0x0f, 0x30, 0xff, 0x22, 0x84, 0xa6, 0x46, 0xa5, 0x12, 0xa1, 0xa6, 0xa6
    dc.b    0x12, 0xa2, 0xb5, 0x0f, 0x42, 0xa5, 0x12, 0xa1, 0xa1, 0x66, 0xa4, 0x13, 0xa0, 0x5a, 0xa5, 0x1a
    dc.b    0xa1, 0x82, 0x0f, 0x42, 0xa6, 0x12, 0xa2, 0xb0, 0x66, 0xa4, 0x13, 0xa0, 0x5c, 0xa5, 0x1a, 0xa1
    dc.b    0x84, 0x13, 0x46, 0xa5, 0x12, 0xa1, 0xa6, 0xa6, 0x12, 0xa2, 0xab, 0x66, 0xa4, 0x13, 0xa0, 0x5e
    dc.b    0xa5, 0x1a, 0xa1, 0x86, 0x18, 0x22, 0x83, 0xa4, 0x46, 0xa5, 0x12, 0xa1, 0xab, 0xa6, 0x12, 0xa2
    dc.b    0xa6, 0x66, 0xa4, 0x13, 0xa0, 0x60, 0xa5, 0x1a, 0xa1, 0x88, 0xb8, 0x02, 0x0a, 0x46, 0xa5, 0x12
    dc.b    0xa1, 0xb0, 0xa6, 0x12, 0xa2, 0xa1, 0x12, 0x22, 0x82, 0xa2, 0x42, 0xa5, 0x12, 0xa1, 0xb5, 0x66
    dc.b    0xa4, 0x13, 0xa0, 0x5e, 0xa5, 0x1a, 0xa1, 0x86, 0x1e, 0x28, 0x80, 0x03, 0xa0, 0x06, 0xf2, 0x80
    dc.b    0x00, 0x42, 0xa4, 0x23, 0xa0, 0x5c, 0x80, 0xf0, 0x42, 0xa6, 0x12, 0xa2, 0xa6, 0x66, 0xa4, 0x13
    dc.b    0xa0, 0x5c, 0xa5, 0x1a, 0xa1, 0x84, 0x18, 0x30, 0xff, 0x22, 0x81, 0xa2, 0x46, 0xa5, 0x12, 0xa1
    dc.b    0xb0, 0xa6, 0x12, 0xa2, 0xab, 0x66, 0xa4, 0x13, 0xa0, 0x5a, 0xa5, 0x1a, 0xa1, 0x82, 0x13, 0x46
    dc.b    0xa5, 0x12, 0xa1, 0xab, 0xa6, 0x12, 0xa2, 0xb0, 0x66, 0xa4, 0x13, 0xa0, 0x58, 0xa5, 0x1a, 0xa1
    dc.b    0x80, 0x0a, 0x46, 0xa5, 0x12, 0xa1, 0xa6, 0xa6, 0x12, 0xa2, 0xb5, 0x0f, 0x42, 0xa5, 0x12, 0xa1
    dc.b    0xa1, 0x66, 0xa4, 0x13, 0xa0, 0x5a, 0xa5, 0x1a, 0xa1, 0x82, 0x12, 0x22, 0x80, 0xa0, 0x42, 0xa6
    dc.b    0x12, 0xa2, 0xb0, 0x66, 0xa4, 0x13, 0xa0, 0x5c, 0xa5, 0x1a, 0xa1, 0x84, 0x13, 0x46, 0xa5, 0x12
    dc.b    0xa1, 0xa6, 0xa6, 0x12, 0xa2, 0xab, 0x66, 0xa4, 0x13, 0xa0, 0x5e, 0xa5, 0x1a, 0xa1, 0x86, 0x18
    dc.b    0x26, 0x8f, 0x02, 0xae, 0x05, 0x46, 0xa5, 0x12, 0xa1, 0xab, 0xa6, 0x12, 0xa2, 0xa6, 0x66, 0xa4
    dc.b    0x13, 0xa0, 0x60, 0xa5, 0x1a, 0xa1, 0x88, 0x19, 0x28, 0x89, 0x03, 0xaa, 0x03, 0xf2, 0x80, 0x01
    dc.b    0x42, 0xa5, 0x13, 0xa1, 0xff, 0x80, 0xf1, 0x46, 0xa5, 0x14, 0xa1, 0x04, 0xa6, 0x12, 0xa2, 0xa1
    dc.b    0x14, 0x30, 0xff, 0x22, 0x8a, 0xac, 0x42, 0xa5, 0x14, 0xa1, 0x09, 0x66, 0xa4, 0x13, 0xa0, 0x5e
    dc.b    0xa5, 0x1a, 0xa1, 0x86, 0x0f, 0x42, 0xa6, 0x12, 0xa2, 0xa6, 0x66, 0xa4, 0x13, 0xa0, 0x5c, 0xa5
    dc.b    0x1a, 0xa1, 0x84, 0x13, 0x46, 0xa5, 0x14, 0xa1, 0x04, 0xa6, 0x12, 0xa2, 0xab, 0x66, 0xa4, 0x13
    dc.b    0xa0, 0x5a, 0xa5, 0x1a, 0xa1, 0x82, 0x13, 0x46, 0xa5, 0x13, 0xa1, 0xff, 0xa6, 0x12, 0xa2, 0xb0
    dc.b    0x66, 0xa4, 0x13, 0xa0, 0x58, 0xa5, 0x1a, 0xa1, 0x80, 0x0d, 0x22, 0x89, 0xaa, 0x46, 0xa5, 0x13
    dc.b    0xa1, 0xfa, 0xa6, 0x12, 0xa2, 0xb5, 0x0f, 0x42, 0xa5, 0x13, 0xa1, 0xf5, 0x66, 0xa4, 0x13, 0xa0
    dc.b    0x5a, 0xa5, 0x1a, 0xa1, 0x82, 0x12, 0x22, 0x88, 0xa8, 0x42, 0xa6, 0x12, 0xa2, 0xb0, 0x66, 0xa4
    dc.b    0x13, 0xa0, 0x5c, 0xa5, 0x1a, 0xa1, 0x84, 0x22, 0x28, 0x83, 0x04, 0xa4, 0x04, 0xf2, 0x80, 0x01
    dc.b    0x42, 0xa5, 0x13, 0xa1, 0x5c, 0x80, 0xf1, 0x46, 0xa5, 0x13, 0xa1, 0x61, 0xa6, 0x12, 0xa2, 0xab
    dc.b    0x66, 0xa4, 0x13, 0xa0, 0x5e, 0xa5, 0x1a, 0xa1, 0x86, 0x18, 0x30, 0xff, 0x22, 0x84, 0xa6, 0x46
    dc.b    0xa5, 0x13, 0xa1, 0x66, 0xa6, 0x12, 0xa2, 0xa6, 0x66, 0xa4, 0x13, 0xa0, 0x60, 0xa5, 0x1a, 0xa1
    dc.b    0x88, 0x06, 0x42, 0xa6, 0x12, 0xa2, 0xa1, 0x0f, 0x42, 0xa5, 0x13, 0xa1, 0x61, 0x66, 0xa4, 0x13
    dc.b    0xa0, 0x5e, 0xa5, 0x1a, 0xa1, 0x86, 0x13, 0x46, 0xa5, 0x13, 0xa1, 0x5c, 0xa6, 0x12, 0xa2, 0xa6
    dc.b    0x66, 0xa4, 0x13, 0xa0, 0x5c, 0xa5, 0x1a, 0xa1, 0x84, 0x16, 0x22, 0x83, 0xa4, 0x46, 0xa5, 0x13
    dc.b    0xa1, 0x57, 0xa6, 0x12, 0xa2, 0xab, 0x66, 0xa4, 0x13, 0xa0, 0x5a, 0xa5, 0x1a, 0xa1, 0x82, 0x13
    dc.b    0x46, 0xa5, 0x13, 0xa1, 0x52, 0xa6, 0x12, 0xa2, 0xb0, 0x66, 0xa4, 0x13, 0xa0, 0x58, 0xa5, 0x1a
    dc.b    0xa1, 0x80, 0x09, 0x22, 0x82, 0xa2, 0x42, 0xa6, 0x12, 0xa2, 0xb5, 0x1e, 0x28, 0x8f, 0x05, 0xa1
    dc.b    0x03, 0xf2, 0x80, 0x01, 0x42, 0xa5, 0x13, 0xa1, 0xff, 0x80, 0xf1, 0x42, 0xa5, 0x14, 0xa1, 0x04
    dc.b    0x66, 0xa4, 0x13, 0xa0, 0x5a, 0xa5, 0x1a, 0xa1, 0x82, 0x19, 0x30, 0xff, 0x24, 0x80, 0x06, 0xa3
    dc.b    0x46, 0xa5, 0x14, 0xa1, 0x09, 0xa6, 0x12, 0xa2, 0xb0, 0x66, 0xa4, 0x13, 0xa0, 0x5c, 0xa5, 0x1a
    dc.b    0xa1, 0x84, 0x0f, 0x42, 0xa6, 0x12, 0xa2, 0xab, 0x66, 0xa4, 0x13, 0xa0, 0x5e, 0xa5, 0x1a, 0xa1
    dc.b    0x86, 0x13, 0x46, 0xa5, 0x14, 0xa1, 0x04, 0xa6, 0x12, 0xa2, 0xa6, 0x66, 0xa4, 0x13, 0xa0, 0x60
    dc.b    0xa5, 0x1a, 0xa1, 0x88, 0x0a, 0x46, 0xa5, 0x13, 0xa1, 0xff, 0xa6, 0x12, 0xa2, 0xa1, 0x15, 0x24
    dc.b    0x8f, 0x05, 0xa1, 0x42, 0xa5, 0x13, 0xa1, 0xfa, 0x66, 0xa4, 0x13, 0xa0, 0x5e, 0xa5, 0x1a, 0xa1
    dc.b    0x86, 0xb8, 0x02, 0x13, 0x46, 0xa5, 0x13, 0xa1, 0xf5, 0xa6, 0x12, 0xa2, 0xa6, 0x66, 0xa4, 0x13
    dc.b    0xa0, 0x5c, 0xa5, 0x1a, 0xa1, 0x84, 0x13, 0x24, 0x8e, 0xaf, 0x02, 0x42, 0xa6, 0x12, 0xa2, 0xab
    dc.b    0x66, 0xa4, 0x13, 0xa0, 0x5a, 0xa5, 0x1a, 0xa1, 0x82, 0x2c, 0x28, 0x83, 0x04, 0xaa, 0x03, 0xf2
    dc.b    0x80, 0x01, 0x42, 0xa5, 0x1a, 0xa1, 0x5e, 0x80, 0xf1, 0x42, 0xa5, 0x1a, 0xa1, 0x63, 0x80, 0x02
    dc.b    0x42, 0xa6, 0x13, 0xa2, 0xff, 0x80, 0xf2, 0x42, 0xa6, 0x14, 0xa2, 0x04, 0x66, 0xa4, 0x13, 0xa0
    dc.b    0x58, 0xa5, 0x1a, 0xa1, 0x80, 0x0f, 0x30, 0xff, 0x22, 0x84, 0xac, 0x46, 0xa5, 0x1a, 0xa1, 0x68
    dc.b    0xa6, 0x14, 0xa2, 0x09, 0x0a, 0x66, 0xa4, 0x13, 0xa0, 0x5a, 0xa5, 0x1a, 0xa1, 0x82, 0x13, 0x46
    dc.b    0xa5, 0x1a, 0xa1, 0x63, 0xa6, 0x14, 0xa2, 0x04, 0x66, 0xa4, 0x13, 0xa0, 0x5c, 0xa5, 0x1a, 0xa1
    dc.b    0x84, 0x13, 0x46, 0xa5, 0x1a, 0xa1, 0x5e, 0xa6, 0x13, 0xa2, 0xff, 0x66, 0xa4, 0x13, 0xa0, 0x5e
    dc.b    0xa5, 0x1a, 0xa1, 0x86, 0x16, 0x22, 0x83, 0xaa, 0x46, 0xa5, 0x1a, 0xa1, 0x59, 0xa6, 0x13, 0xa2
    dc.b    0xfa, 0x66, 0xa4, 0x13, 0xa0, 0x60, 0xa5, 0x1a, 0xa1, 0x88, 0x0a, 0x46, 0xa5, 0x1a, 0xa1, 0x54
    dc.b    0xa6, 0x13, 0xa2, 0xf5, 0x0d, 0x22, 0x82, 0xa8, 0x66, 0xa4, 0x13, 0xa0, 0x5e, 0xa5, 0x1a, 0xa1
    dc.b    0x86, 0x2c, 0x28, 0x8f, 0x05, 0xa4, 0x04, 0xf2, 0x80, 0x01, 0x42, 0xa5, 0x1a, 0xa1, 0xab, 0x80
    dc.b    0xf1, 0x42, 0xa5, 0x1a, 0xa1, 0xb0, 0x80, 0x02, 0x42, 0xa6, 0x13, 0xa2, 0x5c, 0x80, 0xf2, 0x42
    dc.b    0xa6, 0x13, 0xa2, 0x61, 0x66, 0xa4, 0x13, 0xa0, 0x5c, 0xa5, 0x1a, 0xa1, 0x84, 0x19, 0x30, 0xff
    dc.b    0x24, 0x80, 0x06, 0xa6, 0x46, 0xa5, 0x1a, 0xa1, 0xb5, 0xa6, 0x13, 0xa2, 0x66, 0x66, 0xa4, 0x13
    dc.b    0xa0, 0x5a, 0xa5, 0x1a, 0xa1, 0x82, 0x0a, 0x66, 0xa4, 0x13, 0xa0, 0x58, 0xa5, 0x1a, 0xa1, 0x80
    dc.b    0x0a, 0x46, 0xa5, 0x1a, 0xa1, 0xb0, 0xa6, 0x13, 0xa2, 0x61, 0x13, 0x46, 0xa5, 0x1a, 0xa1, 0xab
    dc.b    0xa6, 0x13, 0xa2, 0x5c, 0x66, 0xa4, 0x13, 0xa0, 0x5a, 0xa5, 0x1a, 0xa1, 0x82, 0x19, 0x24, 0x8f
    dc.b    0x05, 0xa4, 0x46, 0xa5, 0x1a, 0xa1, 0xa6, 0xa6, 0x13, 0xa2, 0x57, 0x66, 0xa4, 0x13, 0xa0, 0x5c
    dc.b    0xa5, 0x1a, 0xa1, 0x84, 0xb8, 0x02, 0x13, 0x46, 0xa5, 0x1a, 0xa1, 0xa1, 0xa6, 0x13, 0xa2, 0x52
    dc.b    0x66, 0xa4, 0x13, 0xa0, 0x5e, 0xa5, 0x1a, 0xa1, 0x86, 0x0d, 0x22, 0x8e, 0xa2, 0x66, 0xa4, 0x13
    dc.b    0xa0, 0x60, 0xa5, 0x1a, 0xa1, 0x88, 0x23, 0x28, 0x81, 0x07, 0xa0, 0x06, 0xf2, 0x80, 0x01, 0x42
    dc.b    0xa5, 0x1a, 0xa1, 0xd3, 0x80, 0xf1, 0x42, 0xa5, 0x1a, 0xa1, 0xd8, 0x80, 0x02, 0x42, 0xa6, 0x13
    dc.b    0xa2, 0xff, 0x80, 0xf2, 0x42, 0xa6, 0x14, 0xa2, 0x04, 0x18, 0x30, 0xff, 0x22, 0x82, 0xa2, 0x46
    dc.b    0xa5, 0x1a, 0xa1, 0xdd, 0xa6, 0x14, 0xa2, 0x09, 0x66, 0xa4, 0x13, 0xa0, 0x5e, 0xa5, 0x1a, 0xa1
    dc.b    0x86, 0x0c, 0x66, 0xa4, 0x13, 0xa0, 0x5c, 0xa5, 0x1a, 0xa1, 0x84, 0xb8, 0x02, 0x13, 0x46, 0xa5
    dc.b    0x1a, 0xa1, 0xd8, 0xa6, 0x14, 0xa2, 0x04, 0x66, 0xa4, 0x13, 0xa0, 0x5a, 0xa5, 0x1a, 0xa1, 0x82
    dc.b    0x13, 0x46, 0xa5, 0x1a, 0xa1, 0xd3, 0xa6, 0x13, 0xa2, 0xff, 0x66, 0xa4, 0x13, 0xa0, 0x58, 0xa5
    dc.b    0x1a, 0xa1, 0x80, 0x0f, 0x22, 0x81, 0xa0, 0x46, 0xa5, 0x1a, 0xa1, 0xce, 0xa6, 0x13, 0xa2, 0xfa
    dc.b    0xb8, 0x02, 0x13, 0x46, 0xa5, 0x1a, 0xa1, 0xc9, 0xa6, 0x13, 0xa2, 0xf5, 0x66, 0xa4, 0x13, 0xa0
    dc.b    0x5a, 0xa5, 0x1a, 0xa1, 0x82, 0x0e, 0x24, 0x80, 0xae, 0x05, 0x66, 0xa4, 0x13, 0xa0, 0x5c, 0xa5
    dc.b    0x1a, 0xa1, 0x84, 0x2c, 0x28, 0x87, 0x08, 0xa4, 0x04, 0xf2, 0x80, 0x01, 0x42, 0xa5, 0x1a, 0xa1
    dc.b    0x5e, 0x80, 0xf1, 0x42, 0xa5, 0x1a, 0xa1, 0x63, 0x80, 0x02, 0x42, 0xa6, 0x1a, 0xa2, 0x5e, 0x80
    dc.b    0xf2, 0x42, 0xa6, 0x1a, 0xa2, 0x63, 0x66, 0xa4, 0x13, 0xa0, 0x5e, 0xa5, 0x1a, 0xa1, 0x86, 0x18
    dc.b    0x30, 0xff, 0x22, 0x88, 0xa6, 0x46, 0xa5, 0x1a, 0xa1, 0x68, 0xa6, 0x1a, 0xa2, 0x68, 0x66, 0xa4
    dc.b    0x13, 0xa0, 0x60, 0xa5, 0x1a, 0xa1, 0x88, 0x03, 0xb8, 0x02, 0x13, 0x46, 0xa5, 0x1a, 0xa1, 0x63
    dc.b    0xa6, 0x1a, 0xa2, 0x63, 0x66, 0xa4, 0x13, 0xa0, 0x5e, 0xa5, 0x1a, 0xa1, 0x86, 0x13, 0x46, 0xa5
    dc.b    0x1a, 0xa1, 0x5e, 0xa6, 0x1a, 0xa2, 0x5e, 0x66, 0xa4, 0x13, 0xa0, 0x5c, 0xa5, 0x1a, 0xa1, 0x84
    dc.b    0x18, 0x22, 0x87, 0xa4, 0x46, 0xa5, 0x1a, 0xa1, 0x59, 0xa6, 0x1a, 0xa2, 0x59, 0x66, 0xa4, 0x13
    dc.b    0xa0, 0x5a, 0xa5, 0x1a, 0xa1, 0x82, 0xb8, 0x01, 0x13, 0x46, 0xa5, 0x1a, 0xa1, 0x54, 0xa6, 0x1a
    dc.b    0xa2, 0x54, 0x66, 0xa4, 0x13, 0xa0, 0x58, 0xa5, 0x1a, 0xa1, 0x80, 0x04, 0x22, 0x86, 0xa2, 0x47
    dc.b    0x28, 0x89, 0x0c, 0xa0, 0x06, 0xf0, 0x80, 0x00, 0x42, 0xa4, 0x1b, 0xa0, 0x8f, 0x82, 0xf0, 0x01
    dc.b    0x42, 0xa5, 0x13, 0xa1, 0x8f, 0x80, 0xf1, 0x42, 0xa5, 0x13, 0xa1, 0x94, 0x80, 0x02, 0x42, 0xa6
    dc.b    0x1a, 0xa2, 0xab, 0x80, 0xf2, 0x42, 0xa6, 0x1a, 0xa2, 0xb0, 0x80, 0x04, 0x62, 0xa4, 0x13, 0xa0
    dc.b    0x8f, 0x80, 0xf4, 0x62, 0xa4, 0x13, 0xa0, 0x91, 0x80, 0x05, 0x62, 0xa5, 0x1a, 0xa1, 0xab, 0x80
    dc.b    0xf5, 0x62, 0xa5, 0x1a, 0xa1, 0xad, 0x16, 0x22, 0x8a, 0xa2, 0x46, 0xa5, 0x13, 0xa1, 0x99, 0xa6
    dc.b    0x1a, 0xa2, 0xb5, 0x66, 0xa4, 0x13, 0xa0, 0x93, 0xa5, 0x1a, 0xa1, 0xaf, 0x03, 0x20, 0xf2, 0x15
    dc.b    0x30, 0xf3, 0x46, 0xa5, 0x13, 0xa1, 0x94, 0xa6, 0x1a, 0xa2, 0xb0, 0x66, 0xa4, 0x13, 0xa0, 0x91
    dc.b    0xa5, 0x1a, 0xa1, 0xad, 0x15, 0x20, 0xf4, 0x46, 0xa5, 0x13, 0xa1, 0x8f, 0xa6, 0x1a, 0xa2, 0xab
    dc.b    0x66, 0xa4, 0x13, 0xa0, 0x8f, 0xa5, 0x1a, 0xa1, 0xab, 0x18, 0x22, 0x89, 0xa0, 0x46, 0xa5, 0x13
    dc.b    0xa1, 0x8a, 0xa6, 0x1a, 0xa2, 0xa6, 0x66, 0xa4, 0x13, 0xa0, 0x8d, 0xa5, 0x1a, 0xa1, 0xa9, 0xb8
    dc.b    0x02, 0x15, 0x30, 0xf5, 0x46, 0xa5, 0x13, 0xa1, 0x85, 0xa6, 0x1a, 0xa2, 0xa1, 0x66, 0xa4, 0x13
    dc.b    0xa0, 0x8b, 0xa5, 0x1a, 0xa1, 0xa7, 0x05, 0x24, 0x88, 0xae, 0x05, 0x2a, 0x24, 0xa2, 0x07, 0xf2
    dc.b    0x80, 0x01, 0x42, 0xa5, 0x12, 0xa1, 0xab, 0x80, 0xf1, 0x42, 0xa5, 0x12, 0xa1, 0xb0, 0x80, 0x02
    dc.b    0x42, 0xa6, 0x1a, 0xa2, 0xd3, 0x80, 0xf2, 0x42, 0xa6, 0x1a, 0xa2, 0xd8, 0x66, 0xa4, 0x13, 0xa0
    dc.b    0x8d, 0xa5, 0x1a, 0xa1, 0xa9, 0x17, 0x30, 0xff, 0x20, 0xa4, 0x46, 0xa5, 0x12, 0xa1, 0xb5, 0xa6
    dc.b    0x1a, 0xa2, 0xdd, 0x66, 0xa4, 0x13, 0xa0, 0x8f, 0xa5, 0x1a, 0xa1, 0xab, 0x0a, 0x66, 0xa4, 0x13
    dc.b    0xa0, 0x91, 0xa5, 0x1a, 0xa1, 0xad, 0x15, 0x20, 0x89, 0x46, 0xa5, 0x12, 0xa1, 0xb0, 0xa6, 0x1a
    dc.b    0xa2, 0xd8, 0x66, 0xa4, 0x13, 0xa0, 0x93, 0xa5, 0x1a, 0xa1, 0xaf, 0x0a, 0x46, 0xa5, 0x12, 0xa1
    dc.b    0xab, 0xa6, 0x1a, 0xa2, 0xd3, 0x18, 0x22, 0x8a, 0xa2, 0x46, 0xa5, 0x12, 0xa1, 0xa6, 0xa6, 0x1a
    dc.b    0xa2, 0xce, 0x66, 0xa4, 0x13, 0xa0, 0x91, 0xa5, 0x1a, 0xa1, 0xad, 0xb8, 0x02, 0x13, 0x46, 0xa5
    dc.b    0x12, 0xa1, 0xa1, 0xa6, 0x1a, 0xa2, 0xc9, 0x66, 0xa4, 0x13, 0xa0, 0x8f, 0xa5, 0x1a, 0xa1, 0xab
    dc.b    0x0c, 0x20, 0xa0, 0x66, 0xa4, 0x13, 0xa0, 0x8d, 0xa5, 0x1a, 0xa1, 0xa9, 0x3f, 0x24, 0xa8, 0x08
    dc.b    0xf2, 0x84, 0x00, 0xf0, 0x01, 0x42, 0xa5, 0x13, 0xa1, 0xc5, 0x80, 0xf1, 0x42, 0xa5, 0x13, 0xa1
    dc.b    0xca, 0x80, 0x02, 0x42, 0xa6, 0x1a, 0xa2, 0x5e, 0x80, 0xf2, 0x42, 0xa6, 0x1a, 0xa2, 0x63, 0x80
    dc.b    0x04, 0x62, 0xa4, 0x13, 0xa0, 0x8f, 0x80, 0xf4, 0x62, 0xa4, 0x13, 0xa0, 0x91, 0x80, 0x05, 0x62
    dc.b    0xa5, 0x13, 0xa1, 0x8f, 0x80, 0xf5, 0x62, 0xa5, 0x13, 0xa1, 0x91, 0x18, 0x30, 0xff, 0x22, 0x89
    dc.b    0xaa, 0x46, 0xa5, 0x13, 0xa1, 0xcf, 0xa6, 0x1a, 0xa2, 0x68, 0x66, 0xa4, 0x13, 0xa0, 0x93, 0xa5
    dc.b    0x13, 0xa1, 0x93, 0x03, 0x80, 0x04, 0x11, 0x20, 0x88, 0x46, 0xa5, 0x13, 0xa1, 0xca, 0xa6, 0x1a
    dc.b    0xa2, 0x63, 0x62, 0xa5, 0x13, 0xa1, 0x91, 0x0f, 0x46, 0xa5, 0x13, 0xa1, 0xc5, 0xa6, 0x1a, 0xa2
    dc.b    0x5e, 0x62, 0xa5, 0x13, 0xa1, 0x8f, 0x10, 0x20, 0xa8, 0x46, 0xa5, 0x13, 0xa1, 0xc0, 0xa6, 0x1a
    dc.b    0xa2, 0x59, 0x80, 0x05, 0xb8, 0x01, 0x0a, 0x46, 0xa5, 0x13, 0xa1, 0xbb, 0xa6, 0x1a, 0xa2, 0x54
    dc.b    0x04, 0x22, 0x89, 0xa6, 0x39, 0x24, 0xaa, 0x0c, 0xf0, 0x84, 0x00, 0xf0, 0x01, 0x42, 0xa5, 0x12
    dc.b    0xa1, 0xab, 0x80, 0xf1, 0x42, 0xa5, 0x12, 0xa1, 0xb0, 0x80, 0x02, 0x42, 0xa6, 0x13, 0xa2, 0x8f
    dc.b    0x80, 0xf2, 0x42, 0xa6, 0x13, 0xa2, 0x94, 0x80, 0x04, 0x62, 0xa4, 0x13, 0xa0, 0x8f, 0x80, 0xf4
    dc.b    0x62, 0xa4, 0x13, 0xa0, 0x91, 0x82, 0x05, 0xf5, 0x62, 0xa5, 0x13, 0xa1, 0x91, 0x16, 0x22, 0x8a
    dc.b    0xac, 0x46, 0xa5, 0x12, 0xa1, 0xb5, 0xa6, 0x13, 0xa2, 0x99, 0x66, 0xa4, 0x13, 0xa0, 0x93, 0xa5
    dc.b    0x13, 0xa1, 0x93, 0x05, 0x20, 0xf2, 0x80, 0x04, 0x11, 0x30, 0xf3, 0x46, 0xa5, 0x12, 0xa1, 0xb0
    dc.b    0xa6, 0x13, 0xa2, 0x94, 0x62, 0xa5, 0x13, 0xa1, 0x91, 0x11, 0x20, 0xf4, 0x46, 0xa5, 0x12, 0xa1
    dc.b    0xab, 0xa6, 0x13, 0xa2, 0x8f, 0x62, 0xa5, 0x13, 0xa1, 0x8f, 0x11, 0x22, 0x89, 0xaa, 0x46, 0xa5
    dc.b    0x12, 0xa1, 0xa6, 0xa6, 0x13, 0xa2, 0x8a, 0x80, 0x05, 0xb8, 0x02, 0x0c, 0x30, 0xf5, 0x46, 0xa5
    dc.b    0x12, 0xa1, 0xa1, 0xa6, 0x13, 0xa2, 0x85, 0x04, 0x22, 0x88, 0xa8, 0x3f, 0x24, 0x84, 0x0b, 0xf2
    dc.b    0x84, 0x00, 0xf0, 0x01, 0x42, 0xa5, 0x1a, 0xa1, 0x5e, 0x80, 0xf1, 0x42, 0xa5, 0x1a, 0xa1, 0x63
    dc.b    0x80, 0x02, 0x42, 0xa6, 0x12, 0xa2, 0xab, 0x80, 0xf2, 0x42, 0xa6, 0x12, 0xa2, 0xb0, 0x80, 0x04
    dc.b    0x62, 0xa4, 0x13, 0xa0, 0x8f, 0x80, 0xf4, 0x62, 0xa4, 0x13, 0xa0, 0x91, 0x80, 0x05, 0x62, 0xa5
    dc.b    0x1a, 0xa1, 0xab, 0x80, 0xf5, 0x62, 0xa5, 0x1a, 0xa1, 0xad, 0x17, 0x30, 0xff, 0x20, 0x85, 0x46
    dc.b    0xa5, 0x1a, 0xa1, 0x68, 0xa6, 0x12, 0xa2, 0xb5, 0x66, 0xa4, 0x13, 0xa0, 0x93, 0xa5, 0x1a, 0xa1
    dc.b    0xaf, 0x01, 0x15, 0x20, 0xaa, 0x46, 0xa5, 0x1a, 0xa1, 0x63, 0xa6, 0x12, 0xa2, 0xb0, 0x66, 0xa4
    dc.b    0x13, 0xa0, 0x91, 0xa5, 0x1a, 0xa1, 0xad, 0x13, 0x46, 0xa5, 0x1a, 0xa1, 0x5e, 0xa6, 0x12, 0xa2
    dc.b    0xab, 0x66, 0xa4, 0x13, 0xa0, 0x8f, 0xa5, 0x1a, 0xa1, 0xab, 0x18, 0x22, 0x84, 0xac, 0x46, 0xa5
    dc.b    0x1a, 0xa1, 0x59, 0xa6, 0x12, 0xa2, 0xa6, 0x66, 0xa4, 0x13, 0xa0, 0x8d, 0xa5, 0x1a, 0xa1, 0xa9
    dc.b    0xb8, 0x02, 0x13, 0x46, 0xa5, 0x1a, 0xa1, 0x54, 0xa6, 0x12, 0xa2, 0xa1, 0x66, 0xa4, 0x13, 0xa0
    dc.b    0x8b, 0xa5, 0x1a, 0xa1, 0xa7, 0x03, 0x20, 0x83, 0x28, 0x20, 0xf2, 0x80, 0x01, 0x42, 0xa5, 0x12
    dc.b    0xa1, 0xab, 0x80, 0xf1, 0x42, 0xa5, 0x12, 0xa1, 0xb0, 0x80, 0x02, 0x42, 0xa6, 0x13, 0xa2, 0xc5
    dc.b    0x80, 0xf2, 0x42, 0xa6, 0x13, 0xa2, 0xca, 0x66, 0xa4, 0x13, 0xa0, 0x8d, 0xa5, 0x1a, 0xa1, 0xa9
    dc.b    0x17, 0x30, 0xff, 0x20, 0xaa, 0x46, 0xa5, 0x12, 0xa1, 0xb5, 0xa6, 0x13, 0xa2, 0xcf, 0x66, 0xa4
    dc.b    0x13, 0xa0, 0x8f, 0xa5, 0x1a, 0xa1, 0xab, 0x0a, 0x66, 0xa4, 0x13, 0xa0, 0x91, 0xa5, 0x1a, 0xa1
    dc.b    0xad, 0x16, 0x22, 0x84, 0xa8, 0x46, 0xa5, 0x12, 0xa1, 0xb0, 0xa6, 0x13, 0xa2, 0xca, 0x66, 0xa4
    dc.b    0x13, 0xa0, 0x93, 0xa5, 0x1a, 0xa1, 0xaf, 0x0a, 0x46, 0xa5, 0x12, 0xa1, 0xab, 0xa6, 0x13, 0xa2
    dc.b    0xc5, 0x17, 0x20, 0x85, 0x46, 0xa5, 0x12, 0xa1, 0xa6, 0xa6, 0x13, 0xa2, 0xc0, 0x66, 0xa4, 0x13
    dc.b    0xa0, 0x91, 0xa5, 0x1a, 0xa1, 0xad, 0xb8, 0x01, 0x13, 0x46, 0xa5, 0x12, 0xa1, 0xa1, 0xa6, 0x13
    dc.b    0xa2, 0xbb, 0x66, 0xa4, 0x13, 0xa0, 0x8f, 0xa5, 0x1a, 0xa1, 0xab, 0x0c, 0x20, 0xaa, 0x66, 0xa4
    dc.b    0x13, 0xa0, 0x8d, 0xa5, 0x1a, 0xa1, 0xa9, 0x3d, 0x20, 0xf0, 0x84, 0x00, 0xf0, 0x01, 0x42, 0xa5
    dc.b    0x14, 0xa1, 0x7c, 0x80, 0xf1, 0x42, 0xa5, 0x14, 0xa1, 0x81, 0x80, 0x02, 0x42, 0xa6, 0x12, 0xa2
    dc.b    0xab, 0x80, 0xf2, 0x42, 0xa6, 0x12, 0xa2, 0xb0, 0x80, 0x04, 0x62, 0xa4, 0x13, 0xa0, 0x8f, 0x80
    dc.b    0xf4, 0x62, 0xa4, 0x13, 0xa0, 0x91, 0x80, 0x05, 0x62, 0xa5, 0x13, 0xa1, 0x8f, 0x80, 0xf5, 0x62
    dc.b    0xa5, 0x13, 0xa1, 0x91, 0x16, 0x22, 0x84, 0xac, 0x46, 0xa5, 0x14, 0xa1, 0x86, 0xa6, 0x12, 0xa2
    dc.b    0xb5, 0x66, 0xa4, 0x13, 0xa0, 0x93, 0xa5, 0x13, 0xa1, 0x93, 0x05, 0x20, 0xf2, 0x80, 0x04, 0x13
    dc.b    0x30, 0xf3, 0x20, 0x83, 0x46, 0xa5, 0x14, 0xa1, 0x81, 0xa6, 0x12, 0xa2, 0xb0, 0x62, 0xa5, 0x13
    dc.b    0xa1, 0x91, 0x11, 0x20, 0xf4, 0x46, 0xa5, 0x14, 0xa1, 0x7c, 0xa6, 0x12, 0xa2, 0xab, 0x62, 0xa5
    dc.b    0x13, 0xa1, 0x8f, 0x10, 0x20, 0xaa, 0x46, 0xa5, 0x14, 0xa1, 0x77, 0xa6, 0x12, 0xa2, 0xa6, 0x80
    dc.b    0x05, 0xb8, 0x02, 0x0c, 0x30, 0xf5, 0x46, 0xa5, 0x14, 0xa1, 0x72, 0xa6, 0x12, 0xa2, 0xa1, 0x04
    dc.b    0x22, 0x84, 0xa8, 0x39, 0x24, 0xa5, 0x0b, 0xf2, 0x84, 0x00, 0xf0, 0x01, 0x42, 0xa5, 0x12, 0xa1
    dc.b    0xab, 0x80, 0xf1, 0x42, 0xa5, 0x12, 0xa1, 0xb0, 0x80, 0x02, 0x42, 0xa6, 0x1a, 0xa2, 0x5e, 0x80
    dc.b    0xf2, 0x42, 0xa6, 0x1a, 0xa2, 0x63, 0x80, 0x04, 0x62, 0xa4, 0x13, 0xa0, 0x8f, 0x80, 0xf4, 0x62
    dc.b    0xa4, 0x13, 0xa0, 0x91, 0x82, 0x05, 0xf5, 0x62, 0xa5, 0x13, 0xa1, 0x91, 0x18, 0x30, 0xff, 0x22
    dc.b    0x85, 0xa7, 0x46, 0xa5, 0x12, 0xa1, 0xb5, 0xa6, 0x1a, 0xa2, 0x68, 0x66, 0xa4, 0x13, 0xa0, 0x93
    dc.b    0xa5, 0x13, 0xa1, 0x93, 0x03, 0x80, 0x04, 0x0f, 0x46, 0xa5, 0x12, 0xa1, 0xb0, 0xa6, 0x1a, 0xa2
    dc.b    0x63, 0x62, 0xa5, 0x13, 0xa1, 0x91, 0x0f, 0x46, 0xa5, 0x12, 0xa1, 0xab, 0xa6, 0x1a, 0xa2, 0x5e
    dc.b    0x62, 0xa5, 0x13, 0xa1, 0x8f, 0x11, 0x22, 0x84, 0xa5, 0x46, 0xa5, 0x12, 0xa1, 0xa6, 0xa6, 0x1a
    dc.b    0xa2, 0x59, 0x80, 0x05, 0xb8, 0x02, 0x0a, 0x46, 0xa5, 0x12, 0xa1, 0xa1, 0xa6, 0x1a, 0xa2, 0x54
    dc.b    0x04, 0x22, 0x83, 0xa3, 0x3f, 0x24, 0x89, 0x0a, 0xf2, 0x84, 0x00, 0xf0, 0x01, 0x42, 0xa5, 0x1a
    dc.b    0xa1, 0xd3, 0x80, 0xf1, 0x42, 0xa5, 0x1a, 0xa1, 0xd8, 0x80, 0x02, 0x42, 0xa6, 0x12, 0xa2, 0xab
    dc.b    0x80, 0xf2, 0x42, 0xa6, 0x12, 0xa2, 0xb0, 0x80, 0x04, 0x62, 0xa4, 0x13, 0xa0, 0x8f, 0x80, 0xf4
    dc.b    0x62, 0xa4, 0x13, 0xa0, 0x91, 0x80, 0x05, 0x62, 0xa5, 0x1a, 0xa1, 0xab, 0x80, 0xf5, 0x62, 0xa5
    dc.b    0x1a, 0xa1, 0xad, 0x17, 0x30, 0xff, 0x20, 0x8a, 0x46, 0xa5, 0x1a, 0xa1, 0xdd, 0xa6, 0x12, 0xa2
    dc.b    0xb5, 0x66, 0xa4, 0x13, 0xa0, 0x93, 0xa5, 0x1a, 0xa1, 0xaf, 0x01, 0x15, 0x20, 0xa5, 0x46, 0xa5
    dc.b    0x1a, 0xa1, 0xd8, 0xa6, 0x12, 0xa2, 0xb0, 0x66, 0xa4, 0x13, 0xa0, 0x91, 0xa5, 0x1a, 0xa1, 0xad
    dc.b    0x13, 0x46, 0xa5, 0x1a, 0xa1, 0xd3, 0xa6, 0x12, 0xa2, 0xab, 0x66, 0xa4, 0x13, 0xa0, 0x8f, 0xa5
    dc.b    0x1a, 0xa1, 0xab, 0x18, 0x22, 0x89, 0xa7, 0x46, 0xa5, 0x1a, 0xa1, 0xce, 0xa6, 0x12, 0xa2, 0xa6
    dc.b    0x66, 0xa4, 0x13, 0xa0, 0x8d, 0xa5, 0x1a, 0xa1, 0xa9, 0xb8, 0x01, 0x13, 0x46, 0xa5, 0x1a, 0xa1
    dc.b    0xc9, 0xa6, 0x12, 0xa2, 0xa1, 0x66, 0xa4, 0x13, 0xa0, 0x8b, 0xa5, 0x1a, 0xa1, 0xa7, 0x03, 0x20
    dc.b    0x88, 0x28, 0x20, 0xf0, 0x80, 0x01, 0x42, 0xa5, 0x13, 0xa1, 0x8f, 0x80, 0xf1, 0x42, 0xa5, 0x13
    dc.b    0xa1, 0x94, 0x80, 0x02, 0x42, 0xa6, 0x14, 0xa2, 0x7c, 0x80, 0xf2, 0x42, 0xa6, 0x14, 0xa2, 0x81
    dc.b    0x66, 0xa4, 0x13, 0xa0, 0x8d, 0xa5, 0x1a, 0xa1, 0xa9, 0x15, 0x20, 0xa5, 0x46, 0xa5, 0x13, 0xa1
    dc.b    0x99, 0xa6, 0x14, 0xa2, 0x86, 0x66, 0xa4, 0x13, 0xa0, 0x8f, 0xa5, 0x1a, 0xa1, 0xab, 0x0c, 0x20
    dc.b    0xf2, 0x66, 0xa4, 0x13, 0xa0, 0x91, 0xa5, 0x1a, 0xa1, 0xad, 0x18, 0x30, 0xf3, 0x22, 0x89, 0xa3
    dc.b    0x46, 0xa5, 0x13, 0xa1, 0x94, 0xa6, 0x14, 0xa2, 0x81, 0x66, 0xa4, 0x13, 0xa0, 0x93, 0xa5, 0x1a
    dc.b    0xa1, 0xaf, 0x0c, 0x20, 0xf4, 0x46, 0xa5, 0x13, 0xa1, 0x8f, 0xa6, 0x14, 0xa2, 0x7c, 0x17, 0x20
    dc.b    0x8a, 0x46, 0xa5, 0x13, 0xa1, 0x8a, 0xa6, 0x14, 0xa2, 0x77, 0x66, 0xa4, 0x13, 0xa0, 0x91, 0xa5
    dc.b    0x1a, 0xa1, 0xad, 0xb8, 0x02, 0x15, 0x30, 0xf5, 0x46, 0xa5, 0x13, 0xa1, 0x85, 0xa6, 0x14, 0xa2
    dc.b    0x72, 0x66, 0xa4, 0x13, 0xa0, 0x8f, 0xa5, 0x1a, 0xa1, 0xab, 0x0c, 0x20, 0xa5, 0x66, 0xa4, 0x13
    dc.b    0xa0, 0x8d, 0xa5, 0x1a, 0xa1, 0xa9, 0x3d, 0x20, 0xf2, 0x84, 0x00, 0xf0, 0x01, 0x42, 0xa5, 0x1a
    dc.b    0xa1, 0xab, 0x80, 0xf1, 0x42, 0xa5, 0x1a, 0xa1, 0xb0, 0x80, 0x02, 0x42, 0xa6, 0x12, 0xa2, 0xab
    dc.b    0x80, 0xf2, 0x42, 0xa6, 0x12, 0xa2, 0xb0, 0x80, 0x04, 0x62, 0xa4, 0x13, 0xa0, 0x8f, 0x80, 0xf4
    dc.b    0x62, 0xa4, 0x13, 0xa0, 0x91, 0x80, 0x05, 0x62, 0xa5, 0x13, 0xa1, 0x8f, 0x80, 0xf5, 0x62, 0xa5
    dc.b    0x13, 0xa1, 0x91, 0x18, 0x30, 0xff, 0x22, 0x89, 0xa7, 0x46, 0xa5, 0x1a, 0xa1, 0xb5, 0xa6, 0x12
    dc.b    0xa2, 0xb5, 0x66, 0xa4, 0x13, 0xa0, 0x93, 0xa5, 0x13, 0xa1, 0x93, 0x03, 0x80, 0x04, 0x11, 0x20
    dc.b    0x88, 0x46, 0xa5, 0x1a, 0xa1, 0xb0, 0xa6, 0x12, 0xa2, 0xb0, 0x62, 0xa5, 0x13, 0xa1, 0x91, 0x0f
    dc.b    0x46, 0xa5, 0x1a, 0xa1, 0xab, 0xa6, 0x12, 0xa2, 0xab, 0x62, 0xa5, 0x13, 0xa1, 0x8f, 0x10, 0x20
    dc.b    0xa5, 0x46, 0xa5, 0x1a, 0xa1, 0xa6, 0xa6, 0x12, 0xa2, 0xa6, 0x80, 0x05, 0xb8, 0x02, 0x0a, 0x46
    dc.b    0xa5, 0x1a, 0xa1, 0xa1, 0xa6, 0x12, 0xa2, 0xa1, 0x04, 0x22, 0x89, 0xa3, 0x39, 0x24, 0xaa, 0x0a
    dc.b    0xf2, 0x84, 0x00, 0xf0, 0x01, 0x42, 0xa5, 0x13, 0xa1, 0x8f, 0x80, 0xf1, 0x42, 0xa5, 0x13, 0xa1
    dc.b    0x94, 0x80, 0x02, 0x42, 0xa6, 0x1a, 0xa2, 0xd3, 0x80, 0xf2, 0x42, 0xa6, 0x1a, 0xa2, 0xd8, 0x80
    dc.b    0x04, 0x62, 0xa4, 0x13, 0xa0, 0x8f, 0x80, 0xf4, 0x62, 0xa4, 0x13, 0xa0, 0x91, 0x82, 0x05, 0xf5
    dc.b    0x62, 0xa5, 0x13, 0xa1, 0x91, 0x18, 0x30, 0xff, 0x22, 0x8a, 0xac, 0x46, 0xa5, 0x13, 0xa1, 0x99
    dc.b    0xa6, 0x1a, 0xa2, 0xdd, 0x66, 0xa4, 0x13, 0xa0, 0x93, 0xa5, 0x13, 0xa1, 0x93, 0x03, 0x80, 0x04
    dc.b    0x0f, 0x46, 0xa5, 0x13, 0xa1, 0x94, 0xa6, 0x1a, 0xa2, 0xd8, 0x62, 0xa5, 0x13, 0xa1, 0x91, 0x0f
    dc.b    0x46, 0xa5, 0x13, 0xa1, 0x8f, 0xa6, 0x1a, 0xa2, 0xd3, 0x62, 0xa5, 0x13, 0xa1, 0x8f, 0x11, 0x22
    dc.b    0x89, 0xaa, 0x46, 0xa5, 0x13, 0xa1, 0x8a, 0xa6, 0x1a, 0xa2, 0xce, 0x80, 0x05, 0xb8, 0x01, 0x0a
    dc.b    0x46, 0xa5, 0x13, 0xa1, 0x85, 0xa6, 0x1a, 0xa2, 0xc9, 0x04, 0x22, 0x88, 0xa8, 0x3e, 0x22, 0x80
    dc.b    0xf0, 0x84, 0x00, 0xf0, 0x01, 0x42, 0xa5, 0x1b, 0xa1, 0xc5, 0x80, 0xf1, 0x42, 0xa5, 0x1b, 0xa1
    dc.b    0xca, 0x80, 0x02, 0x42, 0xa6, 0x13, 0xa2, 0x8f, 0x80, 0xf2, 0x42, 0xa6, 0x13, 0xa2, 0x94, 0x80
    dc.b    0x04, 0x62, 0xa4, 0x13, 0xa0, 0x8f, 0x80, 0xf4, 0x62, 0xa4, 0x13, 0xa0, 0x91, 0x80, 0x05, 0x62
    dc.b    0xa5, 0x1a, 0xa1, 0xab, 0x80, 0xf5, 0x62, 0xa5, 0x1a, 0xa1, 0xad, 0x15, 0x20, 0x81, 0x46, 0xa5
    dc.b    0x1b, 0xa1, 0xcf, 0xa6, 0x13, 0xa2, 0x99, 0x66, 0xa4, 0x13, 0xa0, 0x93, 0xa5, 0x1a, 0xa1, 0xaf
    dc.b    0x03, 0x20, 0xf2, 0x17, 0x30, 0xf3, 0x20, 0xaa, 0x46, 0xa5, 0x1b, 0xa1, 0xca, 0xa6, 0x13, 0xa2
    dc.b    0x94, 0x66, 0xa4, 0x13, 0xa0, 0x91, 0xa5, 0x1a, 0xa1, 0xad, 0x15, 0x20, 0xf4, 0x46, 0xa5, 0x1b
    dc.b    0xa1, 0xc5, 0xa6, 0x13, 0xa2, 0x8f, 0x66, 0xa4, 0x13, 0xa0, 0x8f, 0xa5, 0x1a, 0xa1, 0xab, 0x18
    dc.b    0x22, 0x80, 0xac, 0x46, 0xa5, 0x1b, 0xa1, 0xc0, 0xa6, 0x13, 0xa2, 0x8a, 0x66, 0xa4, 0x13, 0xa0
    dc.b    0x8d, 0xa5, 0x1a, 0xa1, 0xa9, 0xb8, 0x02, 0x15, 0x30, 0xf5, 0x46, 0xa5, 0x1b, 0xa1, 0xbb, 0xa6
    dc.b    0x13, 0xa2, 0x85, 0x66, 0xa4, 0x13, 0xa0, 0x8b, 0xa5, 0x1a, 0xa1, 0xa7, 0x04, 0x22, 0x8f, 0x09
    dc.b    0x28, 0x20, 0xf2, 0x80, 0x01, 0x42, 0xa5, 0x13, 0xa1, 0x8f, 0x80, 0xf1, 0x42, 0xa5, 0x13, 0xa1
    dc.b    0x94, 0x80, 0x02, 0x42, 0xa6, 0x1a, 0xa2, 0xab, 0x80, 0xf2, 0x42, 0xa6, 0x1a, 0xa2, 0xb0, 0x66
    dc.b    0xa4, 0x13, 0xa0, 0x8d, 0xa5, 0x1a, 0xa1, 0xa9, 0x17, 0x30, 0xff, 0x20, 0xaa, 0x46, 0xa5, 0x13
    dc.b    0xa1, 0x99, 0xa6, 0x1a, 0xa2, 0xb5, 0x66, 0xa4, 0x13, 0xa0, 0x8f, 0xa5, 0x1a, 0xa1, 0xab, 0x0a
    dc.b    0x66, 0xa4, 0x13, 0xa0, 0x91, 0xa5, 0x1a, 0xa1, 0xad, 0x17, 0x24, 0x80, 0x0a, 0xa8, 0x46, 0xa5
    dc.b    0x13, 0xa1, 0x94, 0xa6, 0x1a, 0xa2, 0xb0, 0x66, 0xa4, 0x13, 0xa0, 0x93, 0xa5, 0x1a, 0xa1, 0xaf
    dc.b    0x0a, 0x46, 0xa5, 0x13, 0xa1, 0x8f, 0xa6, 0x1a, 0xa2, 0xab, 0x17, 0x20, 0x81, 0x46, 0xa5, 0x13
    dc.b    0xa1, 0x8a, 0xa6, 0x1a, 0xa2, 0xa6, 0x66, 0xa4, 0x13, 0xa0, 0x91, 0xa5, 0x1a, 0xa1, 0xad, 0xb8
    dc.b    0x01, 0x13, 0x46, 0xa5, 0x13, 0xa1, 0x85, 0xa6, 0x1a, 0xa2, 0xa1, 0x66, 0xa4, 0x13, 0xa0, 0x8f
    dc.b    0xa5, 0x1a, 0xa1, 0xab, 0x0c, 0x20, 0xaa, 0x66, 0xa4, 0x13, 0xa0, 0x8d, 0xa5, 0x1a, 0xa1, 0xa9
    dc.b    0x3d, 0x20, 0xf0, 0x84, 0x00, 0xf0, 0x01, 0x42, 0xa5, 0x1b, 0xa1, 0x8f, 0x80, 0xf1, 0x42, 0xa5
    dc.b    0x1b, 0xa1, 0x94, 0x80, 0x02, 0x42, 0xa6, 0x13, 0xa2, 0x8f, 0x80, 0xf2, 0x42, 0xa6, 0x13, 0xa2
    dc.b    0x94, 0x80, 0x04, 0x62, 0xa4, 0x13, 0xa0, 0x8f, 0x80, 0xf4, 0x62, 0xa4, 0x13, 0xa0, 0x91, 0x80
    dc.b    0x05, 0x62, 0xa5, 0x13, 0xa1, 0x8f, 0x80, 0xf5, 0x62, 0xa5, 0x13, 0xa1, 0x91, 0x16, 0x22, 0x80
    dc.b    0xac, 0x46, 0xa5, 0x1b, 0xa1, 0x99, 0xa6, 0x13, 0xa2, 0x99, 0x66, 0xa4, 0x13, 0xa0, 0x93, 0xa5
    dc.b    0x13, 0xa1, 0x93, 0x05, 0x20, 0xf2, 0x80, 0x04, 0x14, 0x30, 0xf3, 0x22, 0x8f, 0x09, 0x46, 0xa5
    dc.b    0x1b, 0xa1, 0x94, 0xa6, 0x13, 0xa2, 0x94, 0x62, 0xa5, 0x13, 0xa1, 0x91, 0x11, 0x20, 0xf4, 0x46
    dc.b    0xa5, 0x1b, 0xa1, 0x8f, 0xa6, 0x13, 0xa2, 0x8f, 0x62, 0xa5, 0x13, 0xa1, 0x8f, 0x10, 0x20, 0xaa
    dc.b    0x46, 0xa5, 0x1b, 0xa1, 0x8a, 0xa6, 0x13, 0xa2, 0x8a, 0x80, 0x05, 0xb8, 0x01, 0x0c, 0x30, 0xf5
    dc.b    0x46, 0xa5, 0x1b, 0xa1, 0x85, 0xa6, 0x13, 0xa2, 0x85, 0x05, 0x24, 0x80, 0x0a, 0xa8, 0x38, 0x22
    dc.b    0xa1, 0xf2, 0x84, 0x00, 0xf0, 0x01, 0x42, 0xa5, 0x13, 0xa1, 0x8f, 0x80, 0xf1, 0x42, 0xa5, 0x13
    dc.b    0xa1, 0x94, 0x80, 0x02, 0x42, 0xa6, 0x1b, 0xa2, 0xc5, 0x80, 0xf2, 0x42, 0xa6, 0x1b, 0xa2, 0xca
    dc.b    0x80, 0x04, 0x62, 0xa4, 0x13, 0xa0, 0x8f, 0x80, 0xf4, 0x62, 0xa4, 0x13, 0xa0, 0x91, 0x82, 0x05
    dc.b    0xf5, 0x62, 0xa5, 0x13, 0xa1, 0x91, 0x18, 0x30, 0xff, 0x22, 0x81, 0xa3, 0x46, 0xa5, 0x13, 0xa1
    dc.b    0x99, 0xa6, 0x1b, 0xa2, 0xcf, 0x66, 0xa4, 0x13, 0xa0, 0x93, 0xa5, 0x13, 0xa1, 0x93, 0x03, 0x80
    dc.b    0x04, 0x0f, 0x46, 0xa5, 0x13, 0xa1, 0x94, 0xa6, 0x1b, 0xa2, 0xca, 0x62, 0xa5, 0x13, 0xa1, 0x91
    dc.b    0x0f, 0x46, 0xa5, 0x13, 0xa1, 0x8f, 0xa6, 0x1b, 0xa2, 0xc5, 0x62, 0xa5, 0x13, 0xa1, 0x8f, 0x11
    dc.b    0x22, 0x80, 0xa1, 0x46, 0xa5, 0x13, 0xa1, 0x8a, 0xa6, 0x1b, 0xa2, 0xc0, 0x80, 0x05, 0xb8, 0x03
    dc.b    0x0a, 0x46, 0xa5, 0x13, 0xa1, 0x85, 0xa6, 0x1b, 0xa2, 0xbb, 0x06, 0x26, 0x8f, 0x09, 0xaf, 0x09
    dc.b    0x3f, 0x24, 0x86, 0x02, 0xf0, 0x84, 0x00, 0xf0, 0x01, 0x42, 0xa5, 0x12, 0xa1, 0xab, 0x80, 0xf1
    dc.b    0x42, 0xa5, 0x12, 0xa1, 0xb0, 0x80, 0x02, 0x42, 0xa6, 0x13, 0xa2, 0x8f, 0x80, 0xf2, 0x42, 0xa6
    dc.b    0x13, 0xa2, 0x94, 0x80, 0x04, 0x62, 0xa4, 0x13, 0xa0, 0x8f, 0x80, 0xf4, 0x62, 0xa4, 0x13, 0xa0
    dc.b    0x91, 0x80, 0x05, 0x62, 0xa5, 0x1a, 0xa1, 0xab, 0x80, 0xf5, 0x62, 0xa5, 0x1a, 0xa1, 0xad, 0x15
    dc.b    0x20, 0x87, 0x46, 0xa5, 0x12, 0xa1, 0xb5, 0xa6, 0x13, 0xa2, 0x99, 0x66, 0xa4, 0x13, 0xa0, 0x93
    dc.b    0xa5, 0x1a, 0xa1, 0xaf, 0x03, 0x20, 0xf2, 0x18, 0x30, 0xf3, 0x22, 0xa1, 0x0a, 0x46, 0xa5, 0x12
    dc.b    0xa1, 0xb0, 0xa6, 0x13, 0xa2, 0x94, 0x66, 0xa4, 0x13, 0xa0, 0x91, 0xa5, 0x1a, 0xa1, 0xad, 0x15
    dc.b    0x20, 0xf4, 0x46, 0xa5, 0x12, 0xa1, 0xab, 0xa6, 0x13, 0xa2, 0x8f, 0x66, 0xa4, 0x13, 0xa0, 0x8f
    dc.b    0xa5, 0x1a, 0xa1, 0xab, 0x16, 0x22, 0x86, 0xa3, 0x46, 0xa5, 0x12, 0xa1, 0xa6, 0xa6, 0x13, 0xa2
    dc.b    0x8a, 0x66, 0xa4, 0x13, 0xa0, 0x8d, 0xa5, 0x1a, 0xa1, 0xa9, 0x15, 0x30, 0xf5, 0x46, 0xa5, 0x12
    dc.b    0xa1, 0xa1, 0xa6, 0x13, 0xa2, 0x85, 0x66, 0xa4, 0x13, 0xa0, 0x8b, 0xa5, 0x1a, 0xa1, 0xa7, 0x03
    dc.b    0x20, 0x85, 0x29, 0x22, 0x8b, 0xf2, 0x80, 0x01, 0x42, 0xa5, 0x12, 0xa1, 0xd3, 0x80, 0xf1, 0x42
    dc.b    0xa5, 0x12, 0xa1, 0xd8, 0x80, 0x02, 0x42, 0xa6, 0x1b, 0xa2, 0x8f, 0x80, 0xf2, 0x42, 0xa6, 0x1b
    dc.b    0xa2, 0x94, 0x66, 0xa4, 0x13, 0xa0, 0x8d, 0xa5, 0x1a, 0xa1, 0xa9, 0x18, 0x30, 0xff, 0x22, 0x8c
    dc.b    0xa1, 0x46, 0xa5, 0x12, 0xa1, 0xdd, 0xa6, 0x1b, 0xa2, 0x99, 0x66, 0xa4, 0x13, 0xa0, 0x8f, 0xa5
    dc.b    0x1a, 0xa1, 0xab, 0x0a, 0x66, 0xa4, 0x13, 0xa0, 0x91, 0xa5, 0x1a, 0xa1, 0xad, 0x16, 0x22, 0xaf
    dc.b    0x09, 0x46, 0xa5, 0x12, 0xa1, 0xd8, 0xa6, 0x1b, 0xa2, 0x94, 0x66, 0xa4, 0x13, 0xa0, 0x93, 0xa5
    dc.b    0x1a, 0xa1, 0xaf, 0x0a, 0x46, 0xa5, 0x12, 0xa1, 0xd3, 0xa6, 0x1b, 0xa2, 0x8f, 0x15, 0x20, 0x8b
    dc.b    0x46, 0xa5, 0x12, 0xa1, 0xce, 0xa6, 0x1b, 0xa2, 0x8a, 0x66, 0xa4, 0x13, 0xa0, 0x91, 0xa5, 0x1a
    dc.b    0xa1, 0xad, 0x13, 0x46, 0xa5, 0x12, 0xa1, 0xc9, 0xa6, 0x1b, 0xa2, 0x85, 0x66, 0xa4, 0x13, 0xa0
    dc.b    0x8f, 0xa5, 0x1a, 0xa1, 0xab, 0x0e, 0x24, 0x8a, 0xa1, 0x0a, 0x66, 0xa4, 0x13, 0xa0, 0x8d, 0xa5
    dc.b    0x1a, 0xa1, 0xa9, 0x29, 0x22, 0x83, 0x03, 0x80, 0x01, 0x42, 0xa5, 0x13, 0xa1, 0x2d, 0x80, 0xf1
    dc.b    0x42, 0xa5, 0x13, 0xa1, 0x32, 0x80, 0x02, 0x42, 0xa6, 0x13, 0xa2, 0x8f, 0x80, 0xf2, 0x42, 0xa6
    dc.b    0x13, 0xa2, 0x94, 0x66, 0xa4, 0x13, 0xa0, 0x8b, 0xa5, 0x1a, 0xa1, 0xa7, 0x0d, 0x22, 0x84, 0xa3
    dc.b    0x46, 0xa5, 0x13, 0xa1, 0x37, 0xa6, 0x13, 0xa2, 0x99, 0x0a, 0x66, 0xa4, 0x13, 0xa0, 0x8d, 0xa5
    dc.b    0x1a, 0xa1, 0xa9, 0x13, 0x46, 0xa5, 0x13, 0xa1, 0x32, 0xa6, 0x13, 0xa2, 0x94, 0x66, 0xa4, 0x13
    dc.b    0xa0, 0x8f, 0xa5, 0x1a, 0xa1, 0xab, 0x13, 0x46, 0xa5, 0x13, 0xa1, 0x2d, 0xa6, 0x13, 0xa2, 0x8f
    dc.b    0x66, 0xa4, 0x13, 0xa0, 0x91, 0xa5, 0x1a, 0xa1, 0xad, 0x16, 0x22, 0x83, 0xa1, 0x46, 0xa5, 0x13
    dc.b    0xa1, 0x28, 0xa6, 0x13, 0xa2, 0x8a, 0x66, 0xa4, 0x13, 0xa0, 0x93, 0xa5, 0x1a, 0xa1, 0xaf, 0x0a
    dc.b    0x46, 0xa5, 0x13, 0xa1, 0x23, 0xa6, 0x13, 0xa2, 0x85, 0x0e, 0x24, 0x82, 0xaf, 0x09, 0x66, 0xa4
    dc.b    0x13, 0xa0, 0x91, 0xa5, 0x1a, 0xa1, 0xad, 0x2a, 0x24, 0x8c, 0xa7, 0x02, 0x80, 0x01, 0x42, 0xa5
    dc.b    0x0c, 0xa1, 0x7c, 0x80, 0xf1, 0x42, 0xa5, 0x0c, 0xa1, 0x81, 0x80, 0x02, 0x42, 0xa6, 0x12, 0xa2
    dc.b    0xab, 0x80, 0xf2, 0x42, 0xa6, 0x12, 0xa2, 0xb0, 0x66, 0xa4, 0x13, 0xa0, 0x8f, 0xa5, 0x1a, 0xa1
    dc.b    0xab, 0x16, 0x22, 0x8d, 0xa9, 0x46, 0xa5, 0x0c, 0xa1, 0x86, 0xa6, 0x12, 0xa2, 0xb5, 0x66, 0xa4
    dc.b    0x13, 0xa0, 0x8d, 0xa5, 0x1a, 0xa1, 0xa9, 0x0a, 0x66, 0xa4, 0x13, 0xa0, 0x8b, 0xa5, 0x1a, 0xa1
    dc.b    0xa7, 0x0a, 0x46, 0xa5, 0x0c, 0xa1, 0x81, 0xa6, 0x12, 0xa2, 0xb0, 0x13, 0x46, 0xa5, 0x0c, 0xa1
    dc.b    0x7c, 0xa6, 0x12, 0xa2, 0xab, 0x66, 0xa4, 0x13, 0xa0, 0x8d, 0xa5, 0x1a, 0xa1, 0xa9, 0x16, 0x22
    dc.b    0x8c, 0xa7, 0x46, 0xa5, 0x0c, 0xa1, 0x77, 0xa6, 0x12, 0xa2, 0xa6, 0x66, 0xa4, 0x13, 0xa0, 0x8f
    dc.b    0xa5, 0x1a, 0xa1, 0xab, 0x13, 0x46, 0xa5, 0x0c, 0xa1, 0x72, 0xa6, 0x12, 0xa2, 0xa1, 0x66, 0xa4
    dc.b    0x13, 0xa0, 0x91, 0xa5, 0x1a, 0xa1, 0xad, 0x0d, 0x22, 0x8b, 0xa5, 0x66, 0xa4, 0x13, 0xa0, 0x93
    dc.b    0xa5, 0x1a, 0xa1, 0xaf, 0x21, 0x24, 0x8b, 0x04, 0xac, 0x80, 0x01, 0x42, 0xa5, 0x12, 0xa1, 0x5e
    dc.b    0x80, 0xf1, 0x42, 0xa5, 0x12, 0xa1, 0x63, 0x80, 0x02, 0x42, 0xa6, 0x12, 0xa2, 0xd3, 0x80, 0xf2
    dc.b    0x42, 0xa6, 0x12, 0xa2, 0xd8, 0x16, 0x22, 0x8c, 0xae, 0x46, 0xa5, 0x12, 0xa1, 0x68, 0xa6, 0x12
    dc.b    0xa2, 0xdd, 0x66, 0xa4, 0x13, 0xa0, 0x91, 0xa5, 0x1a, 0xa1, 0xad, 0x0a, 0x66, 0xa4, 0x13, 0xa0
    dc.b    0x8f, 0xa5, 0x1a, 0xa1, 0xab, 0x13, 0x46, 0xa5, 0x12, 0xa1, 0x63, 0xa6, 0x12, 0xa2, 0xd8, 0x66
    dc.b    0xa4, 0x13, 0xa0, 0x8d, 0xa5, 0x1a, 0xa1, 0xa9, 0x13, 0x46, 0xa5, 0x12, 0xa1, 0x5e, 0xa6, 0x12
    dc.b    0xa2, 0xd3, 0x66, 0xa4, 0x13, 0xa0, 0x8b, 0xa5, 0x1a, 0xa1, 0xa7, 0x0d, 0x22, 0x8b, 0xac, 0x46
    dc.b    0xa5, 0x12, 0xa1, 0x59, 0xa6, 0x12, 0xa2, 0xce, 0x13, 0x46, 0xa5, 0x12, 0xa1, 0x54, 0xa6, 0x12
    dc.b    0xa2, 0xc9, 0x66, 0xa4, 0x13, 0xa0, 0x8d, 0xa5, 0x1a, 0xa1, 0xa9, 0x0d, 0x22, 0x8a, 0xaa, 0x66
    dc.b    0xa4, 0x13, 0xa0, 0x8f, 0xa5, 0x1a, 0xa1, 0xab, 0x2b, 0x26, 0x85, 0x05, 0xa4, 0x03, 0x80, 0x01
    dc.b    0x42, 0xa5, 0x12, 0xa1, 0xab, 0x80, 0xf1, 0x42, 0xa5, 0x12, 0xa1, 0xb0, 0x80, 0x02, 0x42, 0xa6
    dc.b    0x13, 0xa2, 0x2d, 0x80, 0xf2, 0x42, 0xa6, 0x13, 0xa2, 0x32, 0x66, 0xa4, 0x13, 0xa0, 0x91, 0xa5
    dc.b    0x1a, 0xa1, 0xad, 0x16, 0x22, 0x86, 0xa6, 0x46, 0xa5, 0x12, 0xa1, 0xb5, 0xa6, 0x13, 0xa2, 0x37
    dc.b    0x66, 0xa4, 0x13, 0xa0, 0x93, 0xa5, 0x1a, 0xa1, 0xaf, 0x01, 0x13, 0x46, 0xa5, 0x12, 0xa1, 0xb0
    dc.b    0xa6, 0x13, 0xa2, 0x32, 0x66, 0xa4, 0x13, 0xa0, 0x91, 0xa5, 0x1a, 0xa1, 0xad, 0x13, 0x46, 0xa5
    dc.b    0x12, 0xa1, 0xab, 0xa6, 0x13, 0xa2, 0x2d, 0x66, 0xa4, 0x13, 0xa0, 0x8f, 0xa5, 0x1a, 0xa1, 0xab
    dc.b    0x16, 0x22, 0x85, 0xa4, 0x46, 0xa5, 0x12, 0xa1, 0xa6, 0xa6, 0x13, 0xa2, 0x28, 0x66, 0xa4, 0x13
    dc.b    0xa0, 0x8d, 0xa5, 0x1a, 0xa1, 0xa9, 0x13, 0x46, 0xa5, 0x12, 0xa1, 0xa1, 0xa6, 0x13, 0xa2, 0x23
    dc.b    0x66, 0xa4, 0x13, 0xa0, 0x8b, 0xa5, 0x1a, 0xa1, 0xa7, 0x04, 0x22, 0x84, 0xa2, 0x2b, 0x24, 0x85
    dc.b    0x06, 0xad, 0x82, 0x00, 0x01, 0x42, 0xa5, 0x0b, 0xa1, 0x8f, 0x80, 0xf1, 0x42, 0xa5, 0x0b, 0xa1
    dc.b    0x94, 0x80, 0x02, 0x42, 0xa6, 0x0c, 0xa2, 0x7c, 0x80, 0xf2, 0x42, 0xa6, 0x0c, 0xa2, 0x81, 0x66
    dc.b    0xa4, 0x13, 0xa0, 0x8d, 0xa5, 0x1a, 0xa1, 0xa9, 0x16, 0x22, 0x86, 0xaf, 0x46, 0xa5, 0x0b, 0xa1
    dc.b    0x99, 0xa6, 0x0c, 0xa2, 0x86, 0x66, 0xa4, 0x13, 0xa0, 0x8f, 0xa5, 0x1a, 0xa1, 0xab, 0x0a, 0x66
    dc.b    0xa4, 0x13, 0xa0, 0x91, 0xa5, 0x1a, 0xa1, 0xad, 0x13, 0x46, 0xa5, 0x0b, 0xa1, 0x94, 0xa6, 0x0c
    dc.b    0xa2, 0x81, 0x66, 0xa4, 0x13, 0xa0, 0x93, 0xa5, 0x1a, 0xa1, 0xaf, 0x0a, 0x46, 0xa5, 0x0b, 0xa1
    dc.b    0x8f, 0xa6, 0x0c, 0xa2, 0x7c, 0x16, 0x22, 0x85, 0xad, 0x46, 0xa5, 0x0b, 0xa1, 0x8a, 0xa6, 0x0c
    dc.b    0xa2, 0x77, 0x66, 0xa4, 0x13, 0xa0, 0x91, 0xa5, 0x1a, 0xa1, 0xad, 0x13, 0x46, 0xa5, 0x0b, 0xa1
    dc.b    0x85, 0xa6, 0x0c, 0xa2, 0x72, 0x66, 0xa4, 0x13, 0xa0, 0x8f, 0xa5, 0x1a, 0xa1, 0xab, 0x0d, 0x22
    dc.b    0x84, 0xab, 0x66, 0xa4, 0x13, 0xa0, 0x8d, 0xa5, 0x1a, 0xa1, 0xa9, 0x2b, 0x26, 0x88, 0x07, 0xac
    dc.b    0x04, 0x80, 0x01, 0x42, 0xa5, 0x0b, 0xa1, 0xff, 0x80, 0xf1, 0x42, 0xa5, 0x0c, 0xa1, 0x04, 0x80
    dc.b    0x02, 0x42, 0xa6, 0x12, 0xa2, 0x5e, 0x80, 0xf2, 0x42, 0xa6, 0x12, 0xa2, 0x63, 0x66, 0xa4, 0x13
    dc.b    0xa0, 0x8b, 0xa5, 0x1a, 0xa1, 0xa7, 0x0d, 0x22, 0x89, 0xae, 0x46, 0xa5, 0x0c, 0xa1, 0x09, 0xa6
    dc.b    0x12, 0xa2, 0x68, 0x0a, 0x66, 0xa4, 0x13, 0xa0, 0x8d, 0xa5, 0x1a, 0xa1, 0xa9, 0x13, 0x46, 0xa5
    dc.b    0x0c, 0xa1, 0x04, 0xa6, 0x12, 0xa2, 0x63, 0x66, 0xa4, 0x13, 0xa0, 0x8f, 0xa5, 0x1a, 0xa1, 0xab
    dc.b    0x13, 0x46, 0xa5, 0x0b, 0xa1, 0xff, 0xa6, 0x12, 0xa2, 0x5e, 0x66, 0xa4, 0x13, 0xa0, 0x91, 0xa5
    dc.b    0x1a, 0xa1, 0xad, 0x16, 0x22, 0x88, 0xac, 0x46, 0xa5, 0x0b, 0xa1, 0xfa, 0xa6, 0x12, 0xa2, 0x59
    dc.b    0x66, 0xa4, 0x13, 0xa0, 0x93, 0xa5, 0x1a, 0xa1, 0xaf, 0x0a, 0x46, 0xa5, 0x0b, 0xa1, 0xf5, 0xa6
    dc.b    0x12, 0xa2, 0x54, 0x0d, 0x22, 0x87, 0xaa, 0x66, 0xa4, 0x13, 0xa0, 0x91, 0xa5, 0x1a, 0xa1, 0xad
    dc.b    0x2b, 0x26, 0x87, 0x09, 0xa6, 0x05, 0x80, 0x01, 0x42, 0xa5, 0x0c, 0xa1, 0x7c, 0x80, 0xf1, 0x42
    dc.b    0xa5, 0x0c, 0xa1, 0x81, 0x80, 0x02, 0x42, 0xa6, 0x12, 0xa2, 0xab, 0x80, 0xf2, 0x42, 0xa6, 0x12
    dc.b    0xa2, 0xb0, 0x66, 0xa4, 0x13, 0xa0, 0x8f, 0xa5, 0x1a, 0xa1, 0xab, 0x16, 0x22, 0x88, 0xa8, 0x46
    dc.b    0xa5, 0x0c, 0xa1, 0x86, 0xa6, 0x12, 0xa2, 0xb5, 0x66, 0xa4, 0x13, 0xa0, 0x8d, 0xa5, 0x1a, 0xa1
    dc.b    0xa9, 0x0a, 0x66, 0xa4, 0x13, 0xa0, 0x8b, 0xa5, 0x1a, 0xa1, 0xa7, 0x0a, 0x46, 0xa5, 0x0c, 0xa1
    dc.b    0x81, 0xa6, 0x12, 0xa2, 0xb0, 0x13, 0x46, 0xa5, 0x0c, 0xa1, 0x7c, 0xa6, 0x12, 0xa2, 0xab, 0x66
    dc.b    0xa4, 0x13, 0xa0, 0x8d, 0xa5, 0x1a, 0xa1, 0xa9, 0x18, 0x22, 0x87, 0xa6, 0x46, 0xa5, 0x0c, 0xa1
    dc.b    0x77, 0xa6, 0x12, 0xa2, 0xa6, 0x66, 0xa4, 0x13, 0xa0, 0x8f, 0xa5, 0x1a, 0xa1, 0xab, 0xb8, 0x01
    dc.b    0x13, 0x46, 0xa5, 0x0c, 0xa1, 0x72, 0xa6, 0x12, 0xa2, 0xa1, 0x66, 0xa4, 0x13, 0xa0, 0x91, 0xa5
    dc.b    0x1a, 0xa1, 0xad, 0x0d, 0x22, 0x86, 0xa4, 0x66, 0xa4, 0x13, 0xa0, 0x93, 0xa5, 0x1a, 0xa1, 0xaf
    dc.b    0x24, 0x26, 0x87, 0x08, 0xa6, 0x06, 0x84, 0x00, 0xf0, 0x01, 0x42, 0xa5, 0x12, 0xa1, 0x5e, 0x80
    dc.b    0xf1, 0x42, 0xa5, 0x12, 0xa1, 0x63, 0x80, 0x02, 0x42, 0xa6, 0x0b, 0xa2, 0x8f, 0x80, 0xf2, 0x42
    dc.b    0xa6, 0x0b, 0xa2, 0x94, 0x16, 0x22, 0x88, 0xa8, 0x46, 0xa5, 0x12, 0xa1, 0x68, 0xa6, 0x0b, 0xa2
    dc.b    0x99, 0x66, 0xa4, 0x13, 0xa0, 0x91, 0xa5, 0x1a, 0xa1, 0xad, 0x0a, 0x66, 0xa4, 0x13, 0xa0, 0x8f
    dc.b    0xa5, 0x1a, 0xa1, 0xab, 0x13, 0x46, 0xa5, 0x12, 0xa1, 0x63, 0xa6, 0x0b, 0xa2, 0x94, 0x66, 0xa4
    dc.b    0x13, 0xa0, 0x8d, 0xa5, 0x1a, 0xa1, 0xa9, 0x13, 0x46, 0xa5, 0x12, 0xa1, 0x5e, 0xa6, 0x0b, 0xa2
    dc.b    0x8f, 0x66, 0xa4, 0x13, 0xa0, 0x8b, 0xa5, 0x1a, 0xa1, 0xa7, 0x0f, 0x22, 0x87, 0xa6, 0x46, 0xa5
    dc.b    0x12, 0xa1, 0x59, 0xa6, 0x0b, 0xa2, 0x8a, 0xb8, 0x01, 0x13, 0x46, 0xa5, 0x12, 0xa1, 0x54, 0xa6
    dc.b    0x0b, 0xa2, 0x85, 0x66, 0xa4, 0x13, 0xa0, 0x8d, 0xa5, 0x1a, 0xa1, 0xa9, 0x0d, 0x22, 0x86, 0xa4
    dc.b    0x66, 0xa4, 0x13, 0xa0, 0x8f, 0xa5, 0x1a, 0xa1, 0xab, 0x33, 0x26, 0x88, 0x07, 0xa9, 0x07, 0x80
    dc.b    0x00, 0x42, 0xa4, 0x23, 0xa0, 0x8f, 0x82, 0xf0, 0x01, 0x42, 0xa5, 0x12, 0xa1, 0xab, 0x80, 0xf1
    dc.b    0x42, 0xa5, 0x12, 0xa1, 0xb0, 0x80, 0x02, 0x42, 0xa6, 0x0b, 0xa2, 0xff, 0x80, 0xf2, 0x42, 0xa6
    dc.b    0x0c, 0xa2, 0x04, 0x66, 0xa4, 0x13, 0xa0, 0x91, 0xa5, 0x1a, 0xa1, 0xad, 0x16, 0x22, 0x89, 0xab
    dc.b    0x46, 0xa5, 0x12, 0xa1, 0xb5, 0xa6, 0x0c, 0xa2, 0x09, 0x66, 0xa4, 0x13, 0xa0, 0x93, 0xa5, 0x1a
    dc.b    0xa1, 0xaf, 0x01, 0x13, 0x46, 0xa5, 0x12, 0xa1, 0xb0, 0xa6, 0x0c, 0xa2, 0x04, 0x66, 0xa4, 0x13
    dc.b    0xa0, 0x91, 0xa5, 0x1a, 0xa1, 0xad, 0x13, 0x46, 0xa5, 0x12, 0xa1, 0xab, 0xa6, 0x0b, 0xa2, 0xff
    dc.b    0x66, 0xa4, 0x13, 0xa0, 0x8f, 0xa5, 0x1a, 0xa1, 0xab, 0x18, 0x22, 0x88, 0xa9, 0x46, 0xa5, 0x12
    dc.b    0xa1, 0xa6, 0xa6, 0x0b, 0xa2, 0xfa, 0x66, 0xa4, 0x13, 0xa0, 0x8d, 0xa5, 0x1a, 0xa1, 0xa9, 0xb8
    dc.b    0x01, 0x13, 0x46, 0xa5, 0x12, 0xa1, 0xa1, 0xa6, 0x0b, 0xa2, 0xf5, 0x66, 0xa4, 0x13, 0xa0, 0x8b
    dc.b    0xa5, 0x1a, 0xa1, 0xa7, 0x04, 0x22, 0x87, 0xa7, 0x32, 0x24, 0x81, 0xa8, 0x09, 0x80, 0x00, 0x42
    dc.b    0xa4, 0x1b, 0xa0, 0x8f, 0x82, 0xf0, 0x01, 0x42, 0xa5, 0x12, 0xa1, 0xd3, 0x80, 0xf1, 0x42, 0xa5
    dc.b    0x12, 0xa1, 0xd8, 0x80, 0x02, 0x42, 0xa6, 0x0c, 0xa2, 0x7c, 0x80, 0xf2, 0x42, 0xa6, 0x0c, 0xa2
    dc.b    0x81, 0x66, 0xa4, 0x13, 0xa0, 0x8d, 0xa5, 0x1a, 0xa1, 0xa9, 0x16, 0x22, 0x82, 0xaa, 0x46, 0xa5
    dc.b    0x12, 0xa1, 0xdd, 0xa6, 0x0c, 0xa2, 0x86, 0x66, 0xa4, 0x13, 0xa0, 0x8f, 0xa5, 0x1a, 0xa1, 0xab
    dc.b    0x0a, 0x66, 0xa4, 0x13, 0xa0, 0x91, 0xa5, 0x1a, 0xa1, 0xad, 0x13, 0x46, 0xa5, 0x12, 0xa1, 0xd8
    dc.b    0xa6, 0x0c, 0xa2, 0x81, 0x66, 0xa4, 0x13, 0xa0, 0x93, 0xa5, 0x1a, 0xa1, 0xaf, 0x0a, 0x46, 0xa5
    dc.b    0x12, 0xa1, 0xd3, 0xa6, 0x0c, 0xa2, 0x7c, 0x18, 0x22, 0x81, 0xa8, 0x46, 0xa5, 0x12, 0xa1, 0xce
    dc.b    0xa6, 0x0c, 0xa2, 0x77, 0x66, 0xa4, 0x13, 0xa0, 0x91, 0xa5, 0x1a, 0xa1, 0xad, 0xb8, 0x01, 0x13
    dc.b    0x46, 0xa5, 0x12, 0xa1, 0xc9, 0xa6, 0x0c, 0xa2, 0x72, 0x66, 0xa4, 0x13, 0xa0, 0x8f, 0xa5, 0x1a
    dc.b    0xa1, 0xab, 0x0d, 0x22, 0x80, 0xa6, 0x66, 0xa4, 0x13, 0xa0, 0x8d, 0xa5, 0x1a, 0xa1, 0xa9, 0x2d
    dc.b    0x26, 0x85, 0x06, 0xa8, 0x08, 0x84, 0x00, 0xf0, 0x01, 0x42, 0xa5, 0x13, 0xa1, 0x2d, 0x80, 0xf1
    dc.b    0x42, 0xa5, 0x13, 0xa1, 0x32, 0x80, 0x02, 0x42, 0xa6, 0x12, 0xa2, 0x5e, 0x80, 0xf2, 0x42, 0xa6
    dc.b    0x12, 0xa2, 0x63, 0x66, 0xa4, 0x13, 0xa0, 0x8b, 0xa5, 0x1a, 0xa1, 0xa7, 0x0d, 0x22, 0x86, 0xaa
    dc.b    0x46, 0xa5, 0x13, 0xa1, 0x37, 0xa6, 0x12, 0xa2, 0x68, 0x0c, 0x66, 0xa4, 0x13, 0xa0, 0x8d, 0xa5
    dc.b    0x1a, 0xa1, 0xa9, 0xb8, 0x01, 0x13, 0x46, 0xa5, 0x13, 0xa1, 0x32, 0xa6, 0x12, 0xa2, 0x63, 0x66
    dc.b    0xa4, 0x13, 0xa0, 0x8f, 0xa5, 0x1a, 0xa1, 0xab, 0x13, 0x46, 0xa5, 0x13, 0xa1, 0x2d, 0xa6, 0x12
    dc.b    0xa2, 0x5e, 0x66, 0xa4, 0x13, 0xa0, 0x91, 0xa5, 0x1a, 0xa1, 0xad, 0x18, 0x22, 0x85, 0xa8, 0x46
    dc.b    0xa5, 0x13, 0xa1, 0x28, 0xa6, 0x12, 0xa2, 0x59, 0x66, 0xa4, 0x13, 0xa0, 0x93, 0xa5, 0x1a, 0xa1
    dc.b    0xaf, 0xb8, 0x01, 0x0a, 0x46, 0xa5, 0x13, 0xa1, 0x23, 0xa6, 0x12, 0xa2, 0x54, 0x0d, 0x22, 0x84
    dc.b    0xa6, 0x66, 0xa4, 0x13, 0xa0, 0x91, 0xa5, 0x1a, 0xa1, 0xad, 0x2d, 0x26, 0x8f, 0x05, 0xa9, 0x07
    dc.b    0x84, 0x00, 0xf0, 0x01, 0x42, 0xa5, 0x0c, 0xa1, 0x7c, 0x80, 0xf1, 0x42, 0xa5, 0x0c, 0xa1, 0x81
    dc.b    0x80, 0x02, 0x42, 0xa6, 0x12, 0xa2, 0xab, 0x80, 0xf2, 0x42, 0xa6, 0x12, 0xa2, 0xb0, 0x66, 0xa4
    dc.b    0x13, 0xa0, 0x8f, 0xa5, 0x1a, 0xa1, 0xab, 0x17, 0x24, 0x80, 0x06, 0xab, 0x46, 0xa5, 0x0c, 0xa1
    dc.b    0x86, 0xa6, 0x12, 0xa2, 0xb5, 0x66, 0xa4, 0x13, 0xa0, 0x8d, 0xa5, 0x1a, 0xa1, 0xa9, 0x0a, 0x66
    dc.b    0xa4, 0x13, 0xa0, 0x8b, 0xa5, 0x1a, 0xa1, 0xa7, 0x0a, 0x46, 0xa5, 0x0c, 0xa1, 0x81, 0xa6, 0x12
    dc.b    0xa2, 0xb0, 0x13, 0x46, 0xa5, 0x0c, 0xa1, 0x7c, 0xa6, 0x12, 0xa2, 0xab, 0x66, 0xa4, 0x13, 0xa0
    dc.b    0x8d, 0xa5, 0x1a, 0xa1, 0xa9, 0x19, 0x24, 0x8f, 0x05, 0xa9, 0x46, 0xa5, 0x0c, 0xa1, 0x77, 0xa6
    dc.b    0x12, 0xa2, 0xa6, 0x66, 0xa4, 0x13, 0xa0, 0x8f, 0xa5, 0x1a, 0xa1, 0xab, 0xb8, 0x01, 0x13, 0x46
    dc.b    0xa5, 0x0c, 0xa1, 0x72, 0xa6, 0x12, 0xa2, 0xa1, 0x66, 0xa4, 0x13, 0xa0, 0x91, 0xa5, 0x1a, 0xa1
    dc.b    0xad, 0x0d, 0x22, 0x8e, 0xa7, 0x66, 0xa4, 0x13, 0xa0, 0x93, 0xa5, 0x1a, 0xa1, 0xaf, 0x28, 0x22
    dc.b    0x85, 0xa2, 0x80, 0x00, 0x42, 0xa4, 0x23, 0xa0, 0x8f, 0x82, 0xf0, 0x01, 0x42, 0xa5, 0x12, 0xa1
    dc.b    0x5e, 0x80, 0xf1, 0x42, 0xa5, 0x12, 0xa1, 0x63, 0x80, 0x02, 0x42, 0xa6, 0x12, 0xa2, 0xd3, 0x80
    dc.b    0xf2, 0x42, 0xa6, 0x12, 0xa2, 0xd8, 0x16, 0x22, 0x86, 0xa4, 0x46, 0xa5, 0x12, 0xa1, 0x68, 0xa6
    dc.b    0x12, 0xa2, 0xdd, 0x66, 0xa4, 0x13, 0xa0, 0x91, 0xa5, 0x1a, 0xa1, 0xad, 0x0a, 0x66, 0xa4, 0x13
    dc.b    0xa0, 0x8f, 0xa5, 0x1a, 0xa1, 0xab, 0x13, 0x46, 0xa5, 0x12, 0xa1, 0x63, 0xa6, 0x12, 0xa2, 0xd8
    dc.b    0x66, 0xa4, 0x13, 0xa0, 0x8d, 0xa5, 0x1a, 0xa1, 0xa9, 0x13, 0x46, 0xa5, 0x12, 0xa1, 0x5e, 0xa6
    dc.b    0x12, 0xa2, 0xd3, 0x66, 0xa4, 0x13, 0xa0, 0x8b, 0xa5, 0x1a, 0xa1, 0xa7, 0x0f, 0x22, 0x85, 0xa2
    dc.b    0x46, 0xa5, 0x12, 0xa1, 0x59, 0xa6, 0x12, 0xa2, 0xce, 0xb8, 0x01, 0x13, 0x46, 0xa5, 0x12, 0xa1
    dc.b    0x54, 0xa6, 0x12, 0xa2, 0xc9, 0x66, 0xa4, 0x13, 0xa0, 0x8d, 0xa5, 0x1a, 0xa1, 0xa9, 0x0d, 0x22
    dc.b    0x84, 0xa0, 0x66, 0xa4, 0x13, 0xa0, 0x8f, 0xa5, 0x1a, 0xa1, 0xab, 0x33, 0x26, 0x85, 0x06, 0xa6
    dc.b    0x06, 0x80, 0x00, 0x42, 0xa4, 0x1b, 0xa0, 0x8f, 0x82, 0xf0, 0x01, 0x42, 0xa5, 0x12, 0xa1, 0xab
    dc.b    0x80, 0xf1, 0x42, 0xa5, 0x12, 0xa1, 0xb0, 0x80, 0x02, 0x42, 0xa6, 0x13, 0xa2, 0x2d, 0x80, 0xf2
    dc.b    0x42, 0xa6, 0x13, 0xa2, 0x32, 0x66, 0xa4, 0x13, 0xa0, 0x91, 0xa5, 0x1a, 0xa1, 0xad, 0x16, 0x22
    dc.b    0x86, 0xa8, 0x46, 0xa5, 0x12, 0xa1, 0xb5, 0xa6, 0x13, 0xa2, 0x37, 0x66, 0xa4, 0x13, 0xa0, 0x93
    dc.b    0xa5, 0x1a, 0xa1, 0xaf, 0x01, 0x13, 0x46, 0xa5, 0x12, 0xa1, 0xb0, 0xa6, 0x13, 0xa2, 0x32, 0x66
    dc.b    0xa4, 0x13, 0xa0, 0x91, 0xa5, 0x1a, 0xa1, 0xad, 0x13, 0x46, 0xa5, 0x12, 0xa1, 0xab, 0xa6, 0x13
    dc.b    0xa2, 0x2d, 0x66, 0xa4, 0x13, 0xa0, 0x8f, 0xa5, 0x1a, 0xa1, 0xab, 0x18, 0x22, 0x85, 0xa6, 0x46
    dc.b    0xa5, 0x12, 0xa1, 0xa6, 0xa6, 0x13, 0xa2, 0x28, 0x66, 0xa4, 0x13, 0xa0, 0x8d, 0xa5, 0x1a, 0xa1
    dc.b    0xa9, 0xb8, 0x03, 0x13, 0x46, 0xa5, 0x12, 0xa1, 0xa1, 0xa6, 0x13, 0xa2, 0x23, 0x66, 0xa4, 0x13
    dc.b    0xa0, 0x8b, 0xa5, 0x1a, 0xa1, 0xa7, 0x04, 0x22, 0x84, 0xa4, 0x46, 0x26, 0x82, 0x0e, 0xa0, 0xf2
    dc.b    0x80, 0x00, 0x42, 0xa4, 0x1a, 0xa0, 0x5e, 0x82, 0xf0, 0x01, 0x42, 0xa5, 0x12, 0xa1, 0xd3, 0x80
    dc.b    0xf1, 0x42, 0xa5, 0x12, 0xa1, 0xd8, 0x80, 0x02, 0x42, 0xa6, 0x0c, 0xa2, 0x7c, 0x80, 0xf2, 0x42
    dc.b    0xa6, 0x0c, 0xa2, 0x81, 0x80, 0x04, 0x62, 0xa4, 0x1a, 0xa0, 0x5e, 0x80, 0xf4, 0x62, 0xa4, 0x1a
    dc.b    0xa0, 0x60, 0x80, 0x05, 0x62, 0xa5, 0x1b, 0xa1, 0x8f, 0x80, 0xf5, 0x62, 0xa5, 0x1b, 0xa1, 0x91
    dc.b    0x18, 0x30, 0xff, 0x22, 0x83, 0xa2, 0x46, 0xa5, 0x12, 0xa1, 0xdd, 0xa6, 0x0c, 0xa2, 0x86, 0x66
    dc.b    0xa4, 0x1a, 0xa0, 0x62, 0xa5, 0x1b, 0xa1, 0x93, 0x01, 0x13, 0x46, 0xa5, 0x12, 0xa1, 0xd8, 0xa6
    dc.b    0x0c, 0xa2, 0x81, 0x66, 0xa4, 0x1a, 0xa0, 0x60, 0xa5, 0x1b, 0xa1, 0x91, 0x13, 0x46, 0xa5, 0x12
    dc.b    0xa1, 0xd3, 0xa6, 0x0c, 0xa2, 0x7c, 0x66, 0xa4, 0x1a, 0xa0, 0x5e, 0xa5, 0x1b, 0xa1, 0x8f, 0x16
    dc.b    0x22, 0x82, 0xa0, 0x46, 0xa5, 0x12, 0xa1, 0xce, 0xa6, 0x0c, 0xa2, 0x77, 0x66, 0xa4, 0x1a, 0xa0
    dc.b    0x5c, 0xa5, 0x1b, 0xa1, 0x8d, 0x13, 0x46, 0xa5, 0x12, 0xa1, 0xc9, 0xa6, 0x0c, 0xa2, 0x72, 0x66
    dc.b    0xa4, 0x1a, 0xa0, 0x5a, 0xa5, 0x1b, 0xa1, 0x8b, 0x05, 0x24, 0x81, 0xae, 0x05, 0x22, 0x30, 0x9f
    dc.b    0x22, 0xa6, 0xf2, 0x42, 0xa5, 0x12, 0xa1, 0xce, 0x80, 0x02, 0x42, 0xa6, 0x12, 0xa2, 0x5e, 0x80
    dc.b    0xf2, 0x42, 0xa6, 0x12, 0xa2, 0x63, 0x66, 0xa4, 0x1a, 0xa0, 0x5c, 0xa5, 0x1b, 0xa1, 0x8d, 0x17
    dc.b    0x30, 0xff, 0x20, 0xa8, 0x46, 0xa5, 0x12, 0xa1, 0xd3, 0xa6, 0x12, 0xa2, 0x68, 0x66, 0xa4, 0x1a
    dc.b    0xa0, 0x5e, 0xa5, 0x1b, 0xa1, 0x8f, 0x0f, 0x42, 0xa5, 0x12, 0xa1, 0xd8, 0x66, 0xa4, 0x1a, 0xa0
    dc.b    0x60, 0xa5, 0x1b, 0xa1, 0x91, 0x13, 0x46, 0xa5, 0x12, 0xa1, 0xdd, 0xa6, 0x12, 0xa2, 0x63, 0x66
    dc.b    0xa4, 0x1a, 0xa0, 0x62, 0xa5, 0x1b, 0xa1, 0x93, 0x06, 0x42, 0xa6, 0x12, 0xa2, 0x5e, 0x15, 0x20
    dc.b    0xa6, 0x46, 0xa5, 0x12, 0xa1, 0xd8, 0xa6, 0x12, 0xa2, 0x59, 0x66, 0xa4, 0x1a, 0xa0, 0x60, 0xa5
    dc.b    0x1b, 0xa1, 0x91, 0x13, 0x46, 0xa5, 0x12, 0xa1, 0xd3, 0xa6, 0x12, 0xa2, 0x54, 0x66, 0xa4, 0x1a
    dc.b    0xa0, 0x5e, 0xa5, 0x1b, 0xa1, 0x8f, 0x11, 0x20, 0xa4, 0x42, 0xa5, 0x12, 0xa1, 0xce, 0x66, 0xa4
    dc.b    0x1a, 0xa0, 0x5c, 0xa5, 0x1b, 0xa1, 0x8d, 0x39, 0x28, 0x82, 0x96, 0xa6, 0x06, 0xf2, 0x82, 0x00
    dc.b    0xf0, 0x42, 0xa5, 0x12, 0xa1, 0xc9, 0x80, 0x02, 0x42, 0xa6, 0x12, 0xa2, 0xab, 0x80, 0xf2, 0x42
    dc.b    0xa6, 0x12, 0xa2, 0xb0, 0x80, 0x04, 0x62, 0xa4, 0x1a, 0xa0, 0x5e, 0x80, 0xf4, 0x62, 0xa4, 0x1a
    dc.b    0xa0, 0x60, 0x80, 0x05, 0x62, 0xa5, 0x1a, 0xa1, 0x5e, 0x80, 0xf5, 0x62, 0xa5, 0x1a, 0xa1, 0x60
    dc.b    0x14, 0x30, 0xff, 0x22, 0x83, 0xa8, 0x42, 0xa6, 0x12, 0xa2, 0xb5, 0x66, 0xa4, 0x1a, 0xa0, 0x62
    dc.b    0xa5, 0x1a, 0xa1, 0x62, 0x08, 0x42, 0xa5, 0x12, 0xa1, 0xce, 0x80, 0x04, 0x0f, 0x46, 0xa5, 0x12
    dc.b    0xa1, 0xd3, 0xa6, 0x12, 0xa2, 0xb0, 0x62, 0xa5, 0x1a, 0xa1, 0x60, 0x0f, 0x46, 0xa5, 0x12, 0xa1
    dc.b    0xd8, 0xa6, 0x12, 0xa2, 0xab, 0x62, 0xa5, 0x1a, 0xa1, 0x5e, 0x0f, 0x22, 0x82, 0xa6, 0x46, 0xa5
    dc.b    0x12, 0xa1, 0xdd, 0xa6, 0x12, 0xa2, 0xa6, 0x80, 0x05, 0x06, 0x42, 0xa6, 0x12, 0xa2, 0xa1, 0x09
    dc.b    0x22, 0x81, 0xa4, 0x42, 0xa5, 0x12, 0xa1, 0xd8, 0x33, 0x28, 0x81, 0x07, 0xa3, 0x0e, 0xf2, 0x82
    dc.b    0x00, 0xf0, 0x42, 0xa5, 0x12, 0xa1, 0xd3, 0x80, 0x02, 0x42, 0xa6, 0x12, 0xa2, 0xd3, 0x80, 0xf2
    dc.b    0x42, 0xa6, 0x12, 0xa2, 0xd8, 0x80, 0x04, 0x62, 0xa4, 0x1a, 0xa0, 0x5e, 0x80, 0xf4, 0x62, 0xa4
    dc.b    0x1a, 0xa0, 0x60, 0x82, 0x05, 0xf5, 0x62, 0xa5, 0x1a, 0xa1, 0x60, 0x18, 0x30, 0xff, 0x22, 0x82
    dc.b    0xa5, 0x46, 0xa5, 0x12, 0xa1, 0xce, 0xa6, 0x12, 0xa2, 0xdd, 0x66, 0xa4, 0x1a, 0xa0, 0x62, 0xa5
    dc.b    0x1a, 0xa1, 0x62, 0x08, 0x42, 0xa5, 0x12, 0xa1, 0xc9, 0x80, 0x04, 0x0b, 0x42, 0xa6, 0x12, 0xa2
    dc.b    0xd8, 0x62, 0xa5, 0x1a, 0xa1, 0x60, 0x0f, 0x46, 0xa5, 0x12, 0xa1, 0xce, 0xa6, 0x12, 0xa2, 0xd3
    dc.b    0x62, 0xa5, 0x1a, 0xa1, 0x5e, 0x11, 0x22, 0x81, 0xa3, 0x46, 0xa5, 0x12, 0xa1, 0xd3, 0xa6, 0x12
    dc.b    0xa2, 0xce, 0x80, 0x05, 0xb8, 0x01, 0x0a, 0x46, 0xa5, 0x12, 0xa1, 0xd8, 0xa6, 0x12, 0xa2, 0xc9
    dc.b    0x09, 0x22, 0x80, 0xa1, 0x42, 0xa5, 0x12, 0xa1, 0xdd, 0x2a, 0x32, 0x9f, 0xbf, 0x20, 0xf2, 0x80
    dc.b    0x00, 0x42, 0xa4, 0x22, 0xa0, 0x5e, 0x80, 0xf0, 0x42, 0xa6, 0x12, 0xa2, 0xce, 0x80, 0x04, 0x62
    dc.b    0xa4, 0x1a, 0xa0, 0x5e, 0x80, 0xf4, 0x62, 0xa4, 0x1a, 0xa0, 0x60, 0x82, 0x05, 0xf5, 0x62, 0xa5
    dc.b    0x1a, 0xa1, 0x60, 0x15, 0x30, 0xff, 0x46, 0xa5, 0x12, 0xa1, 0xd8, 0xa6, 0x12, 0xa2, 0xd3, 0x66
    dc.b    0xa4, 0x1a, 0xa0, 0x62, 0xa5, 0x1a, 0xa1, 0x62, 0x0c, 0x46, 0xa5, 0x12, 0xa1, 0xd3, 0xa6, 0x12
    dc.b    0xa2, 0xd8, 0x80, 0x04, 0x0f, 0x46, 0xa5, 0x12, 0xa1, 0xce, 0xa6, 0x12, 0xa2, 0xdd, 0x62, 0xa5
    dc.b    0x1a, 0xa1, 0x60, 0x0b, 0x42, 0xa5, 0x12, 0xa1, 0xc9, 0x62, 0xa5, 0x1a, 0xa1, 0x5e, 0x0a, 0x80
    dc.b    0x00, 0x42, 0xa6, 0x12, 0xa2, 0xd8, 0x80, 0x05, 0x0a, 0x46, 0xa5, 0x12, 0xa1, 0xce, 0xa6, 0x12
    dc.b    0xa2, 0xd3, 0x0a, 0x46, 0xa5, 0x12, 0xa1, 0xd3, 0xa6, 0x12, 0xa2, 0xce, 0x24, 0x24, 0xa3, 0xba
    dc.b    0xf2, 0x46, 0xa5, 0x12, 0xa1, 0xd8, 0xa6, 0x12, 0xa2, 0xc9, 0x80, 0x04, 0x62, 0xa4, 0x1a, 0xa0
    dc.b    0x5e, 0x80, 0xf4, 0x62, 0xa4, 0x1a, 0xa0, 0x60, 0x82, 0x05, 0xf5, 0x62, 0xa5, 0x1a, 0xa1, 0x60
    dc.b    0x13, 0x30, 0xff, 0x20, 0xa5, 0x42, 0xa5, 0x12, 0xa1, 0xdd, 0x66, 0xa4, 0x1a, 0xa0, 0x62, 0xa5
    dc.b    0x1a, 0xa1, 0x62, 0x08, 0x42, 0xa6, 0x12, 0xa2, 0xce, 0x80, 0x04, 0x0f, 0x46, 0xa5, 0x12, 0xa1
    dc.b    0xd8, 0xa6, 0x12, 0xa2, 0xd3, 0x62, 0xa5, 0x1a, 0xa1, 0x60, 0x0f, 0x46, 0xa5, 0x12, 0xa1, 0xd3
    dc.b    0xa6, 0x12, 0xa2, 0xd8, 0x62, 0xa5, 0x1a, 0xa1, 0x5e, 0x10, 0x20, 0xa3, 0x46, 0xa5, 0x12, 0xa1
    dc.b    0xce, 0xa6, 0x12, 0xa2, 0xdd, 0x80, 0x05, 0xb8, 0x02, 0x06, 0x42, 0xa5, 0x12, 0xa1, 0xc9, 0x08
    dc.b    0x20, 0xa1, 0x42, 0xa6, 0x12, 0xa2, 0xd8, 0x3e, 0x2a, 0x87, 0x09, 0x96, 0xa2, 0x07, 0xf2, 0x80
    dc.b    0x00, 0x42, 0xa4, 0x1a, 0xa0, 0x5e, 0x82, 0xf0, 0x01, 0x42, 0xa5, 0x12, 0xa1, 0x5e, 0x80, 0xf1
    dc.b    0x46, 0xa5, 0x12, 0xa1, 0x63, 0xa6, 0x12, 0xa2, 0xd3, 0x80, 0x04, 0x62, 0xa4, 0x1a, 0xa0, 0x5e
    dc.b    0x80, 0xf4, 0x62, 0xa4, 0x1a, 0xa0, 0x60, 0x80, 0x05, 0x62, 0xa5, 0x1b, 0xa1, 0x8f, 0x80, 0xf5
    dc.b    0x62, 0xa5, 0x1b, 0xa1, 0x91, 0x18, 0x30, 0xff, 0x22, 0x88, 0xa4, 0x46, 0xa5, 0x12, 0xa1, 0x68
    dc.b    0xa6, 0x12, 0xa2, 0xce, 0x66, 0xa4, 0x1a, 0xa0, 0x62, 0xa5, 0x1b, 0xa1, 0x93, 0x06, 0x42, 0xa6
    dc.b    0x12, 0xa2, 0xc9, 0x0f, 0x42, 0xa5, 0x12, 0xa1, 0x63, 0x66, 0xa4, 0x1a, 0xa0, 0x60, 0xa5, 0x1b
    dc.b    0xa1, 0x91, 0x13, 0x46, 0xa5, 0x12, 0xa1, 0x5e, 0xa6, 0x12, 0xa2, 0xce, 0x66, 0xa4, 0x1a, 0xa0
    dc.b    0x5e, 0xa5, 0x1b, 0xa1, 0x8f, 0x14, 0x22, 0x87, 0xa2, 0x80, 0x01, 0x42, 0xa6, 0x12, 0xa2, 0xd3
    dc.b    0x66, 0xa4, 0x1a, 0xa0, 0x5c, 0xa5, 0x1b, 0xa1, 0x8d, 0x0f, 0x42, 0xa6, 0x12, 0xa2, 0xd8, 0x66
    dc.b    0xa4, 0x1a, 0xa0, 0x5a, 0xa5, 0x1b, 0xa1, 0x8b, 0x09, 0x22, 0x86, 0xa0, 0x42, 0xa6, 0x12, 0xa2
    dc.b    0xdd, 0x1e, 0x30, 0xbf, 0x20, 0xf2, 0x84, 0x00, 0xf0, 0x01, 0x42, 0xa5, 0x12, 0xa1, 0xab, 0x80
    dc.b    0xf1, 0x42, 0xa5, 0x12, 0xa1, 0xb0, 0x66, 0xa4, 0x1a, 0xa0, 0x5c, 0xa5, 0x1b, 0xa1, 0x8d, 0x15
    dc.b    0x30, 0xff, 0x46, 0xa5, 0x12, 0xa1, 0xb5, 0xa6, 0x12, 0xa2, 0xd8, 0x66, 0xa4, 0x1a, 0xa0, 0x5e
    dc.b    0xa5, 0x1b, 0xa1, 0x8f, 0x0f, 0x42, 0xa6, 0x12, 0xa2, 0xd3, 0x66, 0xa4, 0x1a, 0xa0, 0x60, 0xa5
    dc.b    0x1b, 0xa1, 0x91, 0x15, 0x20, 0x87, 0x46, 0xa5, 0x12, 0xa1, 0xb0, 0xa6, 0x12, 0xa2, 0xce, 0x66
    dc.b    0xa4, 0x1a, 0xa0, 0x62, 0xa5, 0x1b, 0xa1, 0x93, 0x0a, 0x46, 0xa5, 0x12, 0xa1, 0xab, 0xa6, 0x12
    dc.b    0xa2, 0xc9, 0x10, 0x20, 0x88, 0x80, 0x01, 0x66, 0xa4, 0x1a, 0xa0, 0x60, 0xa5, 0x1b, 0xa1, 0x91
    dc.b    0xb8, 0x02, 0x0f, 0x42, 0xa6, 0x12, 0xa2, 0xce, 0x66, 0xa4, 0x1a, 0xa0, 0x5e, 0xa5, 0x1b, 0xa1
    dc.b    0x8f, 0x0f, 0x42, 0xa6, 0x12, 0xa2, 0xd3, 0x66, 0xa4, 0x1a, 0xa0, 0x5c, 0xa5, 0x1b, 0xa1, 0x8d
    dc.b    0x32, 0x20, 0xf2, 0x82, 0x00, 0x01, 0x42, 0xa5, 0x12, 0xa1, 0xd3, 0x80, 0xf1, 0x46, 0xa5, 0x12
    dc.b    0xa1, 0xd8, 0xa6, 0x12, 0xa2, 0xd8, 0x80, 0x04, 0x62, 0xa4, 0x1a, 0xa0, 0x5e, 0x80, 0xf4, 0x62
    dc.b    0xa4, 0x1a, 0xa0, 0x60, 0x80, 0x05, 0x62, 0xa5, 0x1a, 0xa1, 0x5e, 0x80, 0xf5, 0x62, 0xa5, 0x1a
    dc.b    0xa1, 0x60, 0x17, 0x30, 0xff, 0x20, 0x87, 0x46, 0xa5, 0x12, 0xa1, 0xdd, 0xa6, 0x12, 0xa2, 0xdd
    dc.b    0x66, 0xa4, 0x1a, 0xa0, 0x62, 0xa5, 0x1a, 0xa1, 0x62, 0x03, 0x80, 0x04, 0x11, 0x20, 0x86, 0x46
    dc.b    0xa5, 0x12, 0xa1, 0xd8, 0xa6, 0x12, 0xa2, 0xd8, 0x62, 0xa5, 0x1a, 0xa1, 0x60, 0x0f, 0x46, 0xa5
    dc.b    0x12, 0xa1, 0xd3, 0xa6, 0x12, 0xa2, 0xd3, 0x62, 0xa5, 0x1a, 0xa1, 0x5e, 0x0c, 0x46, 0xa5, 0x12
    dc.b    0xa1, 0xce, 0xa6, 0x12, 0xa2, 0xce, 0x80, 0x05, 0x0a, 0x46, 0xa5, 0x12, 0xa1, 0xc9, 0xa6, 0x12
    dc.b    0xa2, 0xc9, 0x03, 0x20, 0x87, 0x32, 0x26, 0xa8, 0x09, 0xba, 0xf2, 0x82, 0x00, 0xf0, 0x42, 0xa5
    dc.b    0x12, 0xa1, 0xce, 0x80, 0x02, 0x42, 0xa6, 0x12, 0xa2, 0x5e, 0x80, 0xf2, 0x42, 0xa6, 0x12, 0xa2
    dc.b    0x63, 0x80, 0x04, 0x62, 0xa4, 0x1a, 0xa0, 0x5e, 0x80, 0xf4, 0x62, 0xa4, 0x1a, 0xa0, 0x60, 0x82
    dc.b    0x05, 0xf5, 0x62, 0xa5, 0x1a, 0xa1, 0x60, 0x18, 0x30, 0xff, 0x22, 0x88, 0xaa, 0x46, 0xa5, 0x12
    dc.b    0xa1, 0xd3, 0xa6, 0x12, 0xa2, 0x68, 0x66, 0xa4, 0x1a, 0xa0, 0x62, 0xa5, 0x1a, 0xa1, 0x62, 0x08
    dc.b    0x42, 0xa5, 0x12, 0xa1, 0xd8, 0x80, 0x04, 0x0f, 0x46, 0xa5, 0x12, 0xa1, 0xdd, 0xa6, 0x12, 0xa2
    dc.b    0x63, 0x62, 0xa5, 0x1a, 0xa1, 0x60, 0x0b, 0x42, 0xa6, 0x12, 0xa2, 0x5e, 0x62, 0xa5, 0x1a, 0xa1
    dc.b    0x5e, 0x0c, 0x22, 0x87, 0xa8, 0x42, 0xa5, 0x12, 0xa1, 0xd8, 0x82, 0x02, 0x05, 0x06, 0x42, 0xa5
    dc.b    0x12, 0xa1, 0xd3, 0x09, 0x22, 0x86, 0xa6, 0x42, 0xa5, 0x12, 0xa1, 0xce, 0x36, 0x22, 0x87, 0xf2
    dc.b    0x80, 0x01, 0x42, 0xa5, 0x12, 0xa1, 0x5e, 0x80, 0xf1, 0x42, 0xa5, 0x12, 0xa1, 0x63, 0x80, 0x02
    dc.b    0x42, 0xa6, 0x12, 0xa2, 0xab, 0x80, 0xf2, 0x42, 0xa6, 0x12, 0xa2, 0xb0, 0x80, 0x04, 0x62, 0xa4
    dc.b    0x1a, 0xa0, 0x5e, 0x80, 0xf4, 0x62, 0xa4, 0x1a, 0xa0, 0x60, 0x82, 0x05, 0xf5, 0x62, 0xa5, 0x1a
    dc.b    0xa1, 0x60, 0x17, 0x30, 0xff, 0x20, 0x88, 0x46, 0xa5, 0x12, 0xa1, 0x68, 0xa6, 0x12, 0xa2, 0xb5
    dc.b    0x66, 0xa4, 0x1a, 0xa0, 0x62, 0xa5, 0x1a, 0xa1, 0x62, 0x03, 0x80, 0x04, 0x11, 0x20, 0xa8, 0x46
    dc.b    0xa5, 0x12, 0xa1, 0x63, 0xa6, 0x12, 0xa2, 0xb0, 0x62, 0xa5, 0x1a, 0xa1, 0x60, 0x0f, 0x46, 0xa5
    dc.b    0x12, 0xa1, 0x5e, 0xa6, 0x12, 0xa2, 0xab, 0x62, 0xa5, 0x1a, 0xa1, 0x5e, 0x0a, 0x22, 0x87, 0xaa
    dc.b    0x84, 0x01, 0x02, 0x05, 0xb8, 0x02, 0x01, 0x03, 0x20, 0x86, 0x39, 0x24, 0x89, 0x0a, 0xf2, 0x84
    dc.b    0x00, 0xf0, 0x01, 0x42, 0xa5, 0x12, 0xa1, 0xab, 0x80, 0xf1, 0x42, 0xa5, 0x12, 0xa1, 0xb0, 0x80
    dc.b    0x02, 0x42, 0xa6, 0x12, 0xa2, 0xd3, 0x80, 0xf2, 0x42, 0xa6, 0x12, 0xa2, 0xd8, 0x80, 0x04, 0x62
    dc.b    0xa4, 0x1a, 0xa0, 0x5e, 0x80, 0xf4, 0x62, 0xa4, 0x1a, 0xa0, 0x60, 0x82, 0x05, 0xf5, 0x62, 0xa5
    dc.b    0x1a, 0xa1, 0x60, 0x18, 0x30, 0xff, 0x22, 0x8a, 0xa8, 0x46, 0xa5, 0x12, 0xa1, 0xb5, 0xa6, 0x12
    dc.b    0xa2, 0xdd, 0x66, 0xa4, 0x1a, 0xa0, 0x62, 0xa5, 0x1a, 0xa1, 0x62, 0x03, 0x80, 0x04, 0x11, 0x20
    dc.b    0xa6, 0x46, 0xa5, 0x12, 0xa1, 0xb0, 0xa6, 0x12, 0xa2, 0xd8, 0x62, 0xa5, 0x1a, 0xa1, 0x60, 0x0f
    dc.b    0x46, 0xa5, 0x12, 0xa1, 0xab, 0xa6, 0x12, 0xa2, 0xd3, 0x62, 0xa5, 0x1a, 0xa1, 0x5e, 0x0e, 0x20
    dc.b    0x89, 0x80, 0x01, 0x42, 0xa6, 0x12, 0xa2, 0xce, 0x80, 0x05, 0xb8, 0x01, 0x06, 0x42, 0xa6, 0x12
    dc.b    0xa2, 0xc9, 0x04, 0x22, 0x88, 0xa8, 0x3b, 0x24, 0x8e, 0x0b, 0xf2, 0x80, 0x00, 0x42, 0xa4, 0x22
    dc.b    0xa0, 0x5e, 0x82, 0xf0, 0x01, 0x42, 0xa5, 0x12, 0xa1, 0xd3, 0x80, 0xf1, 0x46, 0xa5, 0x12, 0xa1
    dc.b    0xd8, 0xa6, 0x12, 0xa2, 0xce, 0x80, 0x04, 0x62, 0xa4, 0x1a, 0xa0, 0x5e, 0x80, 0xf4, 0x62, 0xa4
    dc.b    0x1a, 0xa0, 0x60, 0x80, 0x05, 0x62, 0xa5, 0x1b, 0xa1, 0x8f, 0x80, 0xf5, 0x62, 0xa5, 0x1b, 0xa1
    dc.b    0x91, 0x18, 0x30, 0xff, 0x22, 0x8f, 0xaa, 0x46, 0xa5, 0x12, 0xa1, 0xdd, 0xa6, 0x12, 0xa2, 0xd3
    dc.b    0x66, 0xa4, 0x1a, 0xa0, 0x62, 0xa5, 0x1b, 0xa1, 0x93, 0x06, 0x42, 0xa6, 0x12, 0xa2, 0xd8, 0x13
    dc.b    0x46, 0xa5, 0x12, 0xa1, 0xd8, 0xa6, 0x12, 0xa2, 0xdd, 0x66, 0xa4, 0x1a, 0xa0, 0x60, 0xa5, 0x1b
    dc.b    0xa1, 0x91, 0x0f, 0x42, 0xa5, 0x12, 0xa1, 0xd3, 0x66, 0xa4, 0x1a, 0xa0, 0x5e, 0xa5, 0x1b, 0xa1
    dc.b    0x8f, 0x17, 0x22, 0x8e, 0xa8, 0x82, 0x00, 0x01, 0x42, 0xa6, 0x12, 0xa2, 0xd8, 0x66, 0xa4, 0x1a
    dc.b    0xa0, 0x5c, 0xa5, 0x1b, 0xa1, 0x8d, 0xb8, 0x02, 0x0f, 0x42, 0xa6, 0x12, 0xa2, 0xd3, 0x66, 0xa4
    dc.b    0x1a, 0xa0, 0x5a, 0xa5, 0x1b, 0xa1, 0x8b, 0x09, 0x22, 0x8d, 0xa6, 0x42, 0xa6, 0x12, 0xa2, 0xce
    dc.b    0x25, 0x26, 0x89, 0x0a, 0xa8, 0xf2, 0x80, 0x00, 0x42, 0xa4, 0x1a, 0xa0, 0x5e, 0x82, 0xf0, 0x02
    dc.b    0x42, 0xa6, 0x12, 0xa2, 0x5e, 0x80, 0xf2, 0x42, 0xa6, 0x12, 0xa2, 0x63, 0x66, 0xa4, 0x1a, 0xa0
    dc.b    0x5c, 0xa5, 0x1b, 0xa1, 0x8d, 0x14, 0x30, 0xff, 0x22, 0x8a, 0xaa, 0x42, 0xa6, 0x12, 0xa2, 0x68
    dc.b    0x66, 0xa4, 0x1a, 0xa0, 0x5e, 0xa5, 0x1b, 0xa1, 0x8f, 0x0c, 0x80, 0x00, 0x66, 0xa4, 0x1a, 0xa0
    dc.b    0x60, 0xa5, 0x1b, 0xa1, 0x91, 0x0f, 0x42, 0xa6, 0x12, 0xa2, 0x63, 0x66, 0xa4, 0x1a, 0xa0, 0x62
    dc.b    0xa5, 0x1b, 0xa1, 0x93, 0x06, 0x42, 0xa6, 0x12, 0xa2, 0x5e, 0x0f, 0x22, 0x89, 0xa8, 0x80, 0x02
    dc.b    0x66, 0xa4, 0x1a, 0xa0, 0x60, 0xa5, 0x1b, 0xa1, 0x91, 0x0a, 0x66, 0xa4, 0x1a, 0xa0, 0x5e, 0xa5
    dc.b    0x1b, 0xa1, 0x8f, 0x0d, 0x22, 0x88, 0xa6, 0x66, 0xa4, 0x1a, 0xa0, 0x5c, 0xa5, 0x1b, 0xa1, 0x8d
    dc.b    0x41, 0x28, 0x87, 0x09, 0xaa, 0x0a, 0xf2, 0x84, 0x00, 0xf0, 0x01, 0x42, 0xa5, 0x13, 0xa1, 0x8f
    dc.b    0x80, 0xf1, 0x42, 0xa5, 0x13, 0xa1, 0x94, 0x80, 0x02, 0x42, 0xa6, 0x12, 0xa2, 0xab, 0x80, 0xf2
    dc.b    0x42, 0xa6, 0x12, 0xa2, 0xb0, 0x80, 0x04, 0x62, 0xa4, 0x1a, 0xa0, 0x5e, 0x80, 0xf4, 0x62, 0xa4
    dc.b    0x1a, 0xa0, 0x60, 0x80, 0x05, 0x62, 0xa5, 0x1a, 0xa1, 0x5e, 0x80, 0xf5, 0x62, 0xa5, 0x1a, 0xa1
    dc.b    0x60, 0x18, 0x30, 0xff, 0x22, 0x88, 0xac, 0x46, 0xa5, 0x13, 0xa1, 0x99, 0xa6, 0x12, 0xa2, 0xb5
    dc.b    0x66, 0xa4, 0x1a, 0xa0, 0x62, 0xa5, 0x1a, 0xa1, 0x62, 0x03, 0x80, 0x04, 0x0f, 0x46, 0xa5, 0x13
    dc.b    0xa1, 0x94, 0xa6, 0x12, 0xa2, 0xb0, 0x62, 0xa5, 0x1a, 0xa1, 0x60, 0x0f, 0x46, 0xa5, 0x13, 0xa1
    dc.b    0x8f, 0xa6, 0x12, 0xa2, 0xab, 0x62, 0xa5, 0x1a, 0xa1, 0x5e, 0x0a, 0x22, 0x87, 0xaa, 0x84, 0x01
    dc.b    0x02, 0x05, 0xb8, 0x02, 0x01, 0x04, 0x22, 0x86, 0xa8, 0x2b, 0x28, 0x8e, 0x0b, 0xaf, 0x0b, 0xf2
    dc.b    0x80, 0x02, 0x42, 0xa6, 0x12, 0xa2, 0xd3, 0x80, 0xf2, 0x42, 0xa6, 0x12, 0xa2, 0xd8, 0x80, 0x04
    dc.b    0x62, 0xa4, 0x1a, 0xa0, 0x5e, 0x80, 0xf4, 0x62, 0xa4, 0x1a, 0xa0, 0x60, 0x82, 0x05, 0xf5, 0x62
    dc.b    0xa5, 0x1a, 0xa1, 0x60, 0x15, 0x30, 0xff, 0x24, 0x8f, 0xa1, 0x0c, 0x42, 0xa6, 0x12, 0xa2, 0xdd
    dc.b    0x66, 0xa4, 0x1a, 0xa0, 0x62, 0xa5, 0x1a, 0xa1, 0x62, 0x03, 0x80, 0x04, 0x0b, 0x42, 0xa6, 0x12
    dc.b    0xa2, 0xd8, 0x62, 0xa5, 0x1a, 0xa1, 0x60, 0x0b, 0x42, 0xa6, 0x12, 0xa2, 0xd3, 0x62, 0xa5, 0x1a
    dc.b    0xa1, 0x5e, 0x0a, 0x24, 0x8e, 0xaf, 0x0b, 0x82, 0x02, 0x05, 0xb8, 0x02, 0x01, 0x04, 0x22, 0x8d
    dc.b    0xad, 0x39, 0x28, 0x8d, 0x10, 0xaa, 0x0a, 0xf2, 0x80, 0x00, 0x42, 0xa4, 0x13, 0xa0, 0xc5, 0x82
    dc.b    0xf0, 0x01, 0x42, 0xa5, 0x13, 0xa1, 0x2d, 0x80, 0xf1, 0x42, 0xa5, 0x13, 0xa1, 0x32, 0x80, 0x04
    dc.b    0x62, 0xa4, 0x13, 0xa0, 0xc5, 0x80, 0xf4, 0x62, 0xa4, 0x13, 0xa0, 0xc7, 0x80, 0x05, 0x62, 0xa5
    dc.b    0x1a, 0xa1, 0xd3, 0x80, 0xf5, 0x62, 0xa5, 0x1a, 0xa1, 0xd5, 0x14, 0x30, 0xff, 0x22, 0x8e, 0xac
    dc.b    0x42, 0xa5, 0x13, 0xa1, 0x37, 0x66, 0xa4, 0x13, 0xa0, 0xc9, 0xa5, 0x1a, 0xa1, 0xd7, 0x01, 0x0f
    dc.b    0x42, 0xa5, 0x13, 0xa1, 0x32, 0x66, 0xa4, 0x13, 0xa0, 0xc7, 0xa5, 0x1a, 0xa1, 0xd5, 0x0f, 0x42
    dc.b    0xa5, 0x13, 0xa1, 0x2d, 0x66, 0xa4, 0x13, 0xa0, 0xc5, 0xa5, 0x1a, 0xa1, 0xd3, 0x12, 0x22, 0x8d
    dc.b    0xaa, 0x42, 0xa5, 0x13, 0xa1, 0x28, 0x66, 0xa4, 0x13, 0xa0, 0xc3, 0xa5, 0x1a, 0xa1, 0xd1, 0x0f
    dc.b    0x42, 0xa5, 0x13, 0xa1, 0x23, 0x66, 0xa4, 0x13, 0xa0, 0xc1, 0xa5, 0x1a, 0xa1, 0xcf, 0x04, 0x22
    dc.b    0x8c, 0xa8, 0x23, 0x28, 0x82, 0x0e, 0xa8, 0x09, 0xf2, 0x42, 0xa5, 0x13, 0xa1, 0x28, 0x80, 0x02
    dc.b    0x42, 0xa6, 0x13, 0xa2, 0x8f, 0x80, 0xf2, 0x42, 0xa6, 0x13, 0xa2, 0x94, 0x66, 0xa4, 0x13, 0xa0
    dc.b    0xc3, 0xa5, 0x1a, 0xa1, 0xd1, 0x18, 0x30, 0xff, 0x22, 0x83, 0xaa, 0x46, 0xa5, 0x13, 0xa1, 0x2d
    dc.b    0xa6, 0x13, 0xa2, 0x99, 0x66, 0xa4, 0x13, 0xa0, 0xc5, 0xa5, 0x1a, 0xa1, 0xd3, 0x0f, 0x42, 0xa5
    dc.b    0x13, 0xa1, 0x32, 0x66, 0xa4, 0x13, 0xa0, 0xc7, 0xa5, 0x1a, 0xa1, 0xd5, 0x13, 0x46, 0xa5, 0x13
    dc.b    0xa1, 0x37, 0xa6, 0x13, 0xa2, 0x94, 0x66, 0xa4, 0x13, 0xa0, 0xc9, 0xa5, 0x1a, 0xa1, 0xd7, 0x06
    dc.b    0x42, 0xa6, 0x13, 0xa2, 0x8f, 0x14, 0x22, 0x82, 0xa8, 0x42, 0xa5, 0x13, 0xa1, 0x32, 0x80, 0x02
    dc.b    0x66, 0xa4, 0x13, 0xa0, 0xc7, 0xa5, 0x1a, 0xa1, 0xd5, 0x0f, 0x42, 0xa5, 0x13, 0xa1, 0x2d, 0x66
    dc.b    0xa4, 0x13, 0xa0, 0xc5, 0xa5, 0x1a, 0xa1, 0xd3, 0x12, 0x22, 0x81, 0xa6, 0x42, 0xa5, 0x13, 0xa1
    dc.b    0x28, 0x66, 0xa4, 0x13, 0xa0, 0xc3, 0xa5, 0x1a, 0xa1, 0xd1, 0x2b, 0x28, 0x89, 0x0a, 0xaf, 0x0b
    dc.b    0xf2, 0x82, 0x00, 0xf0, 0x42, 0xa5, 0x13, 0xa1, 0x23, 0x80, 0x04, 0x62, 0xa4, 0x13, 0xa0, 0xc5
    dc.b    0x80, 0xf4, 0x62, 0xa4, 0x13, 0xa0, 0xc7, 0x80, 0x05, 0x62, 0xa5, 0x13, 0xa1, 0xc5, 0x80, 0xf5
    dc.b    0x62, 0xa5, 0x13, 0xa1, 0xc7, 0x10, 0x30, 0xff, 0x24, 0x8a, 0xa1, 0x0c, 0x66, 0xa4, 0x13, 0xa0
    dc.b    0xc9, 0xa5, 0x13, 0xa1, 0xc9, 0x08, 0x42, 0xa5, 0x13, 0xa1, 0x28, 0x80, 0x04, 0x0b, 0x42, 0xa5
    dc.b    0x13, 0xa1, 0x2d, 0x62, 0xa5, 0x13, 0xa1, 0xc7, 0x0b, 0x42, 0xa5, 0x13, 0xa1, 0x32, 0x62, 0xa5
    dc.b    0x13, 0xa1, 0xc5, 0x0e, 0x24, 0x89, 0xaf, 0x0b, 0x42, 0xa5, 0x13, 0xa1, 0x37, 0x80, 0x05, 0xb8
    dc.b    0x02, 0x01, 0x09, 0x22, 0x88, 0xad, 0x42, 0xa5, 0x13, 0xa1, 0x32, 0x33, 0x28, 0x82, 0x0e, 0xae
    dc.b    0x10, 0xf2, 0x82, 0x00, 0xf0, 0x42, 0xa5, 0x13, 0xa1, 0x2d, 0x80, 0x02, 0x42, 0xa6, 0x13, 0xa2
    dc.b    0x2d, 0x80, 0xf2, 0x42, 0xa6, 0x13, 0xa2, 0x32, 0x80, 0x04, 0x62, 0xa4, 0x13, 0xa0, 0xc5, 0x80
    dc.b    0xf4, 0x62, 0xa4, 0x13, 0xa0, 0xc7, 0x82, 0x05, 0xf5, 0x62, 0xa5, 0x13, 0xa1, 0xc7, 0x19, 0x30
    dc.b    0xff, 0x24, 0x83, 0xa0, 0x11, 0x46, 0xa5, 0x13, 0xa1, 0x28, 0xa6, 0x13, 0xa2, 0x37, 0x66, 0xa4
    dc.b    0x13, 0xa0, 0xc9, 0xa5, 0x13, 0xa1, 0xc9, 0x08, 0x42, 0xa5, 0x13, 0xa1, 0x23, 0x80, 0x04, 0x0b
    dc.b    0x42, 0xa6, 0x13, 0xa2, 0x32, 0x62, 0xa5, 0x13, 0xa1, 0xc7, 0x0f, 0x46, 0xa5, 0x13, 0xa1, 0x28
    dc.b    0xa6, 0x13, 0xa2, 0x2d, 0x62, 0xa5, 0x13, 0xa1, 0xc5, 0x12, 0x24, 0x82, 0xae, 0x10, 0x46, 0xa5
    dc.b    0x13, 0xa1, 0x2d, 0xa6, 0x13, 0xa2, 0x28, 0x80, 0x05, 0xb8, 0x01, 0x0a, 0x46, 0xa5, 0x13, 0xa1
    dc.b    0x32, 0xa6, 0x13, 0xa2, 0x23, 0x09, 0x22, 0x81, 0xac, 0x42, 0xa5, 0x13, 0xa1, 0x37, 0x2b, 0x28
    dc.b    0x87, 0x08, 0xa3, 0x0e, 0xf2, 0x80, 0x00, 0x42, 0xa4, 0x1b, 0xa0, 0xc5, 0x80, 0xf0, 0x42, 0xa6
    dc.b    0x13, 0xa2, 0x28, 0x80, 0x04, 0x62, 0xa4, 0x13, 0xa0, 0xc5, 0x80, 0xf4, 0x62, 0xa4, 0x13, 0xa0
    dc.b    0xc7, 0x82, 0x05, 0xf5, 0x62, 0xa5, 0x13, 0xa1, 0xc7, 0x18, 0x30, 0xff, 0x22, 0x88, 0xa5, 0x46
    dc.b    0xa5, 0x13, 0xa1, 0x32, 0xa6, 0x13, 0xa2, 0x2d, 0x66, 0xa4, 0x13, 0xa0, 0xc9, 0xa5, 0x13, 0xa1
    dc.b    0xc9, 0x0c, 0x46, 0xa5, 0x13, 0xa1, 0x2d, 0xa6, 0x13, 0xa2, 0x32, 0x80, 0x04, 0x0f, 0x46, 0xa5
    dc.b    0x13, 0xa1, 0x28, 0xa6, 0x13, 0xa2, 0x37, 0x62, 0xa5, 0x13, 0xa1, 0xc7, 0x0b, 0x42, 0xa5, 0x13
    dc.b    0xa1, 0x23, 0x62, 0xa5, 0x13, 0xa1, 0xc5, 0x0f, 0x22, 0x87, 0xa3, 0x80, 0x00, 0x42, 0xa6, 0x13
    dc.b    0xa2, 0x32, 0x80, 0x05, 0xb8, 0x02, 0x0a, 0x46, 0xa5, 0x13, 0xa1, 0x28, 0xa6, 0x13, 0xa2, 0x2d
    dc.b    0x0d, 0x22, 0x86, 0xa1, 0x46, 0xa5, 0x13, 0xa1, 0x2d, 0xa6, 0x13, 0xa2, 0x28, 0x26, 0x28, 0x89
    dc.b    0x0a, 0xaa, 0x0a, 0xf2, 0x46, 0xa5, 0x13, 0xa1, 0x32, 0xa6, 0x13, 0xa2, 0x23, 0x80, 0x04, 0x62
    dc.b    0xa4, 0x13, 0xa0, 0xc5, 0x80, 0xf4, 0x62, 0xa4, 0x13, 0xa0, 0xc7, 0x82, 0x05, 0xf5, 0x62, 0xa5
    dc.b    0x13, 0xa1, 0xc7, 0x14, 0x30, 0xff, 0x22, 0x8a, 0xac, 0x42, 0xa5, 0x13, 0xa1, 0x37, 0x66, 0xa4
    dc.b    0x13, 0xa0, 0xc9, 0xa5, 0x13, 0xa1, 0xc9, 0x08, 0x42, 0xa6, 0x13, 0xa2, 0x28, 0x80, 0x04, 0x0f
    dc.b    0x46, 0xa5, 0x13, 0xa1, 0x32, 0xa6, 0x13, 0xa2, 0x2d, 0x62, 0xa5, 0x13, 0xa1, 0xc7, 0x0f, 0x46
    dc.b    0xa5, 0x13, 0xa1, 0x2d, 0xa6, 0x13, 0xa2, 0x32, 0x62, 0xa5, 0x13, 0xa1, 0xc5, 0x0f, 0x22, 0x89
    dc.b    0xaa, 0x46, 0xa5, 0x13, 0xa1, 0x28, 0xa6, 0x13, 0xa2, 0x37, 0x80, 0x05, 0x06, 0x42, 0xa5, 0x13
    dc.b    0xa1, 0x23, 0x09, 0x22, 0x88, 0xa8, 0x42, 0xa6, 0x13, 0xa2, 0x32, 0x3d, 0x28, 0x81, 0x07, 0xa3
    dc.b    0x0e, 0xf2, 0x80, 0x00, 0x42, 0xa4, 0x13, 0xa0, 0xc5, 0x82, 0xf0, 0x01, 0x42, 0xa5, 0x12, 0xa1
    dc.b    0x5e, 0x80, 0xf1, 0x46, 0xa5, 0x12, 0xa1, 0x63, 0xa6, 0x13, 0xa2, 0x2d, 0x80, 0x04, 0x62, 0xa4
    dc.b    0x13, 0xa0, 0xc5, 0x80, 0xf4, 0x62, 0xa4, 0x13, 0xa0, 0xc7, 0x80, 0x05, 0x62, 0xa5, 0x1a, 0xa1
    dc.b    0xd3, 0x80, 0xf5, 0x62, 0xa5, 0x1a, 0xa1, 0xd5, 0x18, 0x30, 0xff, 0x22, 0x82, 0xa5, 0x46, 0xa5
    dc.b    0x12, 0xa1, 0x68, 0xa6, 0x13, 0xa2, 0x28, 0x66, 0xa4, 0x13, 0xa0, 0xc9, 0xa5, 0x1a, 0xa1, 0xd7
    dc.b    0x06, 0x42, 0xa6, 0x13, 0xa2, 0x23, 0x0f, 0x42, 0xa5, 0x12, 0xa1, 0x63, 0x66, 0xa4, 0x13, 0xa0
    dc.b    0xc7, 0xa5, 0x1a, 0xa1, 0xd5, 0x13, 0x46, 0xa5, 0x12, 0xa1, 0x5e, 0xa6, 0x13, 0xa2, 0x28, 0x66
    dc.b    0xa4, 0x13, 0xa0, 0xc5, 0xa5, 0x1a, 0xa1, 0xd3, 0x16, 0x22, 0x81, 0xa3, 0x46, 0xa5, 0x12, 0xa1
    dc.b    0x59, 0xa6, 0x13, 0xa2, 0x2d, 0x66, 0xa4, 0x13, 0xa0, 0xc3, 0xa5, 0x1a, 0xa1, 0xd1, 0x13, 0x46
    dc.b    0xa5, 0x12, 0xa1, 0x54, 0xa6, 0x13, 0xa2, 0x32, 0x66, 0xa4, 0x13, 0xa0, 0xc1, 0xa5, 0x1a, 0xa1
    dc.b    0xcf, 0x09, 0x22, 0x80, 0xa1, 0x42, 0xa6, 0x13, 0xa2, 0x37, 0x18, 0x28, 0x87, 0x08, 0xa8, 0x08
    dc.b    0xf2, 0x82, 0x00, 0xf0, 0x42, 0xa5, 0x12, 0xa1, 0x59, 0x66, 0xa4, 0x13, 0xa0, 0xc3, 0xa5, 0x1a
    dc.b    0xa1, 0xd1, 0x18, 0x30, 0xff, 0x22, 0x88, 0xaa, 0x46, 0xa5, 0x12, 0xa1, 0x5e, 0xa6, 0x13, 0xa2
    dc.b    0x32, 0x66, 0xa4, 0x13, 0xa0, 0xc5, 0xa5, 0x1a, 0xa1, 0xd3, 0x13, 0x46, 0xa5, 0x12, 0xa1, 0x63
    dc.b    0xa6, 0x13, 0xa2, 0x2d, 0x66, 0xa4, 0x13, 0xa0, 0xc7, 0xa5, 0x1a, 0xa1, 0xd5, 0x13, 0x46, 0xa5
    dc.b    0x12, 0xa1, 0x68, 0xa6, 0x13, 0xa2, 0x28, 0x66, 0xa4, 0x13, 0xa0, 0xc9, 0xa5, 0x1a, 0xa1, 0xd7
    dc.b    0x06, 0x42, 0xa6, 0x13, 0xa2, 0x23, 0x14, 0x22, 0x87, 0xa8, 0x42, 0xa5, 0x12, 0xa1, 0x63, 0x66
    dc.b    0xa4, 0x13, 0xa0, 0xc7, 0xa5, 0x1a, 0xa1, 0xd5, 0xb8, 0x02, 0x13, 0x46, 0xa5, 0x12, 0xa1, 0x5e
    dc.b    0xa6, 0x13, 0xa2, 0x28, 0x66, 0xa4, 0x13, 0xa0, 0xc5, 0xa5, 0x1a, 0xa1, 0xd3, 0x16, 0x22, 0x86
    dc.b    0xa6, 0x46, 0xa5, 0x12, 0xa1, 0x59, 0xa6, 0x13, 0xa2, 0x2d, 0x66, 0xa4, 0x13, 0xa0, 0xc3, 0xa5
    dc.b    0x1a, 0xa1, 0xd1, 0x2e, 0x28, 0x8d, 0x11, 0xaa, 0x0a, 0xf2, 0x80, 0x00, 0x46, 0xa5, 0x12, 0xa1
    dc.b    0x54, 0xa6, 0x13, 0xa2, 0x32, 0x80, 0x04, 0x62, 0xa4, 0x13, 0xa0, 0xc5, 0x80, 0xf4, 0x62, 0xa4
    dc.b    0x13, 0xa0, 0xc7, 0x80, 0x05, 0x62, 0xa5, 0x13, 0xa1, 0xc5, 0x80, 0xf5, 0x62, 0xa5, 0x13, 0xa1
    dc.b    0xc7, 0x14, 0x30, 0xff, 0x22, 0x8e, 0xac, 0x42, 0xa6, 0x13, 0xa2, 0x37, 0x66, 0xa4, 0x13, 0xa0
    dc.b    0xc9, 0xa5, 0x13, 0xa1, 0xc9, 0x08, 0x42, 0xa5, 0x12, 0xa1, 0x59, 0x80, 0x04, 0x0f, 0x46, 0xa5
    dc.b    0x12, 0xa1, 0x5e, 0xa6, 0x13, 0xa2, 0x32, 0x62, 0xa5, 0x13, 0xa1, 0xc7, 0x0f, 0x46, 0xa5, 0x12
    dc.b    0xa1, 0x63, 0xa6, 0x13, 0xa2, 0x2d, 0x62, 0xa5, 0x13, 0xa1, 0xc5, 0x0f, 0x22, 0x8d, 0xaa, 0x46
    dc.b    0xa5, 0x12, 0xa1, 0x68, 0xa6, 0x13, 0xa2, 0x28, 0x80, 0x05, 0x06, 0x42, 0xa6, 0x13, 0xa2, 0x23
    dc.b    0x09, 0x22, 0x8c, 0xa8, 0x42, 0xa5, 0x12, 0xa1, 0x63, 0x39, 0x28, 0x82, 0x0e, 0xa2, 0x07, 0xf2
    dc.b    0x80, 0x00, 0x42, 0xa4, 0x14, 0xa0, 0x3c, 0x80, 0xf0, 0x42, 0xa5, 0x12, 0xa1, 0x5e, 0x80, 0x02
    dc.b    0x42, 0xa6, 0x12, 0xa2, 0x5e, 0x80, 0xf2, 0x42, 0xa6, 0x12, 0xa2, 0x63, 0x80, 0x04, 0x62, 0xa4
    dc.b    0x13, 0xa0, 0xc5, 0x80, 0xf4, 0x62, 0xa4, 0x13, 0xa0, 0xc7, 0x82, 0x05, 0xf5, 0x62, 0xa5, 0x13
    dc.b    0xa1, 0xc7, 0x18, 0x30, 0xff, 0x22, 0x83, 0xa4, 0x46, 0xa5, 0x12, 0xa1, 0x59, 0xa6, 0x12, 0xa2
    dc.b    0x68, 0x66, 0xa4, 0x13, 0xa0, 0xc9, 0xa5, 0x13, 0xa1, 0xc9, 0x08, 0x42, 0xa5, 0x12, 0xa1, 0x54
    dc.b    0x80, 0x04, 0x0b, 0x42, 0xa6, 0x12, 0xa2, 0x63, 0x62, 0xa5, 0x13, 0xa1, 0xc7, 0x0f, 0x46, 0xa5
    dc.b    0x12, 0xa1, 0x59, 0xa6, 0x12, 0xa2, 0x5e, 0x62, 0xa5, 0x13, 0xa1, 0xc5, 0x0f, 0x22, 0x82, 0xa2
    dc.b    0x46, 0xa5, 0x12, 0xa1, 0x5e, 0xa6, 0x12, 0xa2, 0x59, 0x80, 0x05, 0x0a, 0x46, 0xa5, 0x12, 0xa1
    dc.b    0x63, 0xa6, 0x12, 0xa2, 0x54, 0x09, 0x22, 0x81, 0xa0, 0x42, 0xa5, 0x12, 0xa1, 0x68, 0x2b, 0x28
    dc.b    0x89, 0x0a, 0xa8, 0x08, 0xf2, 0x82, 0x00, 0xf0, 0x42, 0xa6, 0x12, 0xa2, 0x59, 0x80, 0x04, 0x62
    dc.b    0xa4, 0x14, 0xa0, 0x3c, 0x80, 0xf4, 0x62, 0xa4, 0x14, 0xa0, 0x3e, 0x80, 0x05, 0x62, 0xa5, 0x1b
    dc.b    0xa1, 0x2d, 0x80, 0xf5, 0x62, 0xa5, 0x1b, 0xa1, 0x2f, 0x18, 0x30, 0xff, 0x22, 0x8a, 0xaa, 0x46
    dc.b    0xa5, 0x12, 0xa1, 0x63, 0xa6, 0x12, 0xa2, 0x5e, 0x66, 0xa4, 0x14, 0xa0, 0x40, 0xa5, 0x1b, 0xa1
    dc.b    0x31, 0x0a, 0x46, 0xa5, 0x12, 0xa1, 0x5e, 0xa6, 0x12, 0xa2, 0x63, 0x13, 0x46, 0xa5, 0x12, 0xa1
    dc.b    0x59, 0xa6, 0x12, 0xa2, 0x68, 0x66, 0xa4, 0x14, 0xa0, 0x3e, 0xa5, 0x1b, 0xa1, 0x2f, 0x0f, 0x42
    dc.b    0xa5, 0x12, 0xa1, 0x54, 0x66, 0xa4, 0x14, 0xa0, 0x3c, 0xa5, 0x1b, 0xa1, 0x2d, 0x14, 0x22, 0x89
    dc.b    0xa8, 0x42, 0xa6, 0x12, 0xa2, 0x63, 0x66, 0xa4, 0x14, 0xa0, 0x3a, 0xa5, 0x1b, 0xa1, 0x2b, 0xb8
    dc.b    0x02, 0x13, 0x46, 0xa5, 0x12, 0xa1, 0x59, 0xa6, 0x12, 0xa2, 0x5e, 0x66, 0xa4, 0x14, 0xa0, 0x38
    dc.b    0xa5, 0x1b, 0xa1, 0x29, 0x0d, 0x22, 0x88, 0xa6, 0x46, 0xa5, 0x12, 0xa1, 0x5e, 0xa6, 0x12, 0xa2
    dc.b    0x59, 0x1c, 0x28, 0x8f, 0x08, 0xae, 0x11, 0xf2, 0x82, 0x00, 0xf0, 0x46, 0xa5, 0x12, 0xa1, 0x63
    dc.b    0xa6, 0x12, 0xa2, 0x54, 0x66, 0xa4, 0x14, 0xa0, 0x3a, 0xa5, 0x1b, 0xa1, 0x2b, 0x16, 0x30, 0xff
    dc.b    0x26, 0x80, 0x09, 0xa0, 0x12, 0x42, 0xa5, 0x12, 0xa1, 0x68, 0x66, 0xa4, 0x14, 0xa0, 0x3c, 0xa5
    dc.b    0x1b, 0xa1, 0x2d, 0x0f, 0x42, 0xa6, 0x12, 0xa2, 0x59, 0x66, 0xa4, 0x14, 0xa0, 0x3e, 0xa5, 0x1b
    dc.b    0xa1, 0x2f, 0x13, 0x46, 0xa5, 0x12, 0xa1, 0x63, 0xa6, 0x12, 0xa2, 0x5e, 0x66, 0xa4, 0x14, 0xa0
    dc.b    0x40, 0xa5, 0x1b, 0xa1, 0x31, 0x0a, 0x46, 0xa5, 0x12, 0xa1, 0x5e, 0xa6, 0x12, 0xa2, 0x63, 0x1a
    dc.b    0x26, 0x8f, 0x08, 0xae, 0x11, 0x46, 0xa5, 0x12, 0xa1, 0x59, 0xa6, 0x12, 0xa2, 0x68, 0x66, 0xa4
    dc.b    0x14, 0xa0, 0x3e, 0xa5, 0x1b, 0xa1, 0x2f, 0xb8, 0x01, 0x0f, 0x42, 0xa5, 0x12, 0xa1, 0x54, 0x66
    dc.b    0xa4, 0x14, 0xa0, 0x3c, 0xa5, 0x1b, 0xa1, 0x2d, 0x12, 0x22, 0x8e, 0xac, 0x42, 0xa6, 0x12, 0xa2
    dc.b    0x63, 0x66, 0xa4, 0x14, 0xa0, 0x3a, 0xa5, 0x1b, 0xa1, 0x2b, 0x22, 0x28, 0x8e, 0x0f, 0xa3, 0x0e
    dc.b    0xf2, 0x80, 0x00, 0x42, 0xa4, 0x1c, 0xa0, 0x3c, 0x80, 0xf0, 0x46, 0xa5, 0x12, 0xa1, 0x59, 0xa6
    dc.b    0x12, 0xa2, 0x5e, 0x66, 0xa4, 0x14, 0xa0, 0x38, 0xa5, 0x1b, 0xa1, 0x29, 0x0f, 0x30, 0xff, 0x22
    dc.b    0x8f, 0xa5, 0x46, 0xa5, 0x12, 0xa1, 0x5e, 0xa6, 0x12, 0xa2, 0x59, 0x13, 0x46, 0xa5, 0x12, 0xa1
    dc.b    0x63, 0xa6, 0x12, 0xa2, 0x54, 0x66, 0xa4, 0x14, 0xa0, 0x3a, 0xa5, 0x1b, 0xa1, 0x2b, 0x0f, 0x42
    dc.b    0xa5, 0x12, 0xa1, 0x68, 0x66, 0xa4, 0x14, 0xa0, 0x3c, 0xa5, 0x1b, 0xa1, 0x2d, 0x0f, 0x42, 0xa6
    dc.b    0x12, 0xa2, 0x59, 0x66, 0xa4, 0x14, 0xa0, 0x3e, 0xa5, 0x1b, 0xa1, 0x2f, 0x1a, 0x22, 0x8e, 0xa3
    dc.b    0x80, 0x00, 0x46, 0xa5, 0x12, 0xa1, 0x63, 0xa6, 0x12, 0xa2, 0x5e, 0x66, 0xa4, 0x14, 0xa0, 0x40
    dc.b    0xa5, 0x1b, 0xa1, 0x31, 0xb8, 0x02, 0x0a, 0x46, 0xa5, 0x12, 0xa1, 0x5e, 0xa6, 0x12, 0xa2, 0x63
    dc.b    0x16, 0x22, 0x8d, 0xa1, 0x46, 0xa5, 0x12, 0xa1, 0x59, 0xa6, 0x12, 0xa2, 0x68, 0x66, 0xa4, 0x14
    dc.b    0xa0, 0x3e, 0xa5, 0x1b, 0xa1, 0x2f, 0x1e, 0x28, 0x89, 0x0c, 0xaa, 0x0a, 0xf2, 0x80, 0x00, 0x42
    dc.b    0xa4, 0x14, 0xa0, 0x3c, 0x80, 0xf0, 0x42, 0xa5, 0x12, 0xa1, 0x54, 0x66, 0xa4, 0x14, 0xa0, 0x3c
    dc.b    0xa5, 0x1b, 0xa1, 0x2d, 0x14, 0x30, 0xff, 0x22, 0x8a, 0xac, 0x42, 0xa6, 0x12, 0xa2, 0x63, 0x66
    dc.b    0xa4, 0x14, 0xa0, 0x3a, 0xa5, 0x1b, 0xa1, 0x2b, 0x15, 0x80, 0x00, 0x46, 0xa5, 0x12, 0xa1, 0x59
    dc.b    0xa6, 0x12, 0xa2, 0x5e, 0x66, 0xa4, 0x14, 0xa0, 0x38, 0xa5, 0x1b, 0xa1, 0x29, 0x0a, 0x46, 0xa5
    dc.b    0x12, 0xa1, 0x5e, 0xa6, 0x12, 0xa2, 0x59, 0x13, 0x46, 0xa5, 0x12, 0xa1, 0x63, 0xa6, 0x12, 0xa2
    dc.b    0x54, 0x66, 0xa4, 0x14, 0xa0, 0x3a, 0xa5, 0x1b, 0xa1, 0x2b, 0x14, 0x22, 0x89, 0xaa, 0x42, 0xa5
    dc.b    0x12, 0xa1, 0x68, 0x66, 0xa4, 0x14, 0xa0, 0x3c, 0xa5, 0x1b, 0xa1, 0x2d, 0xb8, 0x02, 0x0f, 0x42
    dc.b    0xa6, 0x12, 0xa2, 0x59, 0x66, 0xa4, 0x14, 0xa0, 0x3e, 0xa5, 0x1b, 0xa1, 0x2f, 0x16, 0x22, 0x88
    dc.b    0xa8, 0x46, 0xa5, 0x12, 0xa1, 0x63, 0xa6, 0x12, 0xa2, 0x5e, 0x66, 0xa4, 0x14, 0xa0, 0x40, 0xa5
    dc.b    0x1b, 0xa1, 0x31, 0x2f, 0x28, 0x89, 0x0a, 0xa0, 0x09, 0xf2, 0x82, 0x00, 0xf0, 0x46, 0xa5, 0x12
    dc.b    0xa1, 0x5e, 0xa6, 0x12, 0xa2, 0x63, 0x80, 0x04, 0x62, 0xa4, 0x14, 0xa0, 0x3c, 0x80, 0xf4, 0x62
    dc.b    0xa4, 0x14, 0xa0, 0x3e, 0x80, 0x05, 0x62, 0xa5, 0x14, 0xa1, 0x3c, 0x80, 0xf5, 0x62, 0xa5, 0x14
    dc.b    0xa1, 0x3e, 0x18, 0x30, 0xff, 0x22, 0x8a, 0xa2, 0x46, 0xa5, 0x12, 0xa1, 0x59, 0xa6, 0x12, 0xa2
    dc.b    0x68, 0x66, 0xa4, 0x14, 0xa0, 0x40, 0xa5, 0x14, 0xa1, 0x40, 0x08, 0x42, 0xa5, 0x12, 0xa1, 0x54
    dc.b    0x80, 0x04, 0x0b, 0x42, 0xa6, 0x12, 0xa2, 0x63, 0x62, 0xa5, 0x14, 0xa1, 0x3e, 0x0f, 0x46, 0xa5
    dc.b    0x12, 0xa1, 0x59, 0xa6, 0x12, 0xa2, 0x5e, 0x62, 0xa5, 0x14, 0xa1, 0x3c, 0x11, 0x22, 0x89, 0xa0
    dc.b    0x46, 0xa5, 0x12, 0xa1, 0x5e, 0xa6, 0x12, 0xa2, 0x59, 0x80, 0x05, 0xb8, 0x02, 0x0a, 0x46, 0xa5
    dc.b    0x12, 0xa1, 0x63, 0xa6, 0x12, 0xa2, 0x54, 0x0a, 0x24, 0x88, 0xae, 0x08, 0x42, 0xa5, 0x12, 0xa1
    dc.b    0x68, 0x2f, 0x28, 0x87, 0x09, 0xaf, 0x0f, 0xf2, 0x80, 0x01, 0x42, 0xa5, 0x12, 0xa1, 0xab, 0x80
    dc.b    0xf1, 0x46, 0xa5, 0x12, 0xa1, 0xb0, 0xa6, 0x12, 0xa2, 0x59, 0x80, 0x04, 0x62, 0xa4, 0x14, 0xa0
    dc.b    0x3c, 0x80, 0xf4, 0x62, 0xa4, 0x14, 0xa0, 0x3e, 0x82, 0x05, 0xf5, 0x62, 0xa5, 0x14, 0xa1, 0x3e
    dc.b    0x19, 0x30, 0xff, 0x24, 0x88, 0xa1, 0x10, 0x46, 0xa5, 0x12, 0xa1, 0xb5, 0xa6, 0x12, 0xa2, 0x5e
    dc.b    0x66, 0xa4, 0x14, 0xa0, 0x40, 0xa5, 0x14, 0xa1, 0x40, 0x08, 0x42, 0xa6, 0x12, 0xa2, 0x63, 0x80
    dc.b    0x04, 0x0f, 0x46, 0xa5, 0x12, 0xa1, 0xb0, 0xa6, 0x12, 0xa2, 0x68, 0x62, 0xa5, 0x14, 0xa1, 0x3e
    dc.b    0x0b, 0x42, 0xa5, 0x12, 0xa1, 0xab, 0x62, 0xa5, 0x14, 0xa1, 0x3c, 0x12, 0x24, 0x87, 0xaf, 0x0f
    dc.b    0x46, 0xa5, 0x12, 0xa1, 0xa6, 0xa6, 0x12, 0xa2, 0x63, 0x80, 0x05, 0xb8, 0x02, 0x0a, 0x46, 0xa5
    dc.b    0x12, 0xa1, 0xa1, 0xa6, 0x12, 0xa2, 0x5e, 0x09, 0x22, 0x86, 0xad, 0x42, 0xa6, 0x12, 0xa2, 0x59
    dc.b    0x3d, 0x28, 0x82, 0x0e, 0xaa, 0x0c, 0xf2, 0x80, 0x00, 0x42, 0xa4, 0x1a, 0xa0, 0x5e, 0x82, 0xf0
    dc.b    0x01, 0x42, 0xa5, 0x12, 0xa1, 0xd3, 0x80, 0xf1, 0x46, 0xa5, 0x12, 0xa1, 0xd8, 0xa6, 0x12, 0xa2
    dc.b    0x54, 0x80, 0x04, 0x62, 0xa4, 0x1a, 0xa0, 0x5e, 0x80, 0xf4, 0x62, 0xa4, 0x1a, 0xa0, 0x60, 0x80
    dc.b    0x05, 0x62, 0xa5, 0x1b, 0xa1, 0x8f, 0x80, 0xf5, 0x62, 0xa5, 0x1b, 0xa1, 0x91, 0x14, 0x30, 0xff
    dc.b    0x22, 0x83, 0xac, 0x42, 0xa5, 0x12, 0xa1, 0xdd, 0x66, 0xa4, 0x1a, 0xa0, 0x62, 0xa5, 0x1b, 0xa1
    dc.b    0x93, 0x06, 0x42, 0xa6, 0x12, 0xa2, 0x59, 0x13, 0x46, 0xa5, 0x12, 0xa1, 0xd8, 0xa6, 0x12, 0xa2
    dc.b    0x5e, 0x66, 0xa4, 0x1a, 0xa0, 0x60, 0xa5, 0x1b, 0xa1, 0x91, 0x13, 0x46, 0xa5, 0x12, 0xa1, 0xd3
    dc.b    0xa6, 0x12, 0xa2, 0x63, 0x66, 0xa4, 0x1a, 0xa0, 0x5e, 0xa5, 0x1b, 0xa1, 0x8f, 0x16, 0x22, 0x82
    dc.b    0xaa, 0x46, 0xa5, 0x12, 0xa1, 0xce, 0xa6, 0x12, 0xa2, 0x68, 0x66, 0xa4, 0x1a, 0xa0, 0x5c, 0xa5
    dc.b    0x1b, 0xa1, 0x8d, 0x0f, 0x42, 0xa5, 0x12, 0xa1, 0xc9, 0x66, 0xa4, 0x1a, 0xa0, 0x5a, 0xa5, 0x1b
    dc.b    0xa1, 0x8b, 0x09, 0x22, 0x81, 0xa8, 0x42, 0xa6, 0x12, 0xa2, 0x63, 0x19, 0x30, 0x9f, 0x24, 0xaa
    dc.b    0x0a, 0xf2, 0x46, 0xa5, 0x12, 0xa1, 0xce, 0xa6, 0x12, 0xa2, 0x5e, 0x66, 0xa4, 0x1a, 0xa0, 0x5c
    dc.b    0xa5, 0x1b, 0xa1, 0x8d, 0x17, 0x30, 0xff, 0x20, 0xac, 0x46, 0xa5, 0x12, 0xa1, 0xd3, 0xa6, 0x12
    dc.b    0xa2, 0x59, 0x66, 0xa4, 0x1a, 0xa0, 0x5e, 0xa5, 0x1b, 0xa1, 0x8f, 0x13, 0x46, 0xa5, 0x12, 0xa1
    dc.b    0xd8, 0xa6, 0x12, 0xa2, 0x54, 0x66, 0xa4, 0x1a, 0xa0, 0x60, 0xa5, 0x1b, 0xa1, 0x91, 0x0f, 0x42
    dc.b    0xa5, 0x12, 0xa1, 0xdd, 0x66, 0xa4, 0x1a, 0xa0, 0x62, 0xa5, 0x1b, 0xa1, 0x93, 0x06, 0x42, 0xa6
    dc.b    0x12, 0xa2, 0x59, 0x15, 0x20, 0xaa, 0x46, 0xa5, 0x12, 0xa1, 0xd8, 0xa6, 0x12, 0xa2, 0x5e, 0x66
    dc.b    0xa4, 0x1a, 0xa0, 0x60, 0xa5, 0x1b, 0xa1, 0x91, 0x13, 0x46, 0xa5, 0x12, 0xa1, 0xd3, 0xa6, 0x12
    dc.b    0xa2, 0x63, 0x66, 0xa4, 0x1a, 0xa0, 0x5e, 0xa5, 0x1b, 0xa1, 0x8f, 0x15, 0x20, 0xa8, 0x46, 0xa5
    dc.b    0x12, 0xa1, 0xce, 0xa6, 0x12, 0xa2, 0x68, 0x66, 0xa4, 0x1a, 0xa0, 0x5c, 0xa5, 0x1b, 0xa1, 0x8d
    dc.b    0x39, 0x28, 0x82, 0x96, 0xa8, 0x09, 0xf2, 0x82, 0x00, 0xf0, 0x42, 0xa5, 0x12, 0xa1, 0xc9, 0x80
    dc.b    0x02, 0x42, 0xa6, 0x12, 0xa2, 0xab, 0x80, 0xf2, 0x42, 0xa6, 0x12, 0xa2, 0xb0, 0x80, 0x04, 0x62
    dc.b    0xa4, 0x1a, 0xa0, 0x5e, 0x80, 0xf4, 0x62, 0xa4, 0x1a, 0xa0, 0x60, 0x80, 0x05, 0x62, 0xa5, 0x1a
    dc.b    0xa1, 0x5e, 0x80, 0xf5, 0x62, 0xa5, 0x1a, 0xa1, 0x60, 0x14, 0x30, 0xff, 0x22, 0x83, 0xaa, 0x42
    dc.b    0xa6, 0x12, 0xa2, 0xb5, 0x66, 0xa4, 0x1a, 0xa0, 0x62, 0xa5, 0x1a, 0xa1, 0x62, 0x08, 0x42, 0xa5
    dc.b    0x12, 0xa1, 0xce, 0x80, 0x04, 0x0f, 0x46, 0xa5, 0x12, 0xa1, 0xd3, 0xa6, 0x12, 0xa2, 0xb0, 0x62
    dc.b    0xa5, 0x1a, 0xa1, 0x60, 0x0f, 0x46, 0xa5, 0x12, 0xa1, 0xd8, 0xa6, 0x12, 0xa2, 0xab, 0x62, 0xa5
    dc.b    0x1a, 0xa1, 0x5e, 0x0f, 0x22, 0x82, 0xa8, 0x46, 0xa5, 0x12, 0xa1, 0xdd, 0xa6, 0x12, 0xa2, 0xa6
    dc.b    0x80, 0x05, 0x06, 0x42, 0xa6, 0x12, 0xa2, 0xa1, 0x09, 0x22, 0x81, 0xa6, 0x42, 0xa5, 0x12, 0xa1
    dc.b    0xd8, 0x33, 0x28, 0x81, 0x07, 0xa3, 0x0e, 0xf2, 0x82, 0x00, 0xf0, 0x42, 0xa5, 0x12, 0xa1, 0xd3
    dc.b    0x80, 0x02, 0x42, 0xa6, 0x12, 0xa2, 0xd3, 0x80, 0xf2, 0x42, 0xa6, 0x12, 0xa2, 0xd8, 0x80, 0x04
    dc.b    0x62, 0xa4, 0x1a, 0xa0, 0x5e, 0x80, 0xf4, 0x62, 0xa4, 0x1a, 0xa0, 0x60, 0x82, 0x05, 0xf5, 0x62
    dc.b    0xa5, 0x1a, 0xa1, 0x60, 0x18, 0x30, 0xff, 0x22, 0x82, 0xa5, 0x46, 0xa5, 0x12, 0xa1, 0xce, 0xa6
    dc.b    0x12, 0xa2, 0xdd, 0x66, 0xa4, 0x1a, 0xa0, 0x62, 0xa5, 0x1a, 0xa1, 0x62, 0x08, 0x42, 0xa5, 0x12
    dc.b    0xa1, 0xc9, 0x80, 0x04, 0x0b, 0x42, 0xa6, 0x12, 0xa2, 0xd8, 0x62, 0xa5, 0x1a, 0xa1, 0x60, 0x0f
    dc.b    0x46, 0xa5, 0x12, 0xa1, 0xce, 0xa6, 0x12, 0xa2, 0xd3, 0x62, 0xa5, 0x1a, 0xa1, 0x5e, 0x11, 0x22
    dc.b    0x81, 0xa3, 0x46, 0xa5, 0x12, 0xa1, 0xd3, 0xa6, 0x12, 0xa2, 0xce, 0x80, 0x05, 0xb8, 0x01, 0x0a
    dc.b    0x46, 0xa5, 0x12, 0xa1, 0xd8, 0xa6, 0x12, 0xa2, 0xc9, 0x09, 0x22, 0x80, 0xa1, 0x42, 0xa5, 0x12
    dc.b    0xa1, 0xdd, 0x2a, 0x32, 0x9f, 0xbf, 0x20, 0xf2, 0x80, 0x00, 0x42, 0xa4, 0x22, 0xa0, 0x5e, 0x80
    dc.b    0xf0, 0x42, 0xa6, 0x12, 0xa2, 0xce, 0x80, 0x04, 0x62, 0xa4, 0x1a, 0xa0, 0x5e, 0x80, 0xf4, 0x62
    dc.b    0xa4, 0x1a, 0xa0, 0x60, 0x82, 0x05, 0xf5, 0x62, 0xa5, 0x1a, 0xa1, 0x60, 0x15, 0x30, 0xff, 0x46
    dc.b    0xa5, 0x12, 0xa1, 0xd8, 0xa6, 0x12, 0xa2, 0xd3, 0x66, 0xa4, 0x1a, 0xa0, 0x62, 0xa5, 0x1a, 0xa1
    dc.b    0x62, 0x0c, 0x46, 0xa5, 0x12, 0xa1, 0xd3, 0xa6, 0x12, 0xa2, 0xd8, 0x80, 0x04, 0x0f, 0x46, 0xa5
    dc.b    0x12, 0xa1, 0xce, 0xa6, 0x12, 0xa2, 0xdd, 0x62, 0xa5, 0x1a, 0xa1, 0x60, 0x0b, 0x42, 0xa5, 0x12
    dc.b    0xa1, 0xc9, 0x62, 0xa5, 0x1a, 0xa1, 0x5e, 0x0a, 0x80, 0x00, 0x42, 0xa6, 0x12, 0xa2, 0xd8, 0x80
    dc.b    0x05, 0x0a, 0x46, 0xa5, 0x12, 0xa1, 0xce, 0xa6, 0x12, 0xa2, 0xd3, 0x0a, 0x46, 0xa5, 0x12, 0xa1
    dc.b    0xd3, 0xa6, 0x12, 0xa2, 0xce, 0x24, 0x24, 0xa3, 0xba, 0xf2, 0x46, 0xa5, 0x12, 0xa1, 0xd8, 0xa6
    dc.b    0x12, 0xa2, 0xc9, 0x80, 0x04, 0x62, 0xa4, 0x1a, 0xa0, 0x5e, 0x80, 0xf4, 0x62, 0xa4, 0x1a, 0xa0
    dc.b    0x60, 0x82, 0x05, 0xf5, 0x62, 0xa5, 0x1a, 0xa1, 0x60, 0x13, 0x30, 0xff, 0x20, 0xa5, 0x42, 0xa5
    dc.b    0x12, 0xa1, 0xdd, 0x66, 0xa4, 0x1a, 0xa0, 0x62, 0xa5, 0x1a, 0xa1, 0x62, 0x08, 0x42, 0xa6, 0x12
    dc.b    0xa2, 0xce, 0x80, 0x04, 0x0f, 0x46, 0xa5, 0x12, 0xa1, 0xd8, 0xa6, 0x12, 0xa2, 0xd3, 0x62, 0xa5
    dc.b    0x1a, 0xa1, 0x60, 0x0f, 0x46, 0xa5, 0x12, 0xa1, 0xd3, 0xa6, 0x12, 0xa2, 0xd8, 0x62, 0xa5, 0x1a
    dc.b    0xa1, 0x5e, 0x10, 0x20, 0xa3, 0x46, 0xa5, 0x12, 0xa1, 0xce, 0xa6, 0x12, 0xa2, 0xdd, 0x80, 0x05
    dc.b    0xb8, 0x02, 0x06, 0x42, 0xa5, 0x12, 0xa1, 0xc9, 0x08, 0x20, 0xa1, 0x42, 0xa6, 0x12, 0xa2, 0xd8
    dc.b    0x3e, 0x2a, 0x87, 0x09, 0x96, 0xa2, 0x07, 0xf2, 0x80, 0x00, 0x42, 0xa4, 0x1a, 0xa0, 0x5e, 0x82
    dc.b    0xf0, 0x01, 0x42, 0xa5, 0x12, 0xa1, 0x5e, 0x80, 0xf1, 0x46, 0xa5, 0x12, 0xa1, 0x63, 0xa6, 0x12
    dc.b    0xa2, 0xd3, 0x80, 0x04, 0x62, 0xa4, 0x1a, 0xa0, 0x5e, 0x80, 0xf4, 0x62, 0xa4, 0x1a, 0xa0, 0x60
    dc.b    0x80, 0x05, 0x62, 0xa5, 0x1b, 0xa1, 0x8f, 0x80, 0xf5, 0x62, 0xa5, 0x1b, 0xa1, 0x91, 0x18, 0x30
    dc.b    0xff, 0x22, 0x88, 0xa4, 0x46, 0xa5, 0x12, 0xa1, 0x68, 0xa6, 0x12, 0xa2, 0xce, 0x66, 0xa4, 0x1a
    dc.b    0xa0, 0x62, 0xa5, 0x1b, 0xa1, 0x93, 0x06, 0x42, 0xa6, 0x12, 0xa2, 0xc9, 0x0f, 0x42, 0xa5, 0x12
    dc.b    0xa1, 0x63, 0x66, 0xa4, 0x1a, 0xa0, 0x60, 0xa5, 0x1b, 0xa1, 0x91, 0x13, 0x46, 0xa5, 0x12, 0xa1
    dc.b    0x5e, 0xa6, 0x12, 0xa2, 0xce, 0x66, 0xa4, 0x1a, 0xa0, 0x5e, 0xa5, 0x1b, 0xa1, 0x8f, 0x14, 0x22
    dc.b    0x87, 0xa2, 0x80, 0x01, 0x42, 0xa6, 0x12, 0xa2, 0xd3, 0x66, 0xa4, 0x1a, 0xa0, 0x5c, 0xa5, 0x1b
    dc.b    0xa1, 0x8d, 0x0f, 0x42, 0xa6, 0x12, 0xa2, 0xd8, 0x66, 0xa4, 0x1a, 0xa0, 0x5a, 0xa5, 0x1b, 0xa1
    dc.b    0x8b, 0x09, 0x22, 0x86, 0xa0, 0x42, 0xa6, 0x12, 0xa2, 0xdd, 0x1e, 0x30, 0xbf, 0x20, 0xf2, 0x84
    dc.b    0x00, 0xf0, 0x01, 0x42, 0xa5, 0x12, 0xa1, 0xab, 0x80, 0xf1, 0x42, 0xa5, 0x12, 0xa1, 0xb0, 0x66
    dc.b    0xa4, 0x1a, 0xa0, 0x5c, 0xa5, 0x1b, 0xa1, 0x8d, 0x15, 0x30, 0xff, 0x46, 0xa5, 0x12, 0xa1, 0xb5
    dc.b    0xa6, 0x12, 0xa2, 0xd8, 0x66, 0xa4, 0x1a, 0xa0, 0x5e, 0xa5, 0x1b, 0xa1, 0x8f, 0x0f, 0x42, 0xa6
    dc.b    0x12, 0xa2, 0xd3, 0x66, 0xa4, 0x1a, 0xa0, 0x60, 0xa5, 0x1b, 0xa1, 0x91, 0x15, 0x20, 0x87, 0x46
    dc.b    0xa5, 0x12, 0xa1, 0xb0, 0xa6, 0x12, 0xa2, 0xce, 0x66, 0xa4, 0x1a, 0xa0, 0x62, 0xa5, 0x1b, 0xa1
    dc.b    0x93, 0x0a, 0x46, 0xa5, 0x12, 0xa1, 0xab, 0xa6, 0x12, 0xa2, 0xc9, 0x10, 0x20, 0x88, 0x80, 0x01
    dc.b    0x66, 0xa4, 0x1a, 0xa0, 0x60, 0xa5, 0x1b, 0xa1, 0x91, 0xb8, 0x02, 0x0f, 0x42, 0xa6, 0x12, 0xa2
    dc.b    0xce, 0x66, 0xa4, 0x1a, 0xa0, 0x5e, 0xa5, 0x1b, 0xa1, 0x8f, 0x0f, 0x42, 0xa6, 0x12, 0xa2, 0xd3
    dc.b    0x66, 0xa4, 0x1a, 0xa0, 0x5c, 0xa5, 0x1b, 0xa1, 0x8d, 0x32, 0x20, 0xf2, 0x82, 0x00, 0x01, 0x42
    dc.b    0xa5, 0x12, 0xa1, 0xd3, 0x80, 0xf1, 0x46, 0xa5, 0x12, 0xa1, 0xd8, 0xa6, 0x12, 0xa2, 0xd8, 0x80
    dc.b    0x04, 0x62, 0xa4, 0x1a, 0xa0, 0x5e, 0x80, 0xf4, 0x62, 0xa4, 0x1a, 0xa0, 0x60, 0x80, 0x05, 0x62
    dc.b    0xa5, 0x1a, 0xa1, 0x5e, 0x80, 0xf5, 0x62, 0xa5, 0x1a, 0xa1, 0x60, 0x17, 0x30, 0xff, 0x20, 0x87
    dc.b    0x46, 0xa5, 0x12, 0xa1, 0xdd, 0xa6, 0x12, 0xa2, 0xdd, 0x66, 0xa4, 0x1a, 0xa0, 0x62, 0xa5, 0x1a
    dc.b    0xa1, 0x62, 0x03, 0x80, 0x04, 0x11, 0x20, 0x86, 0x46, 0xa5, 0x12, 0xa1, 0xd8, 0xa6, 0x12, 0xa2
    dc.b    0xd8, 0x62, 0xa5, 0x1a, 0xa1, 0x60, 0x0f, 0x46, 0xa5, 0x12, 0xa1, 0xd3, 0xa6, 0x12, 0xa2, 0xd3
    dc.b    0x62, 0xa5, 0x1a, 0xa1, 0x5e, 0x0c, 0x46, 0xa5, 0x12, 0xa1, 0xce, 0xa6, 0x12, 0xa2, 0xce, 0x80
    dc.b    0x05, 0x0a, 0x46, 0xa5, 0x12, 0xa1, 0xc9, 0xa6, 0x12, 0xa2, 0xc9, 0x03, 0x20, 0x87, 0x32, 0x26
    dc.b    0xa8, 0x09, 0xba, 0xf2, 0x82, 0x00, 0xf0, 0x42, 0xa5, 0x12, 0xa1, 0xce, 0x80, 0x02, 0x42, 0xa6
    dc.b    0x12, 0xa2, 0x5e, 0x80, 0xf2, 0x42, 0xa6, 0x12, 0xa2, 0x63, 0x80, 0x04, 0x62, 0xa4, 0x1a, 0xa0
    dc.b    0x5e, 0x80, 0xf4, 0x62, 0xa4, 0x1a, 0xa0, 0x60, 0x82, 0x05, 0xf5, 0x62, 0xa5, 0x1a, 0xa1, 0x60
    dc.b    0x18, 0x30, 0xff, 0x22, 0x88, 0xaa, 0x46, 0xa5, 0x12, 0xa1, 0xd3, 0xa6, 0x12, 0xa2, 0x68, 0x66
    dc.b    0xa4, 0x1a, 0xa0, 0x62, 0xa5, 0x1a, 0xa1, 0x62, 0x08, 0x42, 0xa5, 0x12, 0xa1, 0xd8, 0x80, 0x04
    dc.b    0x0f, 0x46, 0xa5, 0x12, 0xa1, 0xdd, 0xa6, 0x12, 0xa2, 0x63, 0x62, 0xa5, 0x1a, 0xa1, 0x60, 0x0b
    dc.b    0x42, 0xa6, 0x12, 0xa2, 0x5e, 0x62, 0xa5, 0x1a, 0xa1, 0x5e, 0x0c, 0x22, 0x87, 0xa8, 0x42, 0xa5
    dc.b    0x12, 0xa1, 0xd8, 0x82, 0x02, 0x05, 0x06, 0x42, 0xa5, 0x12, 0xa1, 0xd3, 0x09, 0x22, 0x86, 0xa6
    dc.b    0x42, 0xa5, 0x12, 0xa1, 0xce, 0x36, 0x22, 0x87, 0xf2, 0x80, 0x01, 0x42, 0xa5, 0x12, 0xa1, 0x5e
    dc.b    0x80, 0xf1, 0x42, 0xa5, 0x12, 0xa1, 0x63, 0x80, 0x02, 0x42, 0xa6, 0x12, 0xa2, 0xab, 0x80, 0xf2
    dc.b    0x42, 0xa6, 0x12, 0xa2, 0xb0, 0x80, 0x04, 0x62, 0xa4, 0x1a, 0xa0, 0x5e, 0x80, 0xf4, 0x62, 0xa4
    dc.b    0x1a, 0xa0, 0x60, 0x82, 0x05, 0xf5, 0x62, 0xa5, 0x1a, 0xa1, 0x60, 0x17, 0x30, 0xff, 0x20, 0x88
    dc.b    0x46, 0xa5, 0x12, 0xa1, 0x68, 0xa6, 0x12, 0xa2, 0xb5, 0x66, 0xa4, 0x1a, 0xa0, 0x62, 0xa5, 0x1a
    dc.b    0xa1, 0x62, 0x03, 0x80, 0x04, 0x11, 0x20, 0xa8, 0x46, 0xa5, 0x12, 0xa1, 0x63, 0xa6, 0x12, 0xa2
    dc.b    0xb0, 0x62, 0xa5, 0x1a, 0xa1, 0x60, 0x0f, 0x46, 0xa5, 0x12, 0xa1, 0x5e, 0xa6, 0x12, 0xa2, 0xab
    dc.b    0x62, 0xa5, 0x1a, 0xa1, 0x5e, 0x0a, 0x22, 0x87, 0xaa, 0x84, 0x01, 0x02, 0x05, 0xb8, 0x02, 0x01
    dc.b    0x03, 0x20, 0x86, 0x39, 0x24, 0x89, 0x0a, 0xf2, 0x84, 0x00, 0xf0, 0x01, 0x42, 0xa5, 0x12, 0xa1
    dc.b    0xab, 0x80, 0xf1, 0x42, 0xa5, 0x12, 0xa1, 0xb0, 0x80, 0x02, 0x42, 0xa6, 0x12, 0xa2, 0xd3, 0x80
    dc.b    0xf2, 0x42, 0xa6, 0x12, 0xa2, 0xd8, 0x80, 0x04, 0x62, 0xa4, 0x1a, 0xa0, 0x5e, 0x80, 0xf4, 0x62
    dc.b    0xa4, 0x1a, 0xa0, 0x60, 0x82, 0x05, 0xf5, 0x62, 0xa5, 0x1a, 0xa1, 0x60, 0x18, 0x30, 0xff, 0x22
    dc.b    0x8a, 0xa8, 0x46, 0xa5, 0x12, 0xa1, 0xb5, 0xa6, 0x12, 0xa2, 0xdd, 0x66, 0xa4, 0x1a, 0xa0, 0x62
    dc.b    0xa5, 0x1a, 0xa1, 0x62, 0x03, 0x80, 0x04, 0x11, 0x20, 0xa6, 0x46, 0xa5, 0x12, 0xa1, 0xb0, 0xa6
    dc.b    0x12, 0xa2, 0xd8, 0x62, 0xa5, 0x1a, 0xa1, 0x60, 0x0f, 0x46, 0xa5, 0x12, 0xa1, 0xab, 0xa6, 0x12
    dc.b    0xa2, 0xd3, 0x62, 0xa5, 0x1a, 0xa1, 0x5e, 0x0e, 0x20, 0x89, 0x80, 0x01, 0x42, 0xa6, 0x12, 0xa2
    dc.b    0xce, 0x80, 0x05, 0xb8, 0x01, 0x06, 0x42, 0xa6, 0x12, 0xa2, 0xc9, 0x04, 0x22, 0x88, 0xa8, 0x3b
    dc.b    0x24, 0x8e, 0x0b, 0xf2, 0x80, 0x00, 0x42, 0xa4, 0x22, 0xa0, 0x5e, 0x82, 0xf0, 0x01, 0x42, 0xa5
    dc.b    0x12, 0xa1, 0xd3, 0x80, 0xf1, 0x46, 0xa5, 0x12, 0xa1, 0xd8, 0xa6, 0x12, 0xa2, 0xce, 0x80, 0x04
    dc.b    0x62, 0xa4, 0x1a, 0xa0, 0x5e, 0x80, 0xf4, 0x62, 0xa4, 0x1a, 0xa0, 0x60, 0x80, 0x05, 0x62, 0xa5
    dc.b    0x1b, 0xa1, 0x8f, 0x80, 0xf5, 0x62, 0xa5, 0x1b, 0xa1, 0x91, 0x18, 0x30, 0xff, 0x22, 0x8f, 0xaa
    dc.b    0x46, 0xa5, 0x12, 0xa1, 0xdd, 0xa6, 0x12, 0xa2, 0xd3, 0x66, 0xa4, 0x1a, 0xa0, 0x62, 0xa5, 0x1b
    dc.b    0xa1, 0x93, 0x06, 0x42, 0xa6, 0x12, 0xa2, 0xd8, 0x13, 0x46, 0xa5, 0x12, 0xa1, 0xd8, 0xa6, 0x12
    dc.b    0xa2, 0xdd, 0x66, 0xa4, 0x1a, 0xa0, 0x60, 0xa5, 0x1b, 0xa1, 0x91, 0x0f, 0x42, 0xa5, 0x12, 0xa1
    dc.b    0xd3, 0x66, 0xa4, 0x1a, 0xa0, 0x5e, 0xa5, 0x1b, 0xa1, 0x8f, 0x17, 0x22, 0x8e, 0xa8, 0x82, 0x00
    dc.b    0x01, 0x42, 0xa6, 0x12, 0xa2, 0xd8, 0x66, 0xa4, 0x1a, 0xa0, 0x5c, 0xa5, 0x1b, 0xa1, 0x8d, 0xb8
    dc.b    0x02, 0x0f, 0x42, 0xa6, 0x12, 0xa2, 0xd3, 0x66, 0xa4, 0x1a, 0xa0, 0x5a, 0xa5, 0x1b, 0xa1, 0x8b
    dc.b    0x09, 0x22, 0x8d, 0xa6, 0x42, 0xa6, 0x12, 0xa2, 0xce, 0x25, 0x26, 0x89, 0x0a, 0xa8, 0xf2, 0x80
    dc.b    0x00, 0x42, 0xa4, 0x1a, 0xa0, 0x5e, 0x82, 0xf0, 0x02, 0x42, 0xa6, 0x12, 0xa2, 0x5e, 0x80, 0xf2
    dc.b    0x42, 0xa6, 0x12, 0xa2, 0x63, 0x66, 0xa4, 0x1a, 0xa0, 0x5c, 0xa5, 0x1b, 0xa1, 0x8d, 0x14, 0x30
    dc.b    0xff, 0x22, 0x8a, 0xaa, 0x42, 0xa6, 0x12, 0xa2, 0x68, 0x66, 0xa4, 0x1a, 0xa0, 0x5e, 0xa5, 0x1b
    dc.b    0xa1, 0x8f, 0x0c, 0x80, 0x00, 0x66, 0xa4, 0x1a, 0xa0, 0x60, 0xa5, 0x1b, 0xa1, 0x91, 0x0f, 0x42
    dc.b    0xa6, 0x12, 0xa2, 0x63, 0x66, 0xa4, 0x1a, 0xa0, 0x62, 0xa5, 0x1b, 0xa1, 0x93, 0x06, 0x42, 0xa6
    dc.b    0x12, 0xa2, 0x5e, 0x0f, 0x22, 0x89, 0xa8, 0x80, 0x02, 0x66, 0xa4, 0x1a, 0xa0, 0x60, 0xa5, 0x1b
    dc.b    0xa1, 0x91, 0x0a, 0x66, 0xa4, 0x1a, 0xa0, 0x5e, 0xa5, 0x1b, 0xa1, 0x8f, 0x0d, 0x22, 0x88, 0xa6
    dc.b    0x66, 0xa4, 0x1a, 0xa0, 0x5c, 0xa5, 0x1b, 0xa1, 0x8d, 0x41, 0x28, 0x87, 0x09, 0xaa, 0x0a, 0xf2
    dc.b    0x84, 0x00, 0xf0, 0x01, 0x42, 0xa5, 0x13, 0xa1, 0x8f, 0x80, 0xf1, 0x42, 0xa5, 0x13, 0xa1, 0x94
    dc.b    0x80, 0x02, 0x42, 0xa6, 0x12, 0xa2, 0xab, 0x80, 0xf2, 0x42, 0xa6, 0x12, 0xa2, 0xb0, 0x80, 0x04
    dc.b    0x62, 0xa4, 0x1a, 0xa0, 0x5e, 0x80, 0xf4, 0x62, 0xa4, 0x1a, 0xa0, 0x60, 0x80, 0x05, 0x62, 0xa5
    dc.b    0x1a, 0xa1, 0x5e, 0x80, 0xf5, 0x62, 0xa5, 0x1a, 0xa1, 0x60, 0x18, 0x30, 0xff, 0x22, 0x88, 0xac
    dc.b    0x46, 0xa5, 0x13, 0xa1, 0x99, 0xa6, 0x12, 0xa2, 0xb5, 0x66, 0xa4, 0x1a, 0xa0, 0x62, 0xa5, 0x1a
    dc.b    0xa1, 0x62, 0x03, 0x80, 0x04, 0x0f, 0x46, 0xa5, 0x13, 0xa1, 0x94, 0xa6, 0x12, 0xa2, 0xb0, 0x62
    dc.b    0xa5, 0x1a, 0xa1, 0x60, 0x0f, 0x46, 0xa5, 0x13, 0xa1, 0x8f, 0xa6, 0x12, 0xa2, 0xab, 0x62, 0xa5
    dc.b    0x1a, 0xa1, 0x5e, 0x0a, 0x22, 0x87, 0xaa, 0x84, 0x01, 0x02, 0x05, 0xb8, 0x02, 0x01, 0x04, 0x22
    dc.b    0x86, 0xa8, 0x2b, 0x28, 0x8e, 0x0b, 0xaf, 0x0b, 0xf2, 0x80, 0x02, 0x42, 0xa6, 0x12, 0xa2, 0xd3
    dc.b    0x80, 0xf2, 0x42, 0xa6, 0x12, 0xa2, 0xd8, 0x80, 0x04, 0x62, 0xa4, 0x1a, 0xa0, 0x5e, 0x80, 0xf4
    dc.b    0x62, 0xa4, 0x1a, 0xa0, 0x60, 0x82, 0x05, 0xf5, 0x62, 0xa5, 0x1a, 0xa1, 0x60, 0x15, 0x30, 0xff
    dc.b    0x24, 0x8f, 0xa1, 0x0c, 0x42, 0xa6, 0x12, 0xa2, 0xdd, 0x66, 0xa4, 0x1a, 0xa0, 0x62, 0xa5, 0x1a
    dc.b    0xa1, 0x62, 0x03, 0x80, 0x04, 0x0b, 0x42, 0xa6, 0x12, 0xa2, 0xd8, 0x62, 0xa5, 0x1a, 0xa1, 0x60
    dc.b    0x0b, 0x42, 0xa6, 0x12, 0xa2, 0xd3, 0x62, 0xa5, 0x1a, 0xa1, 0x5e, 0x0a, 0x24, 0x8e, 0xaf, 0x0b
    dc.b    0x82, 0x02, 0x05, 0xb8, 0x02, 0x01, 0x04, 0x22, 0x8d, 0xad, 0x39, 0x28, 0x8d, 0x10, 0xaa, 0x0a
    dc.b    0xf2, 0x80, 0x00, 0x42, 0xa4, 0x13, 0xa0, 0xc5, 0x82, 0xf0, 0x01, 0x42, 0xa5, 0x13, 0xa1, 0x2d
    dc.b    0x80, 0xf1, 0x42, 0xa5, 0x13, 0xa1, 0x32, 0x80, 0x04, 0x62, 0xa4, 0x13, 0xa0, 0xc5, 0x80, 0xf4
    dc.b    0x62, 0xa4, 0x13, 0xa0, 0xc7, 0x80, 0x05, 0x62, 0xa5, 0x1a, 0xa1, 0xd3, 0x80, 0xf5, 0x62, 0xa5
    dc.b    0x1a, 0xa1, 0xd5, 0x14, 0x30, 0xff, 0x22, 0x8e, 0xac, 0x42, 0xa5, 0x13, 0xa1, 0x37, 0x66, 0xa4
    dc.b    0x13, 0xa0, 0xc9, 0xa5, 0x1a, 0xa1, 0xd7, 0x01, 0x0f, 0x42, 0xa5, 0x13, 0xa1, 0x32, 0x66, 0xa4
    dc.b    0x13, 0xa0, 0xc7, 0xa5, 0x1a, 0xa1, 0xd5, 0x0f, 0x42, 0xa5, 0x13, 0xa1, 0x2d, 0x66, 0xa4, 0x13
    dc.b    0xa0, 0xc5, 0xa5, 0x1a, 0xa1, 0xd3, 0x12, 0x22, 0x8d, 0xaa, 0x42, 0xa5, 0x13, 0xa1, 0x28, 0x66
    dc.b    0xa4, 0x13, 0xa0, 0xc3, 0xa5, 0x1a, 0xa1, 0xd1, 0x0f, 0x42, 0xa5, 0x13, 0xa1, 0x23, 0x66, 0xa4
    dc.b    0x13, 0xa0, 0xc1, 0xa5, 0x1a, 0xa1, 0xcf, 0x04, 0x22, 0x8c, 0xa8, 0x23, 0x28, 0x82, 0x0e, 0xa8
    dc.b    0x09, 0xf2, 0x42, 0xa5, 0x13, 0xa1, 0x28, 0x80, 0x02, 0x42, 0xa6, 0x13, 0xa2, 0x8f, 0x80, 0xf2
    dc.b    0x42, 0xa6, 0x13, 0xa2, 0x94, 0x66, 0xa4, 0x13, 0xa0, 0xc3, 0xa5, 0x1a, 0xa1, 0xd1, 0x18, 0x30
    dc.b    0xff, 0x22, 0x83, 0xaa, 0x46, 0xa5, 0x13, 0xa1, 0x2d, 0xa6, 0x13, 0xa2, 0x99, 0x66, 0xa4, 0x13
    dc.b    0xa0, 0xc5, 0xa5, 0x1a, 0xa1, 0xd3, 0x0f, 0x42, 0xa5, 0x13, 0xa1, 0x32, 0x66, 0xa4, 0x13, 0xa0
    dc.b    0xc7, 0xa5, 0x1a, 0xa1, 0xd5, 0x13, 0x46, 0xa5, 0x13, 0xa1, 0x37, 0xa6, 0x13, 0xa2, 0x94, 0x66
    dc.b    0xa4, 0x13, 0xa0, 0xc9, 0xa5, 0x1a, 0xa1, 0xd7, 0x06, 0x42, 0xa6, 0x13, 0xa2, 0x8f, 0x14, 0x22
    dc.b    0x82, 0xa8, 0x42, 0xa5, 0x13, 0xa1, 0x32, 0x80, 0x02, 0x66, 0xa4, 0x13, 0xa0, 0xc7, 0xa5, 0x1a
    dc.b    0xa1, 0xd5, 0x0f, 0x42, 0xa5, 0x13, 0xa1, 0x2d, 0x66, 0xa4, 0x13, 0xa0, 0xc5, 0xa5, 0x1a, 0xa1
    dc.b    0xd3, 0x12, 0x22, 0x81, 0xa6, 0x42, 0xa5, 0x13, 0xa1, 0x28, 0x66, 0xa4, 0x13, 0xa0, 0xc3, 0xa5
    dc.b    0x1a, 0xa1, 0xd1, 0x2b, 0x28, 0x89, 0x0a, 0xaf, 0x0b, 0xf2, 0x82, 0x00, 0xf0, 0x42, 0xa5, 0x13
    dc.b    0xa1, 0x23, 0x80, 0x04, 0x62, 0xa4, 0x13, 0xa0, 0xc5, 0x80, 0xf4, 0x62, 0xa4, 0x13, 0xa0, 0xc7
    dc.b    0x80, 0x05, 0x62, 0xa5, 0x13, 0xa1, 0xc5, 0x80, 0xf5, 0x62, 0xa5, 0x13, 0xa1, 0xc7, 0x10, 0x30
    dc.b    0xff, 0x24, 0x8a, 0xa1, 0x0c, 0x66, 0xa4, 0x13, 0xa0, 0xc9, 0xa5, 0x13, 0xa1, 0xc9, 0x08, 0x42
    dc.b    0xa5, 0x13, 0xa1, 0x28, 0x80, 0x04, 0x0b, 0x42, 0xa5, 0x13, 0xa1, 0x2d, 0x62, 0xa5, 0x13, 0xa1
    dc.b    0xc7, 0x0b, 0x42, 0xa5, 0x13, 0xa1, 0x32, 0x62, 0xa5, 0x13, 0xa1, 0xc5, 0x0e, 0x24, 0x89, 0xaf
    dc.b    0x0b, 0x42, 0xa5, 0x13, 0xa1, 0x37, 0x80, 0x05, 0xb8, 0x02, 0x01, 0x09, 0x22, 0x88, 0xad, 0x42
    dc.b    0xa5, 0x13, 0xa1, 0x32, 0x33, 0x28, 0x82, 0x0e, 0xae, 0x10, 0xf2, 0x82, 0x00, 0xf0, 0x42, 0xa5
    dc.b    0x13, 0xa1, 0x2d, 0x80, 0x02, 0x42, 0xa6, 0x13, 0xa2, 0x2d, 0x80, 0xf2, 0x42, 0xa6, 0x13, 0xa2
    dc.b    0x32, 0x80, 0x04, 0x62, 0xa4, 0x13, 0xa0, 0xc5, 0x80, 0xf4, 0x62, 0xa4, 0x13, 0xa0, 0xc7, 0x82
    dc.b    0x05, 0xf5, 0x62, 0xa5, 0x13, 0xa1, 0xc7, 0x19, 0x30, 0xff, 0x24, 0x83, 0xa0, 0x11, 0x46, 0xa5
    dc.b    0x13, 0xa1, 0x28, 0xa6, 0x13, 0xa2, 0x37, 0x66, 0xa4, 0x13, 0xa0, 0xc9, 0xa5, 0x13, 0xa1, 0xc9
    dc.b    0x08, 0x42, 0xa5, 0x13, 0xa1, 0x23, 0x80, 0x04, 0x0b, 0x42, 0xa6, 0x13, 0xa2, 0x32, 0x62, 0xa5
    dc.b    0x13, 0xa1, 0xc7, 0x0f, 0x46, 0xa5, 0x13, 0xa1, 0x28, 0xa6, 0x13, 0xa2, 0x2d, 0x62, 0xa5, 0x13
    dc.b    0xa1, 0xc5, 0x12, 0x24, 0x82, 0xae, 0x10, 0x46, 0xa5, 0x13, 0xa1, 0x2d, 0xa6, 0x13, 0xa2, 0x28
    dc.b    0x80, 0x05, 0xb8, 0x01, 0x0a, 0x46, 0xa5, 0x13, 0xa1, 0x32, 0xa6, 0x13, 0xa2, 0x23, 0x09, 0x22
    dc.b    0x81, 0xac, 0x42, 0xa5, 0x13, 0xa1, 0x37, 0x2b, 0x28, 0x87, 0x08, 0xa3, 0x0e, 0xf2, 0x80, 0x00
    dc.b    0x42, 0xa4, 0x1b, 0xa0, 0xc5, 0x80, 0xf0, 0x42, 0xa6, 0x13, 0xa2, 0x28, 0x80, 0x04, 0x62, 0xa4
    dc.b    0x13, 0xa0, 0xc5, 0x80, 0xf4, 0x62, 0xa4, 0x13, 0xa0, 0xc7, 0x82, 0x05, 0xf5, 0x62, 0xa5, 0x13
    dc.b    0xa1, 0xc7, 0x18, 0x30, 0xff, 0x22, 0x88, 0xa5, 0x46, 0xa5, 0x13, 0xa1, 0x32, 0xa6, 0x13, 0xa2
    dc.b    0x2d, 0x66, 0xa4, 0x13, 0xa0, 0xc9, 0xa5, 0x13, 0xa1, 0xc9, 0x0c, 0x46, 0xa5, 0x13, 0xa1, 0x2d
    dc.b    0xa6, 0x13, 0xa2, 0x32, 0x80, 0x04, 0x0f, 0x46, 0xa5, 0x13, 0xa1, 0x28, 0xa6, 0x13, 0xa2, 0x37
    dc.b    0x62, 0xa5, 0x13, 0xa1, 0xc7, 0x0b, 0x42, 0xa5, 0x13, 0xa1, 0x23, 0x62, 0xa5, 0x13, 0xa1, 0xc5
    dc.b    0x0f, 0x22, 0x87, 0xa3, 0x80, 0x00, 0x42, 0xa6, 0x13, 0xa2, 0x32, 0x80, 0x05, 0xb8, 0x02, 0x0a
    dc.b    0x46, 0xa5, 0x13, 0xa1, 0x28, 0xa6, 0x13, 0xa2, 0x2d, 0x0d, 0x22, 0x86, 0xa1, 0x46, 0xa5, 0x13
    dc.b    0xa1, 0x2d, 0xa6, 0x13, 0xa2, 0x28, 0x26, 0x28, 0x89, 0x0a, 0xaa, 0x0a, 0xf2, 0x46, 0xa5, 0x13
    dc.b    0xa1, 0x32, 0xa6, 0x13, 0xa2, 0x23, 0x80, 0x04, 0x62, 0xa4, 0x13, 0xa0, 0xc5, 0x80, 0xf4, 0x62
    dc.b    0xa4, 0x13, 0xa0, 0xc7, 0x82, 0x05, 0xf5, 0x62, 0xa5, 0x13, 0xa1, 0xc7, 0x14, 0x30, 0xff, 0x22
    dc.b    0x8a, 0xac, 0x42, 0xa5, 0x13, 0xa1, 0x37, 0x66, 0xa4, 0x13, 0xa0, 0xc9, 0xa5, 0x13, 0xa1, 0xc9
    dc.b    0x08, 0x42, 0xa6, 0x13, 0xa2, 0x28, 0x80, 0x04, 0x0f, 0x46, 0xa5, 0x13, 0xa1, 0x32, 0xa6, 0x13
    dc.b    0xa2, 0x2d, 0x62, 0xa5, 0x13, 0xa1, 0xc7, 0x0f, 0x46, 0xa5, 0x13, 0xa1, 0x2d, 0xa6, 0x13, 0xa2
    dc.b    0x32, 0x62, 0xa5, 0x13, 0xa1, 0xc5, 0x0f, 0x22, 0x89, 0xaa, 0x46, 0xa5, 0x13, 0xa1, 0x28, 0xa6
    dc.b    0x13, 0xa2, 0x37, 0x80, 0x05, 0x06, 0x42, 0xa5, 0x13, 0xa1, 0x23, 0x09, 0x22, 0x88, 0xa8, 0x42
    dc.b    0xa6, 0x13, 0xa2, 0x32, 0x3d, 0x28, 0x81, 0x07, 0xa3, 0x0e, 0xf2, 0x80, 0x00, 0x42, 0xa4, 0x13
    dc.b    0xa0, 0xc5, 0x82, 0xf0, 0x01, 0x42, 0xa5, 0x12, 0xa1, 0x5e, 0x80, 0xf1, 0x46, 0xa5, 0x12, 0xa1
    dc.b    0x63, 0xa6, 0x13, 0xa2, 0x2d, 0x80, 0x04, 0x62, 0xa4, 0x13, 0xa0, 0xc5, 0x80, 0xf4, 0x62, 0xa4
    dc.b    0x13, 0xa0, 0xc7, 0x80, 0x05, 0x62, 0xa5, 0x1a, 0xa1, 0xd3, 0x80, 0xf5, 0x62, 0xa5, 0x1a, 0xa1
    dc.b    0xd5, 0x18, 0x30, 0xff, 0x22, 0x82, 0xa5, 0x46, 0xa5, 0x12, 0xa1, 0x68, 0xa6, 0x13, 0xa2, 0x28
    dc.b    0x66, 0xa4, 0x13, 0xa0, 0xc9, 0xa5, 0x1a, 0xa1, 0xd7, 0x06, 0x42, 0xa6, 0x13, 0xa2, 0x23, 0x0f
    dc.b    0x42, 0xa5, 0x12, 0xa1, 0x63, 0x66, 0xa4, 0x13, 0xa0, 0xc7, 0xa5, 0x1a, 0xa1, 0xd5, 0x13, 0x46
    dc.b    0xa5, 0x12, 0xa1, 0x5e, 0xa6, 0x13, 0xa2, 0x28, 0x66, 0xa4, 0x13, 0xa0, 0xc5, 0xa5, 0x1a, 0xa1
    dc.b    0xd3, 0x16, 0x22, 0x81, 0xa3, 0x46, 0xa5, 0x12, 0xa1, 0x59, 0xa6, 0x13, 0xa2, 0x2d, 0x66, 0xa4
    dc.b    0x13, 0xa0, 0xc3, 0xa5, 0x1a, 0xa1, 0xd1, 0x13, 0x46, 0xa5, 0x12, 0xa1, 0x54, 0xa6, 0x13, 0xa2
    dc.b    0x32, 0x66, 0xa4, 0x13, 0xa0, 0xc1, 0xa5, 0x1a, 0xa1, 0xcf, 0x09, 0x22, 0x80, 0xa1, 0x42, 0xa6
    dc.b    0x13, 0xa2, 0x37, 0x18, 0x28, 0x87, 0x08, 0xa8, 0x08, 0xf2, 0x82, 0x00, 0xf0, 0x42, 0xa5, 0x12
    dc.b    0xa1, 0x59, 0x66, 0xa4, 0x13, 0xa0, 0xc3, 0xa5, 0x1a, 0xa1, 0xd1, 0x18, 0x30, 0xff, 0x22, 0x88
    dc.b    0xaa, 0x46, 0xa5, 0x12, 0xa1, 0x5e, 0xa6, 0x13, 0xa2, 0x32, 0x66, 0xa4, 0x13, 0xa0, 0xc5, 0xa5
    dc.b    0x1a, 0xa1, 0xd3, 0x13, 0x46, 0xa5, 0x12, 0xa1, 0x63, 0xa6, 0x13, 0xa2, 0x2d, 0x66, 0xa4, 0x13
    dc.b    0xa0, 0xc7, 0xa5, 0x1a, 0xa1, 0xd5, 0x13, 0x46, 0xa5, 0x12, 0xa1, 0x68, 0xa6, 0x13, 0xa2, 0x28
    dc.b    0x66, 0xa4, 0x13, 0xa0, 0xc9, 0xa5, 0x1a, 0xa1, 0xd7, 0x06, 0x42, 0xa6, 0x13, 0xa2, 0x23, 0x14
    dc.b    0x22, 0x87, 0xa8, 0x42, 0xa5, 0x12, 0xa1, 0x63, 0x66, 0xa4, 0x13, 0xa0, 0xc7, 0xa5, 0x1a, 0xa1
    dc.b    0xd5, 0xb8, 0x02, 0x13, 0x46, 0xa5, 0x12, 0xa1, 0x5e, 0xa6, 0x13, 0xa2, 0x28, 0x66, 0xa4, 0x13
    dc.b    0xa0, 0xc5, 0xa5, 0x1a, 0xa1, 0xd3, 0x16, 0x22, 0x86, 0xa6, 0x46, 0xa5, 0x12, 0xa1, 0x59, 0xa6
    dc.b    0x13, 0xa2, 0x2d, 0x66, 0xa4, 0x13, 0xa0, 0xc3, 0xa5, 0x1a, 0xa1, 0xd1, 0x2e, 0x28, 0x8d, 0x11
    dc.b    0xaa, 0x0a, 0xf2, 0x80, 0x00, 0x46, 0xa5, 0x12, 0xa1, 0x54, 0xa6, 0x13, 0xa2, 0x32, 0x80, 0x04
    dc.b    0x62, 0xa4, 0x13, 0xa0, 0xc5, 0x80, 0xf4, 0x62, 0xa4, 0x13, 0xa0, 0xc7, 0x80, 0x05, 0x62, 0xa5
    dc.b    0x13, 0xa1, 0xc5, 0x80, 0xf5, 0x62, 0xa5, 0x13, 0xa1, 0xc7, 0x14, 0x30, 0xff, 0x22, 0x8e, 0xac
    dc.b    0x42, 0xa6, 0x13, 0xa2, 0x37, 0x66, 0xa4, 0x13, 0xa0, 0xc9, 0xa5, 0x13, 0xa1, 0xc9, 0x08, 0x42
    dc.b    0xa5, 0x12, 0xa1, 0x59, 0x80, 0x04, 0x0f, 0x46, 0xa5, 0x12, 0xa1, 0x5e, 0xa6, 0x13, 0xa2, 0x32
    dc.b    0x62, 0xa5, 0x13, 0xa1, 0xc7, 0x0f, 0x46, 0xa5, 0x12, 0xa1, 0x63, 0xa6, 0x13, 0xa2, 0x2d, 0x62
    dc.b    0xa5, 0x13, 0xa1, 0xc5, 0x0f, 0x22, 0x8d, 0xaa, 0x46, 0xa5, 0x12, 0xa1, 0x68, 0xa6, 0x13, 0xa2
    dc.b    0x28, 0x80, 0x05, 0x06, 0x42, 0xa6, 0x13, 0xa2, 0x23, 0x09, 0x22, 0x8c, 0xa8, 0x42, 0xa5, 0x12
    dc.b    0xa1, 0x63, 0x39, 0x28, 0x82, 0x0e, 0xa2, 0x07, 0xf2, 0x80, 0x00, 0x42, 0xa4, 0x14, 0xa0, 0x3c
    dc.b    0x80, 0xf0, 0x42, 0xa5, 0x12, 0xa1, 0x5e, 0x80, 0x02, 0x42, 0xa6, 0x12, 0xa2, 0x5e, 0x80, 0xf2
    dc.b    0x42, 0xa6, 0x12, 0xa2, 0x63, 0x80, 0x04, 0x62, 0xa4, 0x13, 0xa0, 0xc5, 0x80, 0xf4, 0x62, 0xa4
    dc.b    0x13, 0xa0, 0xc7, 0x82, 0x05, 0xf5, 0x62, 0xa5, 0x13, 0xa1, 0xc7, 0x18, 0x30, 0xff, 0x22, 0x83
    dc.b    0xa4, 0x46, 0xa5, 0x12, 0xa1, 0x59, 0xa6, 0x12, 0xa2, 0x68, 0x66, 0xa4, 0x13, 0xa0, 0xc9, 0xa5
    dc.b    0x13, 0xa1, 0xc9, 0x08, 0x42, 0xa5, 0x12, 0xa1, 0x54, 0x80, 0x04, 0x0b, 0x42, 0xa6, 0x12, 0xa2
    dc.b    0x63, 0x62, 0xa5, 0x13, 0xa1, 0xc7, 0x0f, 0x46, 0xa5, 0x12, 0xa1, 0x59, 0xa6, 0x12, 0xa2, 0x5e
    dc.b    0x62, 0xa5, 0x13, 0xa1, 0xc5, 0x0f, 0x22, 0x82, 0xa2, 0x46, 0xa5, 0x12, 0xa1, 0x5e, 0xa6, 0x12
    dc.b    0xa2, 0x59, 0x80, 0x05, 0x0a, 0x46, 0xa5, 0x12, 0xa1, 0x63, 0xa6, 0x12, 0xa2, 0x54, 0x09, 0x22
    dc.b    0x81, 0xa0, 0x42, 0xa5, 0x12, 0xa1, 0x68, 0x2b, 0x28, 0x89, 0x0a, 0xa8, 0x08, 0xf2, 0x82, 0x00
    dc.b    0xf0, 0x42, 0xa6, 0x12, 0xa2, 0x59, 0x80, 0x04, 0x62, 0xa4, 0x14, 0xa0, 0x3c, 0x80, 0xf4, 0x62
    dc.b    0xa4, 0x14, 0xa0, 0x3e, 0x80, 0x05, 0x62, 0xa5, 0x1b, 0xa1, 0x2d, 0x80, 0xf5, 0x62, 0xa5, 0x1b
    dc.b    0xa1, 0x2f, 0x18, 0x30, 0xff, 0x22, 0x8a, 0xaa, 0x46, 0xa5, 0x12, 0xa1, 0x63, 0xa6, 0x12, 0xa2
    dc.b    0x5e, 0x66, 0xa4, 0x14, 0xa0, 0x40, 0xa5, 0x1b, 0xa1, 0x31, 0x0a, 0x46, 0xa5, 0x12, 0xa1, 0x5e
    dc.b    0xa6, 0x12, 0xa2, 0x63, 0x13, 0x46, 0xa5, 0x12, 0xa1, 0x59, 0xa6, 0x12, 0xa2, 0x68, 0x66, 0xa4
    dc.b    0x14, 0xa0, 0x3e, 0xa5, 0x1b, 0xa1, 0x2f, 0x0f, 0x42, 0xa5, 0x12, 0xa1, 0x54, 0x66, 0xa4, 0x14
    dc.b    0xa0, 0x3c, 0xa5, 0x1b, 0xa1, 0x2d, 0x14, 0x22, 0x89, 0xa8, 0x42, 0xa6, 0x12, 0xa2, 0x63, 0x66
    dc.b    0xa4, 0x14, 0xa0, 0x3a, 0xa5, 0x1b, 0xa1, 0x2b, 0xb8, 0x02, 0x13, 0x46, 0xa5, 0x12, 0xa1, 0x59
    dc.b    0xa6, 0x12, 0xa2, 0x5e, 0x66, 0xa4, 0x14, 0xa0, 0x38, 0xa5, 0x1b, 0xa1, 0x29, 0x0d, 0x22, 0x88
    dc.b    0xa6, 0x46, 0xa5, 0x12, 0xa1, 0x5e, 0xa6, 0x12, 0xa2, 0x59, 0x1c, 0x28, 0x8f, 0x08, 0xae, 0x11
    dc.b    0xf2, 0x82, 0x00, 0xf0, 0x46, 0xa5, 0x12, 0xa1, 0x63, 0xa6, 0x12, 0xa2, 0x54, 0x66, 0xa4, 0x14
    dc.b    0xa0, 0x3a, 0xa5, 0x1b, 0xa1, 0x2b, 0x16, 0x30, 0xff, 0x26, 0x80, 0x09, 0xa0, 0x12, 0x42, 0xa5
    dc.b    0x12, 0xa1, 0x68, 0x66, 0xa4, 0x14, 0xa0, 0x3c, 0xa5, 0x1b, 0xa1, 0x2d, 0x0f, 0x42, 0xa6, 0x12
    dc.b    0xa2, 0x59, 0x66, 0xa4, 0x14, 0xa0, 0x3e, 0xa5, 0x1b, 0xa1, 0x2f, 0x13, 0x46, 0xa5, 0x12, 0xa1
    dc.b    0x63, 0xa6, 0x12, 0xa2, 0x5e, 0x66, 0xa4, 0x14, 0xa0, 0x40, 0xa5, 0x1b, 0xa1, 0x31, 0x0a, 0x46
    dc.b    0xa5, 0x12, 0xa1, 0x5e, 0xa6, 0x12, 0xa2, 0x63, 0x1a, 0x26, 0x8f, 0x08, 0xae, 0x11, 0x46, 0xa5
    dc.b    0x12, 0xa1, 0x59, 0xa6, 0x12, 0xa2, 0x68, 0x66, 0xa4, 0x14, 0xa0, 0x3e, 0xa5, 0x1b, 0xa1, 0x2f
    dc.b    0xb8, 0x01, 0x0f, 0x42, 0xa5, 0x12, 0xa1, 0x54, 0x66, 0xa4, 0x14, 0xa0, 0x3c, 0xa5, 0x1b, 0xa1
    dc.b    0x2d, 0x12, 0x22, 0x8e, 0xac, 0x42, 0xa6, 0x12, 0xa2, 0x63, 0x66, 0xa4, 0x14, 0xa0, 0x3a, 0xa5
    dc.b    0x1b, 0xa1, 0x2b, 0x22, 0x28, 0x87, 0x09, 0xa3, 0x0e, 0xf2, 0x80, 0x00, 0x42, 0xa4, 0x1c, 0xa0
    dc.b    0x3c, 0x80, 0xf0, 0x46, 0xa5, 0x12, 0xa1, 0x59, 0xa6, 0x12, 0xa2, 0x5e, 0x66, 0xa4, 0x14, 0xa0
    dc.b    0x38, 0xa5, 0x1b, 0xa1, 0x29, 0x0f, 0x30, 0xff, 0x22, 0x88, 0xa5, 0x46, 0xa5, 0x12, 0xa1, 0x5e
    dc.b    0xa6, 0x12, 0xa2, 0x59, 0x13, 0x46, 0xa5, 0x12, 0xa1, 0x63, 0xa6, 0x12, 0xa2, 0x54, 0x66, 0xa4
    dc.b    0x14, 0xa0, 0x3a, 0xa5, 0x1b, 0xa1, 0x2b, 0x0f, 0x42, 0xa5, 0x12, 0xa1, 0x68, 0x66, 0xa4, 0x14
    dc.b    0xa0, 0x3c, 0xa5, 0x1b, 0xa1, 0x2d, 0x0f, 0x42, 0xa6, 0x12, 0xa2, 0x59, 0x66, 0xa4, 0x14, 0xa0
    dc.b    0x3e, 0xa5, 0x1b, 0xa1, 0x2f, 0x1a, 0x22, 0x87, 0xa3, 0x80, 0x00, 0x46, 0xa5, 0x12, 0xa1, 0x63
    dc.b    0xa6, 0x12, 0xa2, 0x5e, 0x66, 0xa4, 0x14, 0xa0, 0x40, 0xa5, 0x1b, 0xa1, 0x31, 0xb8, 0x02, 0x0a
    dc.b    0x46, 0xa5, 0x12, 0xa1, 0x5e, 0xa6, 0x12, 0xa2, 0x63, 0x16, 0x22, 0x86, 0xa1, 0x46, 0xa5, 0x12
    dc.b    0xa1, 0x59, 0xa6, 0x12, 0xa2, 0x68, 0x66, 0xa4, 0x14, 0xa0, 0x3e, 0xa5, 0x1b, 0xa1, 0x2f, 0x1e
    dc.b    0x28, 0x89, 0x0a, 0xaa, 0x0a, 0xf2, 0x80, 0x00, 0x42, 0xa4, 0x14, 0xa0, 0x3c, 0x80, 0xf0, 0x42
    dc.b    0xa5, 0x12, 0xa1, 0x54, 0x66, 0xa4, 0x14, 0xa0, 0x3c, 0xa5, 0x1b, 0xa1, 0x2d, 0x14, 0x30, 0xff
    dc.b    0x22, 0x8a, 0xac, 0x42, 0xa6, 0x12, 0xa2, 0x63, 0x66, 0xa4, 0x14, 0xa0, 0x3a, 0xa5, 0x1b, 0xa1
    dc.b    0x2b, 0x15, 0x80, 0x00, 0x46, 0xa5, 0x12, 0xa1, 0x59, 0xa6, 0x12, 0xa2, 0x5e, 0x66, 0xa4, 0x14
    dc.b    0xa0, 0x38, 0xa5, 0x1b, 0xa1, 0x29, 0x0a, 0x46, 0xa5, 0x12, 0xa1, 0x5e, 0xa6, 0x12, 0xa2, 0x59
    dc.b    0x13, 0x46, 0xa5, 0x12, 0xa1, 0x63, 0xa6, 0x12, 0xa2, 0x54, 0x66, 0xa4, 0x14, 0xa0, 0x3a, 0xa5
    dc.b    0x1b, 0xa1, 0x2b, 0x14, 0x22, 0x89, 0xaa, 0x42, 0xa5, 0x12, 0xa1, 0x68, 0x66, 0xa4, 0x14, 0xa0
    dc.b    0x3c, 0xa5, 0x1b, 0xa1, 0x2d, 0xb8, 0x02, 0x0f, 0x42, 0xa6, 0x12, 0xa2, 0x59, 0x66, 0xa4, 0x14
    dc.b    0xa0, 0x3e, 0xa5, 0x1b, 0xa1, 0x2f, 0x16, 0x22, 0x88, 0xa8, 0x46, 0xa5, 0x12, 0xa1, 0x63, 0xa6
    dc.b    0x12, 0xa2, 0x5e, 0x66, 0xa4, 0x14, 0xa0, 0x40, 0xa5, 0x1b, 0xa1, 0x31, 0x2f, 0x28, 0x8e, 0x0b
    dc.b    0xa0, 0x09, 0xf2, 0x82, 0x00, 0xf0, 0x46, 0xa5, 0x12, 0xa1, 0x5e, 0xa6, 0x12, 0xa2, 0x63, 0x80
    dc.b    0x04, 0x62, 0xa4, 0x14, 0xa0, 0x3c, 0x80, 0xf4, 0x62, 0xa4, 0x14, 0xa0, 0x3e, 0x80, 0x05, 0x62
    dc.b    0xa5, 0x14, 0xa1, 0x3c, 0x80, 0xf5, 0x62, 0xa5, 0x14, 0xa1, 0x3e, 0x18, 0x30, 0xff, 0x22, 0x8f
    dc.b    0xa2, 0x46, 0xa5, 0x12, 0xa1, 0x59, 0xa6, 0x12, 0xa2, 0x68, 0x66, 0xa4, 0x14, 0xa0, 0x40, 0xa5
    dc.b    0x14, 0xa1, 0x40, 0x08, 0x42, 0xa5, 0x12, 0xa1, 0x54, 0x80, 0x04, 0x0b, 0x42, 0xa6, 0x12, 0xa2
    dc.b    0x63, 0x62, 0xa5, 0x14, 0xa1, 0x3e, 0x0f, 0x46, 0xa5, 0x12, 0xa1, 0x59, 0xa6, 0x12, 0xa2, 0x5e
    dc.b    0x62, 0xa5, 0x14, 0xa1, 0x3c, 0x11, 0x22, 0x8e, 0xa0, 0x46, 0xa5, 0x12, 0xa1, 0x5e, 0xa6, 0x12
    dc.b    0xa2, 0x59, 0x80, 0x05, 0xb8, 0x02, 0x0a, 0x46, 0xa5, 0x12, 0xa1, 0x63, 0xa6, 0x12, 0xa2, 0x54
    dc.b    0x0a, 0x24, 0x8d, 0xae, 0x08, 0x42, 0xa5, 0x12, 0xa1, 0x68, 0x2f, 0x28, 0x89, 0x0c, 0xa8, 0x09
    dc.b    0xf2, 0x80, 0x01, 0x42, 0xa5, 0x12, 0xa1, 0xab, 0x80, 0xf1, 0x46, 0xa5, 0x12, 0xa1, 0xb0, 0xa6
    dc.b    0x12, 0xa2, 0x59, 0x80, 0x04, 0x62, 0xa4, 0x14, 0xa0, 0x3c, 0x80, 0xf4, 0x62, 0xa4, 0x14, 0xa0
    dc.b    0x3e, 0x82, 0x05, 0xf5, 0x62, 0xa5, 0x14, 0xa1, 0x3e, 0x18, 0x30, 0xff, 0x22, 0x8a, 0xaa, 0x46
    dc.b    0xa5, 0x12, 0xa1, 0xb5, 0xa6, 0x12, 0xa2, 0x5e, 0x66, 0xa4, 0x14, 0xa0, 0x40, 0xa5, 0x14, 0xa1
    dc.b    0x40, 0x08, 0x42, 0xa6, 0x12, 0xa2, 0x63, 0x80, 0x04, 0x0f, 0x46, 0xa5, 0x12, 0xa1, 0xb0, 0xa6
    dc.b    0x12, 0xa2, 0x68, 0x62, 0xa5, 0x14, 0xa1, 0x3e, 0x0b, 0x42, 0xa5, 0x12, 0xa1, 0xab, 0x62, 0xa5
    dc.b    0x14, 0xa1, 0x3c, 0x0f, 0x22, 0x89, 0xa8, 0x80, 0x01, 0x42, 0xa6, 0x12, 0xa2, 0x63, 0x80, 0x05
    dc.b    0xb8, 0x03, 0x06, 0x42, 0xa6, 0x12, 0xa2, 0x5e, 0x09, 0x22, 0x88, 0xa6, 0x42, 0xa6, 0x12, 0xa2
    dc.b    0x59, 0x37, 0x28, 0x83, 0x15, 0xaa, 0x0a, 0xf2, 0x80, 0x00, 0x42, 0xa4, 0x13, 0xa0, 0x8f, 0x84
    dc.b    0xf0, 0x01, 0xf1, 0x46, 0xa5, 0x12, 0xa1, 0xb0, 0xa6, 0x12, 0xa2, 0x54, 0x80, 0x04, 0x62, 0xa4
    dc.b    0x13, 0xa0, 0x8f, 0x80, 0xf4, 0x62, 0xa4, 0x13, 0xa0, 0x91, 0x80, 0x05, 0x62, 0xa5, 0x1a, 0xa1
    dc.b    0xab, 0x80, 0xf5, 0x62, 0xa5, 0x1a, 0xa1, 0xad, 0x14, 0x30, 0xff, 0x22, 0x84, 0xac, 0x42, 0xa5
    dc.b    0x12, 0xa1, 0xb5, 0x66, 0xa4, 0x13, 0xa0, 0x93, 0xa5, 0x1a, 0xa1, 0xaf, 0x06, 0x42, 0xa6, 0x12
    dc.b    0xa2, 0x59, 0x13, 0x46, 0xa5, 0x12, 0xa1, 0xb0, 0xa6, 0x12, 0xa2, 0x5e, 0x66, 0xa4, 0x13, 0xa0
    dc.b    0x91, 0xa5, 0x1a, 0xa1, 0xad, 0x13, 0x46, 0xa5, 0x12, 0xa1, 0xab, 0xa6, 0x12, 0xa2, 0x63, 0x66
    dc.b    0xa4, 0x13, 0xa0, 0x8f, 0xa5, 0x1a, 0xa1, 0xab, 0x16, 0x22, 0x83, 0xaa, 0x46, 0xa5, 0x12, 0xa1
    dc.b    0xa6, 0xa6, 0x12, 0xa2, 0x68, 0x66, 0xa4, 0x13, 0xa0, 0x8d, 0xa5, 0x1a, 0xa1, 0xa9, 0x0f, 0x42
    dc.b    0xa5, 0x12, 0xa1, 0xa1, 0x66, 0xa4, 0x13, 0xa0, 0x8b, 0xa5, 0x1a, 0xa1, 0xa7, 0x09, 0x22, 0x82
    dc.b    0xa8, 0x42, 0xa6, 0x12, 0xa2, 0x63, 0x19, 0x28, 0x8f, 0x0e, 0xaf, 0x0b, 0xf2, 0x46, 0xa5, 0x12
    dc.b    0xa1, 0xa6, 0xa6, 0x12, 0xa2, 0x5e, 0x66, 0xa4, 0x13, 0xa0, 0x8d, 0xa5, 0x1a, 0xa1, 0xa9, 0x1a
    dc.b    0x30, 0xff, 0x26, 0x80, 0x0f, 0xa1, 0x0c, 0x46, 0xa5, 0x12, 0xa1, 0xab, 0xa6, 0x12, 0xa2, 0x59
    dc.b    0x66, 0xa4, 0x13, 0xa0, 0x8f, 0xa5, 0x1a, 0xa1, 0xab, 0x13, 0x46, 0xa5, 0x12, 0xa1, 0xb0, 0xa6
    dc.b    0x12, 0xa2, 0x54, 0x66, 0xa4, 0x13, 0xa0, 0x91, 0xa5, 0x1a, 0xa1, 0xad, 0x0f, 0x42, 0xa5, 0x12
    dc.b    0xa1, 0xb5, 0x66, 0xa4, 0x13, 0xa0, 0x93, 0xa5, 0x1a, 0xa1, 0xaf, 0x06, 0x42, 0xa6, 0x12, 0xa2
    dc.b    0x59, 0x18, 0x26, 0x8f, 0x0e, 0xaf, 0x0b, 0x46, 0xa5, 0x12, 0xa1, 0xb0, 0xa6, 0x12, 0xa2, 0x5e
    dc.b    0x66, 0xa4, 0x13, 0xa0, 0x91, 0xa5, 0x1a, 0xa1, 0xad, 0x13, 0x46, 0xa5, 0x12, 0xa1, 0xab, 0xa6
    dc.b    0x12, 0xa2, 0x63, 0x66, 0xa4, 0x13, 0xa0, 0x8f, 0xa5, 0x1a, 0xa1, 0xab, 0x16, 0x22, 0x8e, 0xad
    dc.b    0x46, 0xa5, 0x12, 0xa1, 0xa6, 0xa6, 0x12, 0xa2, 0x68, 0x66, 0xa4, 0x13, 0xa0, 0x8d, 0xa5, 0x1a
    dc.b    0xa1, 0xa9, 0x26, 0x28, 0x89, 0x0c, 0xaa, 0x0c, 0xf2, 0x82, 0x00, 0xf0, 0x42, 0xa5, 0x12, 0xa1
    dc.b    0xa1, 0x80, 0x02, 0x42, 0xa6, 0x12, 0xa2, 0xab, 0x80, 0xf2, 0x42, 0xa6, 0x12, 0xa2, 0xb0, 0x66
    dc.b    0xa4, 0x13, 0xa0, 0x8b, 0xa5, 0x1a, 0xa1, 0xa7, 0x0b, 0x30, 0xff, 0x22, 0x8a, 0xac, 0x42, 0xa6
    dc.b    0x12, 0xa2, 0xb5, 0x0f, 0x42, 0xa5, 0x12, 0xa1, 0xa6, 0x66, 0xa4, 0x13, 0xa0, 0x8d, 0xa5, 0x1a
    dc.b    0xa1, 0xa9, 0x13, 0x46, 0xa5, 0x12, 0xa1, 0xab, 0xa6, 0x12, 0xa2, 0xb0, 0x66, 0xa4, 0x13, 0xa0
    dc.b    0x8f, 0xa5, 0x1a, 0xa1, 0xab, 0x13, 0x46, 0xa5, 0x12, 0xa1, 0xb0, 0xa6, 0x12, 0xa2, 0xab, 0x66
    dc.b    0xa4, 0x13, 0xa0, 0x91, 0xa5, 0x1a, 0xa1, 0xad, 0x14, 0x22, 0x89, 0xaa, 0x42, 0xa5, 0x12, 0xa1
    dc.b    0xb5, 0x80, 0x02, 0x66, 0xa4, 0x13, 0xa0, 0x93, 0xa5, 0x1a, 0xa1, 0xaf, 0x01, 0x12, 0x22, 0x88
    dc.b    0xa8, 0x42, 0xa5, 0x12, 0xa1, 0xb0, 0x66, 0xa4, 0x13, 0xa0, 0x91, 0xa5, 0x1a, 0xa1, 0xad, 0x20
    dc.b    0x28, 0x8f, 0x0e, 0xa4, 0x15, 0xf2, 0x82, 0x00, 0xf0, 0x42, 0xa5, 0x12, 0xa1, 0xab, 0x82, 0x02
    dc.b    0xf2, 0x42, 0xa6, 0x12, 0xa2, 0xb0, 0x66, 0xa4, 0x13, 0xa0, 0x8f, 0xa5, 0x1a, 0xa1, 0xab, 0x19
    dc.b    0x30, 0xff, 0x24, 0x80, 0x0f, 0xa6, 0x46, 0xa5, 0x12, 0xa1, 0xa6, 0xa6, 0x12, 0xa2, 0xb5, 0x66
    dc.b    0xa4, 0x13, 0xa0, 0x8d, 0xa5, 0x1a, 0xa1, 0xa9, 0x0f, 0x42, 0xa5, 0x12, 0xa1, 0xa1, 0x66, 0xa4
    dc.b    0x13, 0xa0, 0x8b, 0xa5, 0x1a, 0xa1, 0xa7, 0x06, 0x42, 0xa6, 0x12, 0xa2, 0xb0, 0x13, 0x46, 0xa5
    dc.b    0x12, 0xa1, 0xa6, 0xa6, 0x12, 0xa2, 0xab, 0x66, 0xa4, 0x13, 0xa0, 0x8d, 0xa5, 0x1a, 0xa1, 0xa9
    dc.b    0x19, 0x24, 0x8f, 0x0e, 0xa4, 0x46, 0xa5, 0x12, 0xa1, 0xab, 0xa6, 0x12, 0xa2, 0xa6, 0x66, 0xa4
    dc.b    0x13, 0xa0, 0x8f, 0xa5, 0x1a, 0xa1, 0xab, 0xb8, 0x01, 0x13, 0x46, 0xa5, 0x12, 0xa1, 0xb0, 0xa6
    dc.b    0x12, 0xa2, 0xa1, 0x66, 0xa4, 0x13, 0xa0, 0x91, 0xa5, 0x1a, 0xa1, 0xad, 0x12, 0x22, 0x8e, 0xa2
    dc.b    0x42, 0xa5, 0x12, 0xa1, 0xb5, 0x66, 0xa4, 0x13, 0xa0, 0x93, 0xa5, 0x1a, 0xa1, 0xaf, 0x31, 0x28
    dc.b    0x89, 0x0a, 0xa0, 0x0f, 0xf2, 0x80, 0x00, 0x42, 0xa4, 0x1b, 0xa0, 0x8f, 0x80, 0xf0, 0x42, 0xa6
    dc.b    0x12, 0xa2, 0xa6, 0x80, 0x04, 0x62, 0xa4, 0x13, 0xa0, 0x8f, 0x80, 0xf4, 0x62, 0xa4, 0x13, 0xa0
    dc.b    0x91, 0x80, 0x05, 0x62, 0xa5, 0x13, 0xa1, 0x8f, 0x80, 0xf5, 0x62, 0xa5, 0x13, 0xa1, 0x91, 0x18
    dc.b    0x30, 0xff, 0x22, 0x8a, 0xa2, 0x46, 0xa5, 0x12, 0xa1, 0xb0, 0xa6, 0x12, 0xa2, 0xab, 0x66, 0xa4
    dc.b    0x13, 0xa0, 0x93, 0xa5, 0x13, 0xa1, 0x93, 0x0c, 0x46, 0xa5, 0x12, 0xa1, 0xab, 0xa6, 0x12, 0xa2
    dc.b    0xb0, 0x80, 0x04, 0x0f, 0x46, 0xa5, 0x12, 0xa1, 0xa6, 0xa6, 0x12, 0xa2, 0xb5, 0x62, 0xa5, 0x13
    dc.b    0xa1, 0x91, 0x0b, 0x42, 0xa5, 0x12, 0xa1, 0xa1, 0x62, 0xa5, 0x13, 0xa1, 0x8f, 0x0d, 0x22, 0x89
    dc.b    0xa0, 0x80, 0x00, 0x42, 0xa6, 0x12, 0xa2, 0xb0, 0x80, 0x05, 0x0a, 0x46, 0xa5, 0x12, 0xa1, 0xa6
    dc.b    0xa6, 0x12, 0xa2, 0xab, 0x0e, 0x24, 0x88, 0xae, 0x0e, 0x46, 0xa5, 0x12, 0xa1, 0xab, 0xa6, 0x12
    dc.b    0xa2, 0xa6, 0x2f, 0x28, 0x89, 0x0c, 0xaa, 0x0c, 0xf2, 0x80, 0x00, 0x42, 0xa4, 0x13, 0xa0, 0x8f
    dc.b    0x80, 0xf0, 0x46, 0xa5, 0x12, 0xa1, 0xb0, 0xa6, 0x12, 0xa2, 0xa1, 0x80, 0x04, 0x62, 0xa4, 0x13
    dc.b    0xa0, 0x8f, 0x80, 0xf4, 0x62, 0xa4, 0x13, 0xa0, 0x91, 0x82, 0x05, 0xf5, 0x62, 0xa5, 0x13, 0xa1
    dc.b    0x91, 0x14, 0x30, 0xff, 0x22, 0x8a, 0xac, 0x42, 0xa5, 0x12, 0xa1, 0xb5, 0x66, 0xa4, 0x13, 0xa0
    dc.b    0x93, 0xa5, 0x13, 0xa1, 0x93, 0x08, 0x42, 0xa6, 0x12, 0xa2, 0xa6, 0x80, 0x04, 0x0f, 0x46, 0xa5
    dc.b    0x12, 0xa1, 0xb0, 0xa6, 0x12, 0xa2, 0xab, 0x62, 0xa5, 0x13, 0xa1, 0x91, 0x0f, 0x46, 0xa5, 0x12
    dc.b    0xa1, 0xab, 0xa6, 0x12, 0xa2, 0xb0, 0x62, 0xa5, 0x13, 0xa1, 0x8f, 0x11, 0x22, 0x89, 0xaa, 0x46
    dc.b    0xa5, 0x12, 0xa1, 0xa6, 0xa6, 0x12, 0xa2, 0xb5, 0x80, 0x05, 0xb8, 0x02, 0x06, 0x42, 0xa5, 0x12
    dc.b    0xa1, 0xa1, 0x09, 0x22, 0x88, 0xa8, 0x42, 0xa6, 0x12, 0xa2, 0xb0, 0x31, 0x28, 0x89, 0x0a, 0xa0
    dc.b    0x0f, 0xf2, 0x84, 0x00, 0xf0, 0x01, 0x42, 0xa5, 0x0c, 0xa1, 0x7c, 0x80, 0xf1, 0x46, 0xa5, 0x0c
    dc.b    0xa1, 0x81, 0xa6, 0x12, 0xa2, 0xab, 0x80, 0x04, 0x62, 0xa4, 0x13, 0xa0, 0x8f, 0x80, 0xf4, 0x62
    dc.b    0xa4, 0x13, 0xa0, 0x91, 0x82, 0x05, 0xf5, 0x62, 0xa5, 0x13, 0xa1, 0x91, 0x18, 0x30, 0xff, 0x22
    dc.b    0x8a, 0xa2, 0x46, 0xa5, 0x0c, 0xa1, 0x86, 0xa6, 0x12, 0xa2, 0xa6, 0x66, 0xa4, 0x13, 0xa0, 0x93
    dc.b    0xa5, 0x13, 0xa1, 0x93, 0x08, 0x42, 0xa6, 0x12, 0xa2, 0xa1, 0x80, 0x04, 0x0b, 0x42, 0xa5, 0x0c
    dc.b    0xa1, 0x81, 0x62, 0xa5, 0x13, 0xa1, 0x91, 0x0f, 0x46, 0xa5, 0x0c, 0xa1, 0x7c, 0xa6, 0x12, 0xa2
    dc.b    0xa6, 0x62, 0xa5, 0x13, 0xa1, 0x8f, 0x0d, 0x22, 0x89, 0xa0, 0x80, 0x01, 0x42, 0xa6, 0x12, 0xa2
    dc.b    0xab, 0x80, 0x05, 0x06, 0x42, 0xa6, 0x12, 0xa2, 0xb0, 0x0a, 0x24, 0x88, 0xae, 0x0e, 0x42, 0xa6
    dc.b    0x12, 0xa2, 0xb5, 0x2c, 0x28, 0x89, 0x0c, 0xaa, 0x0a, 0xf2, 0x82, 0x00, 0x01, 0x42, 0xa5, 0x12
    dc.b    0xa1, 0x5e, 0x80, 0xf1, 0x42, 0xa5, 0x12, 0xa1, 0x63, 0x80, 0x04, 0x62, 0xa4, 0x13, 0xa0, 0x8f
    dc.b    0x80, 0xf4, 0x62, 0xa4, 0x13, 0xa0, 0x91, 0x82, 0x05, 0xf5, 0x62, 0xa5, 0x13, 0xa1, 0x91, 0x18
    dc.b    0x30, 0xff, 0x22, 0x8a, 0xac, 0x46, 0xa5, 0x12, 0xa1, 0x68, 0xa6, 0x12, 0xa2, 0xb0, 0x66, 0xa4
    dc.b    0x13, 0xa0, 0x93, 0xa5, 0x13, 0xa1, 0x93, 0x08, 0x42, 0xa6, 0x12, 0xa2, 0xab, 0x80, 0x04, 0x0f
    dc.b    0x46, 0xa5, 0x12, 0xa1, 0x63, 0xa6, 0x12, 0xa2, 0xa6, 0x62, 0xa5, 0x13, 0xa1, 0x91, 0x0f, 0x46
    dc.b    0xa5, 0x12, 0xa1, 0x5e, 0xa6, 0x12, 0xa2, 0xa1, 0x62, 0xa5, 0x13, 0xa1, 0x8f, 0x09, 0x22, 0x89
    dc.b    0xaa, 0x82, 0x01, 0x05, 0xb8, 0x02, 0x06, 0x42, 0xa6, 0x12, 0xa2, 0xa6, 0x09, 0x22, 0x88, 0xa8
    dc.b    0x42, 0xa6, 0x12, 0xa2, 0xab, 0x2f, 0x28, 0x8d, 0x11, 0xaa, 0x0c, 0xf2, 0x80, 0x01, 0x42, 0xa5
    dc.b    0x12, 0xa1, 0xab, 0x80, 0xf1, 0x46, 0xa5, 0x12, 0xa1, 0xb0, 0xa6, 0x12, 0xa2, 0xb0, 0x80, 0x04
    dc.b    0x62, 0xa4, 0x13, 0xa0, 0x8f, 0x80, 0xf4, 0x62, 0xa4, 0x13, 0xa0, 0x91, 0x82, 0x05, 0xf5, 0x62
    dc.b    0xa5, 0x13, 0xa1, 0x91, 0x18, 0x30, 0xff, 0x22, 0x8e, 0xac, 0x46, 0xa5, 0x12, 0xa1, 0xb5, 0xa6
    dc.b    0x12, 0xa2, 0xb5, 0x66, 0xa4, 0x13, 0xa0, 0x93, 0xa5, 0x13, 0xa1, 0x93, 0x03, 0x80, 0x04, 0x0f
    dc.b    0x46, 0xa5, 0x12, 0xa1, 0xb0, 0xa6, 0x12, 0xa2, 0xb0, 0x62, 0xa5, 0x13, 0xa1, 0x91, 0x0f, 0x46
    dc.b    0xa5, 0x12, 0xa1, 0xab, 0xa6, 0x12, 0xa2, 0xab, 0x62, 0xa5, 0x13, 0xa1, 0x8f, 0x0f, 0x22, 0x8d
    dc.b    0xaa, 0x46, 0xa5, 0x12, 0xa1, 0xa6, 0xa6, 0x12, 0xa2, 0xa6, 0x80, 0x05, 0x0a, 0x46, 0xa5, 0x12
    dc.b    0xa1, 0xa1, 0xa6, 0x12, 0xa2, 0xa1, 0x04, 0x22, 0x8c, 0xa8, 0x30, 0x28, 0x8f, 0x0e, 0xaa, 0x0a
    dc.b    0xf2, 0x42, 0xa5, 0x12, 0xa1, 0xa6, 0x80, 0x02, 0x42, 0xa6, 0x0c, 0xa2, 0x7c, 0x80, 0xf2, 0x42
    dc.b    0xa6, 0x0c, 0xa2, 0x81, 0x80, 0x04, 0x62, 0xa4, 0x13, 0xa0, 0x8f, 0x80, 0xf4, 0x62, 0xa4, 0x13
    dc.b    0xa0, 0x91, 0x82, 0x05, 0xf5, 0x62, 0xa5, 0x13, 0xa1, 0x91, 0x19, 0x30, 0xff, 0x24, 0x80, 0x0f
    dc.b    0xac, 0x46, 0xa5, 0x12, 0xa1, 0xab, 0xa6, 0x0c, 0xa2, 0x86, 0x66, 0xa4, 0x13, 0xa0, 0x93, 0xa5
    dc.b    0x13, 0xa1, 0x93, 0x08, 0x42, 0xa5, 0x12, 0xa1, 0xb0, 0x80, 0x04, 0x0f, 0x46, 0xa5, 0x12, 0xa1
    dc.b    0xb5, 0xa6, 0x0c, 0xa2, 0x81, 0x62, 0xa5, 0x13, 0xa1, 0x91, 0x0b, 0x42, 0xa6, 0x0c, 0xa2, 0x7c
    dc.b    0x62, 0xa5, 0x13, 0xa1, 0x8f, 0x0d, 0x24, 0x8f, 0x0e, 0xaa, 0x42, 0xa5, 0x12, 0xa1, 0xb0, 0x82
    dc.b    0x02, 0x05, 0x06, 0x42, 0xa5, 0x12, 0xa1, 0xab, 0x09, 0x22, 0x8e, 0xa8, 0x42, 0xa5, 0x12, 0xa1
    dc.b    0xa6, 0x47, 0x28, 0x89, 0x0c, 0xaa, 0x0c, 0xf2, 0x80, 0x00, 0x42, 0xa4, 0x14, 0xa0, 0x7c, 0x82
    dc.b    0xf0, 0x01, 0x42, 0xa5, 0x0c, 0xa1, 0x7c, 0x80, 0xf1, 0x42, 0xa5, 0x0c, 0xa1, 0x81, 0x80, 0x02
    dc.b    0x42, 0xa6, 0x12, 0xa2, 0x5e, 0x80, 0xf2, 0x42, 0xa6, 0x12, 0xa2, 0x63, 0x80, 0x04, 0x62, 0xa4
    dc.b    0x13, 0xa0, 0x8f, 0x80, 0xf4, 0x62, 0xa4, 0x13, 0xa0, 0x91, 0x80, 0x05, 0x62, 0xa5, 0x1a, 0xa1
    dc.b    0xab, 0x80, 0xf5, 0x62, 0xa5, 0x1a, 0xa1, 0xad, 0x18, 0x30, 0xff, 0x22, 0x8a, 0xac, 0x46, 0xa5
    dc.b    0x0c, 0xa1, 0x86, 0xa6, 0x12, 0xa2, 0x68, 0x66, 0xa4, 0x13, 0xa0, 0x93, 0xa5, 0x1a, 0xa1, 0xaf
    dc.b    0x01, 0x13, 0x46, 0xa5, 0x0c, 0xa1, 0x81, 0xa6, 0x12, 0xa2, 0x63, 0x66, 0xa4, 0x13, 0xa0, 0x91
    dc.b    0xa5, 0x1a, 0xa1, 0xad, 0x13, 0x46, 0xa5, 0x0c, 0xa1, 0x7c, 0xa6, 0x12, 0xa2, 0x5e, 0x66, 0xa4
    dc.b    0x13, 0xa0, 0x8f, 0xa5, 0x1a, 0xa1, 0xab, 0x12, 0x22, 0x89, 0xaa, 0x82, 0x01, 0x02, 0x66, 0xa4
    dc.b    0x13, 0xa0, 0x8d, 0xa5, 0x1a, 0xa1, 0xa9, 0xb8, 0x02, 0x0a, 0x66, 0xa4, 0x13, 0xa0, 0x8b, 0xa5
    dc.b    0x1a, 0xa1, 0xa7, 0x04, 0x22, 0x88, 0xa8, 0x2d, 0x28, 0x8f, 0x0e, 0xae, 0x11, 0xf2, 0x82, 0x00
    dc.b    0x01, 0x42, 0xa5, 0x12, 0xa1, 0x5e, 0x80, 0xf1, 0x42, 0xa5, 0x12, 0xa1, 0x63, 0x80, 0x02, 0x42
    dc.b    0xa6, 0x12, 0xa2, 0xab, 0x80, 0xf2, 0x42, 0xa6, 0x12, 0xa2, 0xb0, 0x66, 0xa4, 0x13, 0xa0, 0x8d
    dc.b    0xa5, 0x1a, 0xa1, 0xa9, 0x1a, 0x30, 0xff, 0x26, 0x80, 0x0f, 0xa0, 0x12, 0x46, 0xa5, 0x12, 0xa1
    dc.b    0x68, 0xa6, 0x12, 0xa2, 0xb5, 0x66, 0xa4, 0x13, 0xa0, 0x8f, 0xa5, 0x1a, 0xa1, 0xab, 0x0a, 0x66
    dc.b    0xa4, 0x13, 0xa0, 0x91, 0xa5, 0x1a, 0xa1, 0xad, 0x13, 0x46, 0xa5, 0x12, 0xa1, 0x63, 0xa6, 0x12
    dc.b    0xa2, 0xb0, 0x66, 0xa4, 0x13, 0xa0, 0x93, 0xa5, 0x1a, 0xa1, 0xaf, 0x0a, 0x46, 0xa5, 0x12, 0xa1
    dc.b    0x5e, 0xa6, 0x12, 0xa2, 0xab, 0x18, 0x26, 0x8f, 0x0e, 0xae, 0x11, 0x80, 0x01, 0x42, 0xa6, 0x12
    dc.b    0xa2, 0xa6, 0x66, 0xa4, 0x13, 0xa0, 0x91, 0xa5, 0x1a, 0xa1, 0xad, 0xb8, 0x01, 0x0f, 0x42, 0xa6
    dc.b    0x12, 0xa2, 0xa1, 0x66, 0xa4, 0x13, 0xa0, 0x8f, 0xa5, 0x1a, 0xa1, 0xab, 0x0d, 0x22, 0x8e, 0xac
    dc.b    0x66, 0xa4, 0x13, 0xa0, 0x8d, 0xa5, 0x1a, 0xa1, 0xa9, 0x2a, 0x28, 0x89, 0x0a, 0xa0, 0x0f, 0xf2
    dc.b    0x80, 0x00, 0x42, 0xa4, 0x1c, 0xa0, 0x7c, 0x82, 0xf0, 0x01, 0x42, 0xa5, 0x12, 0xa1, 0xab, 0x80
    dc.b    0xf1, 0x46, 0xa5, 0x12, 0xa1, 0xb0, 0xa6, 0x12, 0xa2, 0xa6, 0x66, 0xa4, 0x13, 0xa0, 0x8b, 0xa5
    dc.b    0x1a, 0xa1, 0xa7, 0x0f, 0x30, 0xff, 0x22, 0x8a, 0xa2, 0x46, 0xa5, 0x12, 0xa1, 0xb5, 0xa6, 0x12
    dc.b    0xa2, 0xab, 0x0f, 0x42, 0xa6, 0x12, 0xa2, 0xb0, 0x66, 0xa4, 0x13, 0xa0, 0x8d, 0xa5, 0x1a, 0xa1
    dc.b    0xa9, 0x13, 0x46, 0xa5, 0x12, 0xa1, 0xb0, 0xa6, 0x12, 0xa2, 0xb5, 0x66, 0xa4, 0x13, 0xa0, 0x8f
    dc.b    0xa5, 0x1a, 0xa1, 0xab, 0x0f, 0x42, 0xa5, 0x12, 0xa1, 0xab, 0x66, 0xa4, 0x13, 0xa0, 0x91, 0xa5
    dc.b    0x1a, 0xa1, 0xad, 0x17, 0x22, 0x89, 0xa0, 0x82, 0x00, 0x01, 0x42, 0xa6, 0x12, 0xa2, 0xb0, 0x66
    dc.b    0xa4, 0x13, 0xa0, 0x93, 0xa5, 0x1a, 0xa1, 0xaf, 0xb8, 0x02, 0x06, 0x42, 0xa6, 0x12, 0xa2, 0xab
    dc.b    0x13, 0x24, 0x88, 0xae, 0x0e, 0x42, 0xa6, 0x12, 0xa2, 0xa6, 0x66, 0xa4, 0x13, 0xa0, 0x91, 0xa5
    dc.b    0x1a, 0xa1, 0xad, 0x34, 0x28, 0x89, 0x0c, 0xaa, 0x0c, 0xf2, 0x80, 0x00, 0x42, 0xa4, 0x14, 0xa0
    dc.b    0x7c, 0x82, 0xf0, 0x01, 0x42, 0xa5, 0x13, 0xa1, 0x2d, 0x80, 0xf1, 0x42, 0xa5, 0x13, 0xa1, 0x32
    dc.b    0x80, 0x02, 0x42, 0xa6, 0x0c, 0xa2, 0x7c, 0x80, 0xf2, 0x42, 0xa6, 0x0c, 0xa2, 0x81, 0x66, 0xa4
    dc.b    0x13, 0xa0, 0x8f, 0xa5, 0x1a, 0xa1, 0xab, 0x18, 0x30, 0xff, 0x22, 0x8a, 0xac, 0x46, 0xa5, 0x13
    dc.b    0xa1, 0x37, 0xa6, 0x0c, 0xa2, 0x86, 0x66, 0xa4, 0x13, 0xa0, 0x8d, 0xa5, 0x1a, 0xa1, 0xa9, 0x0a
    dc.b    0x66, 0xa4, 0x13, 0xa0, 0x8b, 0xa5, 0x1a, 0xa1, 0xa7, 0x0a, 0x46, 0xa5, 0x13, 0xa1, 0x32, 0xa6
    dc.b    0x0c, 0xa2, 0x81, 0x13, 0x46, 0xa5, 0x13, 0xa1, 0x2d, 0xa6, 0x0c, 0xa2, 0x7c, 0x66, 0xa4, 0x13
    dc.b    0xa0, 0x8d, 0xa5, 0x1a, 0xa1, 0xa9, 0x10, 0x22, 0x89, 0xaa, 0x82, 0x01, 0x02, 0x66, 0xa4, 0x13
    dc.b    0xa0, 0x8f, 0xa5, 0x1a, 0xa1, 0xab, 0x0a, 0x66, 0xa4, 0x13, 0xa0, 0x91, 0xa5, 0x1a, 0xa1, 0xad
    dc.b    0x0d, 0x22, 0x88, 0xa8, 0x66, 0xa4, 0x13, 0xa0, 0x93, 0xa5, 0x1a, 0xa1, 0xaf, 0x41, 0x28, 0x89
    dc.b    0x0a, 0xa0, 0x0f, 0xf2, 0x84, 0x00, 0xf0, 0x01, 0x42, 0xa5, 0x12, 0xa1, 0xd3, 0x80, 0xf1, 0x42
    dc.b    0xa5, 0x12, 0xa1, 0xd8, 0x80, 0x02, 0x42, 0xa6, 0x12, 0xa2, 0x5e, 0x80, 0xf2, 0x42, 0xa6, 0x12
    dc.b    0xa2, 0x63, 0x80, 0x04, 0x62, 0xa4, 0x13, 0xa0, 0x8f, 0x80, 0xf4, 0x62, 0xa4, 0x13, 0xa0, 0x91
    dc.b    0x80, 0x05, 0x62, 0xa5, 0x13, 0xa1, 0x8f, 0x80, 0xf5, 0x62, 0xa5, 0x13, 0xa1, 0x91, 0x18, 0x30
    dc.b    0xff, 0x22, 0x8a, 0xa2, 0x46, 0xa5, 0x12, 0xa1, 0xdd, 0xa6, 0x12, 0xa2, 0x68, 0x66, 0xa4, 0x13
    dc.b    0xa0, 0x93, 0xa5, 0x13, 0xa1, 0x93, 0x03, 0x80, 0x04, 0x0f, 0x46, 0xa5, 0x12, 0xa1, 0xd8, 0xa6
    dc.b    0x12, 0xa2, 0x63, 0x62, 0xa5, 0x13, 0xa1, 0x91, 0x0f, 0x46, 0xa5, 0x12, 0xa1, 0xd3, 0xa6, 0x12
    dc.b    0xa2, 0x5e, 0x62, 0xa5, 0x13, 0xa1, 0x8f, 0x0a, 0x22, 0x89, 0xa0, 0x84, 0x01, 0x02, 0x05, 0xb8
    dc.b    0x02, 0x01, 0x05, 0x24, 0x88, 0xae, 0x0e, 0x3a, 0x28, 0x89, 0x0c, 0xaa, 0x0a, 0xf2, 0x82, 0x00
    dc.b    0x01, 0x42, 0xa5, 0x12, 0xa1, 0xab, 0x80, 0xf1, 0x42, 0xa5, 0x12, 0xa1, 0xb0, 0x80, 0x02, 0x42
    dc.b    0xa6, 0x12, 0xa2, 0xab, 0x80, 0xf2, 0x42, 0xa6, 0x12, 0xa2, 0xb0, 0x80, 0x04, 0x62, 0xa4, 0x13
    dc.b    0xa0, 0x8f, 0x80, 0xf4, 0x62, 0xa4, 0x13, 0xa0, 0x91, 0x82, 0x05, 0xf5, 0x62, 0xa5, 0x13, 0xa1
    dc.b    0x91, 0x18, 0x30, 0xff, 0x22, 0x8a, 0xac, 0x46, 0xa5, 0x12, 0xa1, 0xb5, 0xa6, 0x12, 0xa2, 0xb5
    dc.b    0x66, 0xa4, 0x13, 0xa0, 0x93, 0xa5, 0x13, 0xa1, 0x93, 0x03, 0x80, 0x04, 0x0f, 0x46, 0xa5, 0x12
    dc.b    0xa1, 0xb0, 0xa6, 0x12, 0xa2, 0xb0, 0x62, 0xa5, 0x13, 0xa1, 0x91, 0x0f, 0x46, 0xa5, 0x12, 0xa1
    dc.b    0xab, 0xa6, 0x12, 0xa2, 0xab, 0x62, 0xa5, 0x13, 0xa1, 0x8f, 0x0a, 0x22, 0x89, 0xaa, 0x84, 0x01
    dc.b    0x02, 0x05, 0xb8, 0x02, 0x01, 0x04, 0x22, 0x88, 0xa8, 0x47, 0x28, 0x8e, 0x12, 0xaa, 0x0c, 0xf2
    dc.b    0x80, 0x00, 0x42, 0xa4, 0x1a, 0xa0, 0x5e, 0x82, 0xf0, 0x01, 0x42, 0xa5, 0x12, 0xa1, 0xd3, 0x80
    dc.b    0xf1, 0x42, 0xa5, 0x12, 0xa1, 0xd8, 0x80, 0x02, 0x42, 0xa6, 0x13, 0xa2, 0x2d, 0x80, 0xf2, 0x42
    dc.b    0xa6, 0x13, 0xa2, 0x32, 0x80, 0x04, 0x62, 0xa4, 0x1a, 0xa0, 0x5e, 0x80, 0xf4, 0x62, 0xa4, 0x1a
    dc.b    0xa0, 0x60, 0x80, 0x05, 0x62, 0xa5, 0x1b, 0xa1, 0x8f, 0x80, 0xf5, 0x62, 0xa5, 0x1b, 0xa1, 0x91
    dc.b    0x18, 0x30, 0xff, 0x22, 0x8f, 0xac, 0x46, 0xa5, 0x12, 0xa1, 0xdd, 0xa6, 0x13, 0xa2, 0x37, 0x66
    dc.b    0xa4, 0x1a, 0xa0, 0x62, 0xa5, 0x1b, 0xa1, 0x93, 0x01, 0x13, 0x46, 0xa5, 0x12, 0xa1, 0xd8, 0xa6
    dc.b    0x13, 0xa2, 0x32, 0x66, 0xa4, 0x1a, 0xa0, 0x60, 0xa5, 0x1b, 0xa1, 0x91, 0x13, 0x46, 0xa5, 0x12
    dc.b    0xa1, 0xd3, 0xa6, 0x13, 0xa2, 0x2d, 0x66, 0xa4, 0x1a, 0xa0, 0x5e, 0xa5, 0x1b, 0xa1, 0x8f, 0x14
    dc.b    0x22, 0x8e, 0xaa, 0x42, 0xa5, 0x12, 0xa1, 0xce, 0x80, 0x02, 0x66, 0xa4, 0x1a, 0xa0, 0x5c, 0xa5
    dc.b    0x1b, 0xa1, 0x8d, 0x0f, 0x42, 0xa5, 0x12, 0xa1, 0xc9, 0x66, 0xa4, 0x1a, 0xa0, 0x5a, 0xa5, 0x1b
    dc.b    0xa1, 0x8b, 0x04, 0x22, 0x8d, 0xa8, 0x23, 0x28, 0x82, 0x0e, 0xaa, 0x0a, 0xf2, 0x42, 0xa5, 0x12
    dc.b    0xa1, 0xce, 0x80, 0x02, 0x42, 0xa6, 0x12, 0xa2, 0xd3, 0x80, 0xf2, 0x42, 0xa6, 0x12, 0xa2, 0xd8
    dc.b    0x66, 0xa4, 0x1a, 0xa0, 0x5c, 0xa5, 0x1b, 0xa1, 0x8d, 0x18, 0x30, 0xff, 0x22, 0x83, 0xac, 0x46
    dc.b    0xa5, 0x12, 0xa1, 0xd3, 0xa6, 0x12, 0xa2, 0xdd, 0x66, 0xa4, 0x1a, 0xa0, 0x5e, 0xa5, 0x1b, 0xa1
    dc.b    0x8f, 0x0f, 0x42, 0xa5, 0x12, 0xa1, 0xd8, 0x66, 0xa4, 0x1a, 0xa0, 0x60, 0xa5, 0x1b, 0xa1, 0x91
    dc.b    0x13, 0x46, 0xa5, 0x12, 0xa1, 0xdd, 0xa6, 0x12, 0xa2, 0xd8, 0x66, 0xa4, 0x1a, 0xa0, 0x62, 0xa5
    dc.b    0x1b, 0xa1, 0x93, 0x06, 0x42, 0xa6, 0x12, 0xa2, 0xd3, 0x14, 0x22, 0x82, 0xaa, 0x42, 0xa5, 0x12
    dc.b    0xa1, 0xd8, 0x80, 0x02, 0x66, 0xa4, 0x1a, 0xa0, 0x60, 0xa5, 0x1b, 0xa1, 0x91, 0x0f, 0x42, 0xa5
    dc.b    0x12, 0xa1, 0xd3, 0x66, 0xa4, 0x1a, 0xa0, 0x5e, 0xa5, 0x1b, 0xa1, 0x8f, 0x12, 0x22, 0x81, 0xa8
    dc.b    0x42, 0xa5, 0x12, 0xa1, 0xce, 0x66, 0xa4, 0x1a, 0xa0, 0x5c, 0xa5, 0x1b, 0xa1, 0x8d, 0x26, 0x28
    dc.b    0x8e, 0x0b, 0xaa, 0x0c, 0xf2, 0x82, 0x00, 0xf0, 0x42, 0xa5, 0x12, 0xa1, 0xc9, 0x80, 0x02, 0x42
    dc.b    0xa6, 0x12, 0xa2, 0xab, 0x80, 0xf2, 0x42, 0xa6, 0x12, 0xa2, 0xb0, 0x66, 0xa4, 0x1a, 0xa0, 0x5a
    dc.b    0xa5, 0x1b, 0xa1, 0x8b, 0x0b, 0x30, 0xff, 0x22, 0x8f, 0xac, 0x42, 0xa6, 0x12, 0xa2, 0xb5, 0x0f
    dc.b    0x42, 0xa5, 0x12, 0xa1, 0xce, 0x66, 0xa4, 0x1a, 0xa0, 0x5c, 0xa5, 0x1b, 0xa1, 0x8d, 0x13, 0x46
    dc.b    0xa5, 0x12, 0xa1, 0xd3, 0xa6, 0x12, 0xa2, 0xb0, 0x66, 0xa4, 0x1a, 0xa0, 0x5e, 0xa5, 0x1b, 0xa1
    dc.b    0x8f, 0x13, 0x46, 0xa5, 0x12, 0xa1, 0xd8, 0xa6, 0x12, 0xa2, 0xab, 0x66, 0xa4, 0x1a, 0xa0, 0x60
    dc.b    0xa5, 0x1b, 0xa1, 0x91, 0x16, 0x22, 0x8e, 0xaa, 0x42, 0xa5, 0x12, 0xa1, 0xdd, 0x80, 0x02, 0x66
    dc.b    0xa4, 0x1a, 0xa0, 0x62, 0xa5, 0x1b, 0xa1, 0x93, 0xb8, 0x02, 0x01, 0x12, 0x22, 0x8d, 0xa8, 0x42
    dc.b    0xa5, 0x12, 0xa1, 0xd8, 0x66, 0xa4, 0x1a, 0xa0, 0x60, 0xa5, 0x1b, 0xa1, 0x91, 0x26, 0x28, 0x82
    dc.b    0x0e, 0xaf, 0x12, 0xf2, 0x82, 0x00, 0xf0, 0x42, 0xa5, 0x12, 0xa1, 0xd3, 0x80, 0x02, 0x42, 0xa6
    dc.b    0x12, 0xa2, 0xd3, 0x80, 0xf2, 0x42, 0xa6, 0x12, 0xa2, 0xd8, 0x66, 0xa4, 0x1a, 0xa0, 0x5e, 0xa5
    dc.b    0x1b, 0xa1, 0x8f, 0x19, 0x30, 0xff, 0x24, 0x83, 0xa1, 0x13, 0x46, 0xa5, 0x12, 0xa1, 0xce, 0xa6
    dc.b    0x12, 0xa2, 0xdd, 0x66, 0xa4, 0x1a, 0xa0, 0x5c, 0xa5, 0x1b, 0xa1, 0x8d, 0x0f, 0x42, 0xa5, 0x12
    dc.b    0xa1, 0xc9, 0x66, 0xa4, 0x1a, 0xa0, 0x5a, 0xa5, 0x1b, 0xa1, 0x8b, 0x06, 0x42, 0xa6, 0x12, 0xa2
    dc.b    0xd8, 0x13, 0x46, 0xa5, 0x12, 0xa1, 0xce, 0xa6, 0x12, 0xa2, 0xd3, 0x66, 0xa4, 0x1a, 0xa0, 0x5c
    dc.b    0xa5, 0x1b, 0xa1, 0x8d, 0x19, 0x24, 0x82, 0xaf, 0x12, 0x46, 0xa5, 0x12, 0xa1, 0xd3, 0xa6, 0x12
    dc.b    0xa2, 0xce, 0x66, 0xa4, 0x1a, 0xa0, 0x5e, 0xa5, 0x1b, 0xa1, 0x8f, 0xb8, 0x01, 0x13, 0x46, 0xa5
    dc.b    0x12, 0xa1, 0xd8, 0xa6, 0x12, 0xa2, 0xc9, 0x66, 0xa4, 0x1a, 0xa0, 0x60, 0xa5, 0x1b, 0xa1, 0x91
    dc.b    0x12, 0x22, 0x81, 0xad, 0x42, 0xa5, 0x12, 0xa1, 0xdd, 0x66, 0xa4, 0x1a, 0xa0, 0x62, 0xa5, 0x1b
    dc.b    0xa1, 0x93, 0x31, 0x28, 0x8e, 0x0b, 0xa3, 0x0e, 0xf2, 0x80, 0x00, 0x42, 0xa4, 0x22, 0xa0, 0x5e
    dc.b    0x80, 0xf0, 0x42, 0xa6, 0x12, 0xa2, 0xce, 0x80, 0x04, 0x62, 0xa4, 0x1a, 0xa0, 0x5e, 0x80, 0xf4
    dc.b    0x62, 0xa4, 0x1a, 0xa0, 0x60, 0x80, 0x05, 0x62, 0xa5, 0x1a, 0xa1, 0x5e, 0x80, 0xf5, 0x62, 0xa5
    dc.b    0x1a, 0xa1, 0x60, 0x18, 0x30, 0xff, 0x22, 0x8f, 0xa5, 0x46, 0xa5, 0x12, 0xa1, 0xd8, 0xa6, 0x12
    dc.b    0xa2, 0xd3, 0x66, 0xa4, 0x1a, 0xa0, 0x62, 0xa5, 0x1a, 0xa1, 0x62, 0x0c, 0x46, 0xa5, 0x12, 0xa1
    dc.b    0xd3, 0xa6, 0x12, 0xa2, 0xd8, 0x80, 0x04, 0x0f, 0x46, 0xa5, 0x12, 0xa1, 0xce, 0xa6, 0x12, 0xa2
    dc.b    0xdd, 0x62, 0xa5, 0x1a, 0xa1, 0x60, 0x0b, 0x42, 0xa5, 0x12, 0xa1, 0xc9, 0x62, 0xa5, 0x1a, 0xa1
    dc.b    0x5e, 0x0f, 0x22, 0x8e, 0xa3, 0x80, 0x00, 0x42, 0xa6, 0x12, 0xa2, 0xd8, 0x80, 0x05, 0xb8, 0x02
    dc.b    0x0a, 0x46, 0xa5, 0x12, 0xa1, 0xce, 0xa6, 0x12, 0xa2, 0xd3, 0x0d, 0x22, 0x8d, 0xa1, 0x46, 0xa5
    dc.b    0x12, 0xa1, 0xd3, 0xa6, 0x12, 0xa2, 0xce, 0x2f, 0x28, 0x82, 0x0e, 0xaf, 0x0b, 0xf2, 0x80, 0x00
    dc.b    0x42, 0xa4, 0x1a, 0xa0, 0x5e, 0x80, 0xf0, 0x46, 0xa5, 0x12, 0xa1, 0xd8, 0xa6, 0x12, 0xa2, 0xc9
    dc.b    0x80, 0x04, 0x62, 0xa4, 0x1a, 0xa0, 0x5e, 0x80, 0xf4, 0x62, 0xa4, 0x1a, 0xa0, 0x60, 0x82, 0x05
    dc.b    0xf5, 0x62, 0xa5, 0x1a, 0xa1, 0x60, 0x15, 0x30, 0xff, 0x24, 0x83, 0xa1, 0x0c, 0x42, 0xa5, 0x12
    dc.b    0xa1, 0xdd, 0x66, 0xa4, 0x1a, 0xa0, 0x62, 0xa5, 0x1a, 0xa1, 0x62, 0x08, 0x42, 0xa6, 0x12, 0xa2
    dc.b    0xce, 0x80, 0x04, 0x0f, 0x46, 0xa5, 0x12, 0xa1, 0xd8, 0xa6, 0x12, 0xa2, 0xd3, 0x62, 0xa5, 0x1a
    dc.b    0xa1, 0x60, 0x0f, 0x46, 0xa5, 0x12, 0xa1, 0xd3, 0xa6, 0x12, 0xa2, 0xd8, 0x62, 0xa5, 0x1a, 0xa1
    dc.b    0x5e, 0x10, 0x24, 0x82, 0xaf, 0x0b, 0x46, 0xa5, 0x12, 0xa1, 0xce, 0xa6, 0x12, 0xa2, 0xdd, 0x80
    dc.b    0x05, 0x06, 0x42, 0xa5, 0x12, 0xa1, 0xc9, 0x09, 0x22, 0x81, 0xad, 0x42, 0xa6, 0x12, 0xa2, 0xd8
    dc.b    0x31, 0x28, 0x8e, 0x0b, 0xa3, 0x0e, 0xf2, 0x84, 0x00, 0xf0, 0x01, 0x42, 0xa5, 0x12, 0xa1, 0x5e
    dc.b    0x80, 0xf1, 0x46, 0xa5, 0x12, 0xa1, 0x63, 0xa6, 0x12, 0xa2, 0xd3, 0x80, 0x04, 0x62, 0xa4, 0x1a
    dc.b    0xa0, 0x5e, 0x80, 0xf4, 0x62, 0xa4, 0x1a, 0xa0, 0x60, 0x82, 0x05, 0xf5, 0x62, 0xa5, 0x1a, 0xa1
    dc.b    0x60, 0x18, 0x30, 0xff, 0x22, 0x8f, 0xa5, 0x46, 0xa5, 0x12, 0xa1, 0x68, 0xa6, 0x12, 0xa2, 0xce
    dc.b    0x66, 0xa4, 0x1a, 0xa0, 0x62, 0xa5, 0x1a, 0xa1, 0x62, 0x08, 0x42, 0xa6, 0x12, 0xa2, 0xc9, 0x80
    dc.b    0x04, 0x0b, 0x42, 0xa5, 0x12, 0xa1, 0x63, 0x62, 0xa5, 0x1a, 0xa1, 0x60, 0x0f, 0x46, 0xa5, 0x12
    dc.b    0xa1, 0x5e, 0xa6, 0x12, 0xa2, 0xce, 0x62, 0xa5, 0x1a, 0xa1, 0x5e, 0x0d, 0x22, 0x8e, 0xa3, 0x80
    dc.b    0x01, 0x42, 0xa6, 0x12, 0xa2, 0xd3, 0x80, 0x05, 0x06, 0x42, 0xa6, 0x12, 0xa2, 0xd8, 0x09, 0x22
    dc.b    0x8d, 0xa1, 0x42, 0xa6, 0x12, 0xa2, 0xdd, 0x2c, 0x28, 0x82, 0x0e, 0xaf, 0x0b, 0xf2, 0x82, 0x00
    dc.b    0x01, 0x42, 0xa5, 0x12, 0xa1, 0xab, 0x80, 0xf1, 0x42, 0xa5, 0x12, 0xa1, 0xb0, 0x80, 0x04, 0x62
    dc.b    0xa4, 0x1a, 0xa0, 0x5e, 0x80, 0xf4, 0x62, 0xa4, 0x1a, 0xa0, 0x60, 0x82, 0x05, 0xf5, 0x62, 0xa5
    dc.b    0x1a, 0xa1, 0x60, 0x19, 0x30, 0xff, 0x24, 0x83, 0xa1, 0x0c, 0x46, 0xa5, 0x12, 0xa1, 0xb5, 0xa6
    dc.b    0x12, 0xa2, 0xd8, 0x66, 0xa4, 0x1a, 0xa0, 0x62, 0xa5, 0x1a, 0xa1, 0x62, 0x08, 0x42, 0xa6, 0x12
    dc.b    0xa2, 0xd3, 0x80, 0x04, 0x0f, 0x46, 0xa5, 0x12, 0xa1, 0xb0, 0xa6, 0x12, 0xa2, 0xce, 0x62, 0xa5
    dc.b    0x1a, 0xa1, 0x60, 0x0f, 0x46, 0xa5, 0x12, 0xa1, 0xab, 0xa6, 0x12, 0xa2, 0xc9, 0x62, 0xa5, 0x1a
    dc.b    0xa1, 0x5e, 0x0a, 0x24, 0x82, 0xaf, 0x0b, 0x82, 0x01, 0x05, 0xb8, 0x02, 0x06, 0x42, 0xa6, 0x12
    dc.b    0xa2, 0xce, 0x09, 0x22, 0x81, 0xad, 0x42, 0xa6, 0x12, 0xa2, 0xd3, 0x2f, 0x28, 0x8d, 0x11, 0xa3
    dc.b    0x0e, 0xf2, 0x80, 0x01, 0x42, 0xa5, 0x12, 0xa1, 0xd3, 0x80, 0xf1, 0x46, 0xa5, 0x12, 0xa1, 0xd8
    dc.b    0xa6, 0x12, 0xa2, 0xd8, 0x80, 0x04, 0x62, 0xa4, 0x1a, 0xa0, 0x5e, 0x80, 0xf4, 0x62, 0xa4, 0x1a
    dc.b    0xa0, 0x60, 0x82, 0x05, 0xf5, 0x62, 0xa5, 0x1a, 0xa1, 0x60, 0x18, 0x30, 0xff, 0x22, 0x8e, 0xa5
    dc.b    0x46, 0xa5, 0x12, 0xa1, 0xdd, 0xa6, 0x12, 0xa2, 0xdd, 0x66, 0xa4, 0x1a, 0xa0, 0x62, 0xa5, 0x1a
    dc.b    0xa1, 0x62, 0x03, 0x80, 0x04, 0x0f, 0x46, 0xa5, 0x12, 0xa1, 0xd8, 0xa6, 0x12, 0xa2, 0xd8, 0x62
    dc.b    0xa5, 0x1a, 0xa1, 0x60, 0x0f, 0x46, 0xa5, 0x12, 0xa1, 0xd3, 0xa6, 0x12, 0xa2, 0xd3, 0x62, 0xa5
    dc.b    0x1a, 0xa1, 0x5e, 0x0f, 0x22, 0x8d, 0xa3, 0x46, 0xa5, 0x12, 0xa1, 0xce, 0xa6, 0x12, 0xa2, 0xce
    dc.b    0x80, 0x05, 0x0a, 0x46, 0xa5, 0x12, 0xa1, 0xc9, 0xa6, 0x12, 0xa2, 0xc9, 0x04, 0x22, 0x8c, 0xa1
    dc.b    0x30, 0x28, 0x82, 0x0e, 0xaf, 0x0b, 0xf2, 0x42, 0xa5, 0x12, 0xa1, 0xce, 0x80, 0x02, 0x42, 0xa6
    dc.b    0x12, 0xa2, 0x5e, 0x80, 0xf2, 0x42, 0xa6, 0x12, 0xa2, 0x63, 0x80, 0x04, 0x62, 0xa4, 0x1a, 0xa0
    dc.b    0x5e, 0x80, 0xf4, 0x62, 0xa4, 0x1a, 0xa0, 0x60, 0x82, 0x05, 0xf5, 0x62, 0xa5, 0x1a, 0xa1, 0x60
    dc.b    0x19, 0x30, 0xff, 0x24, 0x83, 0xa1, 0x0c, 0x46, 0xa5, 0x12, 0xa1, 0xd3, 0xa6, 0x12, 0xa2, 0x68
    dc.b    0x66, 0xa4, 0x1a, 0xa0, 0x62, 0xa5, 0x1a, 0xa1, 0x62, 0x08, 0x42, 0xa5, 0x12, 0xa1, 0xd8, 0x80
    dc.b    0x04, 0x0f, 0x46, 0xa5, 0x12, 0xa1, 0xdd, 0xa6, 0x12, 0xa2, 0x63, 0x62, 0xa5, 0x1a, 0xa1, 0x60
    dc.b    0x0b, 0x42, 0xa6, 0x12, 0xa2, 0x5e, 0x62, 0xa5, 0x1a, 0xa1, 0x5e, 0x0d, 0x24, 0x82, 0xaf, 0x0b
    dc.b    0x42, 0xa5, 0x12, 0xa1, 0xd8, 0x82, 0x02, 0x05, 0x06, 0x42, 0xa5, 0x12, 0xa1, 0xd3, 0x09, 0x22
    dc.b    0x81, 0xad, 0x42, 0xa5, 0x12, 0xa1, 0xce, 0x47, 0x28, 0x8e, 0x0b, 0xa3, 0x0e, 0xf2, 0x80, 0x00
    dc.b    0x42, 0xa4, 0x13, 0xa0, 0xff, 0x82, 0xf0, 0x01, 0x42, 0xa5, 0x12, 0xa1, 0x5e, 0x80, 0xf1, 0x42
    dc.b    0xa5, 0x12, 0xa1, 0x63, 0x80, 0x02, 0x42, 0xa6, 0x12, 0xa2, 0xab, 0x80, 0xf2, 0x42, 0xa6, 0x12
    dc.b    0xa2, 0xb0, 0x80, 0x04, 0x62, 0xa4, 0x1a, 0xa0, 0x5e, 0x80, 0xf4, 0x62, 0xa4, 0x1a, 0xa0, 0x60
    dc.b    0x80, 0x05, 0x62, 0xa5, 0x1b, 0xa1, 0x8f, 0x80, 0xf5, 0x62, 0xa5, 0x1b, 0xa1, 0x91, 0x18, 0x30
    dc.b    0xff, 0x22, 0x8f, 0xa5, 0x46, 0xa5, 0x12, 0xa1, 0x68, 0xa6, 0x12, 0xa2, 0xb5, 0x66, 0xa4, 0x1a
    dc.b    0xa0, 0x62, 0xa5, 0x1b, 0xa1, 0x93, 0x01, 0x13, 0x46, 0xa5, 0x12, 0xa1, 0x63, 0xa6, 0x12, 0xa2
    dc.b    0xb0, 0x66, 0xa4, 0x1a, 0xa0, 0x60, 0xa5, 0x1b, 0xa1, 0x91, 0x13, 0x46, 0xa5, 0x12, 0xa1, 0x5e
    dc.b    0xa6, 0x12, 0xa2, 0xab, 0x66, 0xa4, 0x1a, 0xa0, 0x5e, 0xa5, 0x1b, 0xa1, 0x8f, 0x12, 0x22, 0x8e
    dc.b    0xa3, 0x82, 0x01, 0x02, 0x66, 0xa4, 0x1a, 0xa0, 0x5c, 0xa5, 0x1b, 0xa1, 0x8d, 0xb8, 0x02, 0x0a
    dc.b    0x66, 0xa4, 0x1a, 0xa0, 0x5a, 0xa5, 0x1b, 0xa1, 0x8b, 0x04, 0x22, 0x8d, 0xa1, 0x2d, 0x28, 0x82
    dc.b    0x0e, 0xae, 0x11, 0xf2, 0x82, 0x00, 0x01, 0x42, 0xa5, 0x12, 0xa1, 0xab, 0x80, 0xf1, 0x42, 0xa5
    dc.b    0x12, 0xa1, 0xb0, 0x80, 0x02, 0x42, 0xa6, 0x12, 0xa2, 0xd3, 0x80, 0xf2, 0x42, 0xa6, 0x12, 0xa2
    dc.b    0xd8, 0x66, 0xa4, 0x1a, 0xa0, 0x5c, 0xa5, 0x1b, 0xa1, 0x8d, 0x19, 0x30, 0xff, 0x24, 0x83, 0xa0
    dc.b    0x12, 0x46, 0xa5, 0x12, 0xa1, 0xb5, 0xa6, 0x12, 0xa2, 0xdd, 0x66, 0xa4, 0x1a, 0xa0, 0x5e, 0xa5
    dc.b    0x1b, 0xa1, 0x8f, 0x0a, 0x66, 0xa4, 0x1a, 0xa0, 0x60, 0xa5, 0x1b, 0xa1, 0x91, 0x13, 0x46, 0xa5
    dc.b    0x12, 0xa1, 0xb0, 0xa6, 0x12, 0xa2, 0xd8, 0x66, 0xa4, 0x1a, 0xa0, 0x62, 0xa5, 0x1b, 0xa1, 0x93
    dc.b    0x0a, 0x46, 0xa5, 0x12, 0xa1, 0xab, 0xa6, 0x12, 0xa2, 0xd3, 0x17, 0x24, 0x82, 0xae, 0x11, 0x80
    dc.b    0x01, 0x42, 0xa6, 0x12, 0xa2, 0xce, 0x66, 0xa4, 0x1a, 0xa0, 0x60, 0xa5, 0x1b, 0xa1, 0x91, 0xb8
    dc.b    0x01, 0x0f, 0x42, 0xa6, 0x12, 0xa2, 0xc9, 0x66, 0xa4, 0x1a, 0xa0, 0x5e, 0xa5, 0x1b, 0xa1, 0x8f
    dc.b    0x0d, 0x22, 0x81, 0xac, 0x66, 0xa4, 0x1a, 0xa0, 0x5c, 0xa5, 0x1b, 0xa1, 0x8d, 0x2a, 0x28, 0x8d
    dc.b    0x10, 0xa3, 0x0e, 0xf2, 0x80, 0x00, 0x42, 0xa4, 0x1b, 0xa0, 0xff, 0x82, 0xf0, 0x01, 0x42, 0xa5
    dc.b    0x12, 0xa1, 0xd3, 0x80, 0xf1, 0x46, 0xa5, 0x12, 0xa1, 0xd8, 0xa6, 0x12, 0xa2, 0xce, 0x66, 0xa4
    dc.b    0x1a, 0xa0, 0x5a, 0xa5, 0x1b, 0xa1, 0x8b, 0x0f, 0x30, 0xff, 0x22, 0x8e, 0xa5, 0x46, 0xa5, 0x12
    dc.b    0xa1, 0xdd, 0xa6, 0x12, 0xa2, 0xd3, 0x0f, 0x42, 0xa6, 0x12, 0xa2, 0xd8, 0x66, 0xa4, 0x1a, 0xa0
    dc.b    0x5c, 0xa5, 0x1b, 0xa1, 0x8d, 0x13, 0x46, 0xa5, 0x12, 0xa1, 0xd8, 0xa6, 0x12, 0xa2, 0xdd, 0x66
    dc.b    0xa4, 0x1a, 0xa0, 0x5e, 0xa5, 0x1b, 0xa1, 0x8f, 0x0f, 0x42, 0xa5, 0x12, 0xa1, 0xd3, 0x66, 0xa4
    dc.b    0x1a, 0xa0, 0x60, 0xa5, 0x1b, 0xa1, 0x91, 0x17, 0x22, 0x8d, 0xa3, 0x82, 0x00, 0x01, 0x42, 0xa6
    dc.b    0x12, 0xa2, 0xd8, 0x66, 0xa4, 0x1a, 0xa0, 0x62, 0xa5, 0x1b, 0xa1, 0x93, 0xb8, 0x02, 0x06, 0x42
    dc.b    0xa6, 0x12, 0xa2, 0xd3, 0x12, 0x22, 0x8c, 0xa1, 0x42, 0xa6, 0x12, 0xa2, 0xce, 0x66, 0xa4, 0x1a
    dc.b    0xa0, 0x60, 0xa5, 0x1b, 0xa1, 0x91, 0x34, 0x28, 0x82, 0x0e, 0xaf, 0x0b, 0xf2, 0x80, 0x00, 0x42
    dc.b    0xa4, 0x13, 0xa0, 0xff, 0x82, 0xf0, 0x01, 0x42, 0xa5, 0x13, 0xa1, 0x8f, 0x80, 0xf1, 0x42, 0xa5
    dc.b    0x13, 0xa1, 0x94, 0x80, 0x02, 0x42, 0xa6, 0x12, 0xa2, 0x5e, 0x80, 0xf2, 0x42, 0xa6, 0x12, 0xa2
    dc.b    0x63, 0x66, 0xa4, 0x1a, 0xa0, 0x5e, 0xa5, 0x1b, 0xa1, 0x8f, 0x19, 0x30, 0xff, 0x24, 0x83, 0xa1
    dc.b    0x0c, 0x46, 0xa5, 0x13, 0xa1, 0x99, 0xa6, 0x12, 0xa2, 0x68, 0x66, 0xa4, 0x1a, 0xa0, 0x5c, 0xa5
    dc.b    0x1b, 0xa1, 0x8d, 0x0a, 0x66, 0xa4, 0x1a, 0xa0, 0x5a, 0xa5, 0x1b, 0xa1, 0x8b, 0x0a, 0x46, 0xa5
    dc.b    0x13, 0xa1, 0x94, 0xa6, 0x12, 0xa2, 0x63, 0x13, 0x46, 0xa5, 0x13, 0xa1, 0x8f, 0xa6, 0x12, 0xa2
    dc.b    0x5e, 0x66, 0xa4, 0x1a, 0xa0, 0x5c, 0xa5, 0x1b, 0xa1, 0x8d, 0x13, 0x24, 0x82, 0xaf, 0x0b, 0x82
    dc.b    0x01, 0x02, 0x66, 0xa4, 0x1a, 0xa0, 0x5e, 0xa5, 0x1b, 0xa1, 0x8f, 0xb8, 0x02, 0x0a, 0x66, 0xa4
    dc.b    0x1a, 0xa0, 0x60, 0xa5, 0x1b, 0xa1, 0x91, 0x0d, 0x22, 0x81, 0xad, 0x66, 0xa4, 0x1a, 0xa0, 0x62
    dc.b    0xa5, 0x1b, 0xa1, 0x93, 0x41, 0x28, 0x8e, 0x0b, 0xa3, 0x0e, 0xf2, 0x84, 0x00, 0xf0, 0x01, 0x42
    dc.b    0xa5, 0x13, 0xa1, 0x2d, 0x80, 0xf1, 0x42, 0xa5, 0x13, 0xa1, 0x32, 0x80, 0x02, 0x42, 0xa6, 0x12
    dc.b    0xa2, 0xab, 0x80, 0xf2, 0x42, 0xa6, 0x12, 0xa2, 0xb0, 0x80, 0x04, 0x62, 0xa4, 0x1a, 0xa0, 0x5e
    dc.b    0x80, 0xf4, 0x62, 0xa4, 0x1a, 0xa0, 0x60, 0x80, 0x05, 0x62, 0xa5, 0x1a, 0xa1, 0x5e, 0x80, 0xf5
    dc.b    0x62, 0xa5, 0x1a, 0xa1, 0x60, 0x18, 0x30, 0xff, 0x22, 0x8f, 0xa5, 0x46, 0xa5, 0x13, 0xa1, 0x37
    dc.b    0xa6, 0x12, 0xa2, 0xb5, 0x66, 0xa4, 0x1a, 0xa0, 0x62, 0xa5, 0x1a, 0xa1, 0x62, 0x03, 0x80, 0x04
    dc.b    0x0f, 0x46, 0xa5, 0x13, 0xa1, 0x32, 0xa6, 0x12, 0xa2, 0xb0, 0x62, 0xa5, 0x1a, 0xa1, 0x60, 0x0f
    dc.b    0x46, 0xa5, 0x13, 0xa1, 0x2d, 0xa6, 0x12, 0xa2, 0xab, 0x62, 0xa5, 0x1a, 0xa1, 0x5e, 0x0a, 0x22
    dc.b    0x8e, 0xa3, 0x84, 0x01, 0x02, 0x05, 0xb8, 0x02, 0x01, 0x04, 0x22, 0x8d, 0xa1, 0x3a, 0x28, 0x82
    dc.b    0x0e, 0xae, 0x10, 0xf2, 0x82, 0x00, 0x01, 0x42, 0xa5, 0x12, 0xa1, 0xd3, 0x80, 0xf1, 0x42, 0xa5
    dc.b    0x12, 0xa1, 0xd8, 0x80, 0x02, 0x42, 0xa6, 0x12, 0xa2, 0xd3, 0x80, 0xf2, 0x42, 0xa6, 0x12, 0xa2
    dc.b    0xd8, 0x80, 0x04, 0x62, 0xa4, 0x1a, 0xa0, 0x5e, 0x80, 0xf4, 0x62, 0xa4, 0x1a, 0xa0, 0x60, 0x82
    dc.b    0x05, 0xf5, 0x62, 0xa5, 0x1a, 0xa1, 0x60, 0x19, 0x30, 0xff, 0x24, 0x83, 0xa0, 0x11, 0x46, 0xa5
    dc.b    0x12, 0xa1, 0xdd, 0xa6, 0x12, 0xa2, 0xdd, 0x66, 0xa4, 0x1a, 0xa0, 0x62, 0xa5, 0x1a, 0xa1, 0x62
    dc.b    0x03, 0x80, 0x04, 0x0f, 0x46, 0xa5, 0x12, 0xa1, 0xd8, 0xa6, 0x12, 0xa2, 0xd8, 0x62, 0xa5, 0x1a
    dc.b    0xa1, 0x60, 0x0f, 0x46, 0xa5, 0x12, 0xa1, 0xd3, 0xa6, 0x12, 0xa2, 0xd3, 0x62, 0xa5, 0x1a, 0xa1
    dc.b    0x5e, 0x0b, 0x24, 0x82, 0xae, 0x10, 0x84, 0x01, 0x02, 0x05, 0xb8, 0x02, 0x01, 0x04, 0x22, 0x81
    dc.b    0xac, 0x47, 0x28, 0x8e, 0x0f, 0xa3, 0x0e, 0xf2, 0x80, 0x00, 0x42, 0xa4, 0x1a, 0xa0, 0xab, 0x82
    dc.b    0xf0, 0x01, 0x42, 0xa5, 0x13, 0xa1, 0x2d, 0x80, 0xf1, 0x42, 0xa5, 0x13, 0xa1, 0x32, 0x80, 0x02
    dc.b    0x42, 0xa6, 0x13, 0xa2, 0x8f, 0x80, 0xf2, 0x42, 0xa6, 0x13, 0xa2, 0x94, 0x80, 0x04, 0x62, 0xa4
    dc.b    0x1a, 0xa0, 0xab, 0x80, 0xf4, 0x62, 0xa4, 0x1a, 0xa0, 0xad, 0x80, 0x05, 0x62, 0xa5, 0x1b, 0xa1
    dc.b    0xff, 0x80, 0xf5, 0x62, 0xa5, 0x1c, 0xa1, 0x01, 0x18, 0x30, 0xff, 0x22, 0x8f, 0xa5, 0x46, 0xa5
    dc.b    0x13, 0xa1, 0x37, 0xa6, 0x13, 0xa2, 0x99, 0x66, 0xa4, 0x1a, 0xa0, 0xaf, 0xa5, 0x1c, 0xa1, 0x03
    dc.b    0x01, 0x13, 0x46, 0xa5, 0x13, 0xa1, 0x32, 0xa6, 0x13, 0xa2, 0x94, 0x66, 0xa4, 0x1a, 0xa0, 0xad
    dc.b    0xa5, 0x1c, 0xa1, 0x01, 0x13, 0x46, 0xa5, 0x13, 0xa1, 0x2d, 0xa6, 0x13, 0xa2, 0x8f, 0x66, 0xa4
    dc.b    0x1a, 0xa0, 0xab, 0xa5, 0x1b, 0xa1, 0xff, 0x14, 0x22, 0x8e, 0xa3, 0x42, 0xa5, 0x13, 0xa1, 0x28
    dc.b    0x80, 0x02, 0x66, 0xa4, 0x1a, 0xa0, 0xa9, 0xa5, 0x1b, 0xa1, 0xfd, 0x0f, 0x42, 0xa5, 0x13, 0xa1
    dc.b    0x23, 0x66, 0xa4, 0x1a, 0xa0, 0xa7, 0xa5, 0x1b, 0xa1, 0xfb, 0x04, 0x22, 0x8d, 0xa1, 0x23, 0x28
    dc.b    0x83, 0x15, 0xaf, 0x0b, 0xf2, 0x42, 0xa5, 0x13, 0xa1, 0x28, 0x80, 0x02, 0x42, 0xa6, 0x13, 0xa2
    dc.b    0x2d, 0x80, 0xf2, 0x42, 0xa6, 0x13, 0xa2, 0x32, 0x66, 0xa4, 0x1a, 0xa0, 0xa9, 0xa5, 0x1b, 0xa1
    dc.b    0xfd, 0x19, 0x30, 0xff, 0x24, 0x84, 0xa1, 0x0c, 0x46, 0xa5, 0x13, 0xa1, 0x2d, 0xa6, 0x13, 0xa2
    dc.b    0x37, 0x66, 0xa4, 0x1a, 0xa0, 0xab, 0xa5, 0x1b, 0xa1, 0xff, 0x0f, 0x42, 0xa5, 0x13, 0xa1, 0x32
    dc.b    0x66, 0xa4, 0x1a, 0xa0, 0xad, 0xa5, 0x1c, 0xa1, 0x01, 0x13, 0x46, 0xa5, 0x13, 0xa1, 0x37, 0xa6
    dc.b    0x13, 0xa2, 0x32, 0x66, 0xa4, 0x1a, 0xa0, 0xaf, 0xa5, 0x1c, 0xa1, 0x03, 0x06, 0x42, 0xa6, 0x13
    dc.b    0xa2, 0x2d, 0x15, 0x24, 0x83, 0xaf, 0x0b, 0x42, 0xa5, 0x13, 0xa1, 0x32, 0x80, 0x02, 0x66, 0xa4
    dc.b    0x1a, 0xa0, 0xad, 0xa5, 0x1c, 0xa1, 0x01, 0x0f, 0x42, 0xa5, 0x13, 0xa1, 0x2d, 0x66, 0xa4, 0x1a
    dc.b    0xa0, 0xab, 0xa5, 0x1b, 0xa1, 0xff, 0x12, 0x22, 0x82, 0xad, 0x42, 0xa5, 0x13, 0xa1, 0x28, 0x66
    dc.b    0xa4, 0x1a, 0xa0, 0xa9, 0xa5, 0x1b, 0xa1, 0xfd, 0x26, 0x28, 0x8e, 0x0f, 0xa3, 0x0e, 0xf2, 0x82
    dc.b    0x00, 0xf0, 0x42, 0xa5, 0x13, 0xa1, 0x23, 0x80, 0x02, 0x42, 0xa6, 0x12, 0xa2, 0xd3, 0x80, 0xf2
    dc.b    0x42, 0xa6, 0x12, 0xa2, 0xd8, 0x66, 0xa4, 0x1a, 0xa0, 0xa7, 0xa5, 0x1b, 0xa1, 0xfb, 0x0b, 0x30
    dc.b    0xff, 0x22, 0x8f, 0xa5, 0x42, 0xa6, 0x12, 0xa2, 0xdd, 0x0f, 0x42, 0xa5, 0x13, 0xa1, 0x28, 0x66
    dc.b    0xa4, 0x1a, 0xa0, 0xa9, 0xa5, 0x1b, 0xa1, 0xfd, 0x13, 0x46, 0xa5, 0x13, 0xa1, 0x2d, 0xa6, 0x12
    dc.b    0xa2, 0xd8, 0x66, 0xa4, 0x1a, 0xa0, 0xab, 0xa5, 0x1b, 0xa1, 0xff, 0x13, 0x46, 0xa5, 0x13, 0xa1
    dc.b    0x32, 0xa6, 0x12, 0xa2, 0xd3, 0x66, 0xa4, 0x1a, 0xa0, 0xad, 0xa5, 0x1c, 0xa1, 0x01, 0x14, 0x22
    dc.b    0x8e, 0xa3, 0x42, 0xa5, 0x13, 0xa1, 0x37, 0x80, 0x02, 0x66, 0xa4, 0x1a, 0xa0, 0xaf, 0xa5, 0x1c
    dc.b    0xa1, 0x03, 0x01, 0x12, 0x22, 0x8d, 0xa1, 0x42, 0xa5, 0x13, 0xa1, 0x32, 0x66, 0xa4, 0x1a, 0xa0
    dc.b    0xad, 0xa5, 0x1c, 0xa1, 0x01, 0x26, 0x28, 0x89, 0x0c, 0xaf, 0x0f, 0xf2, 0x82, 0x00, 0xf0, 0x42
    dc.b    0xa5, 0x13, 0xa1, 0x2d, 0x80, 0x02, 0x42, 0xa6, 0x13, 0xa2, 0x2d, 0x80, 0xf2, 0x42, 0xa6, 0x13
    dc.b    0xa2, 0x32, 0x66, 0xa4, 0x1a, 0xa0, 0xab, 0xa5, 0x1b, 0xa1, 0xff, 0x19, 0x30, 0xff, 0x24, 0x8a
    dc.b    0xa1, 0x10, 0x46, 0xa5, 0x13, 0xa1, 0x28, 0xa6, 0x13, 0xa2, 0x37, 0x66, 0xa4, 0x1a, 0xa0, 0xa9
    dc.b    0xa5, 0x1b, 0xa1, 0xfd, 0x0f, 0x42, 0xa5, 0x13, 0xa1, 0x23, 0x66, 0xa4, 0x1a, 0xa0, 0xa7, 0xa5
    dc.b    0x1b, 0xa1, 0xfb, 0x06, 0x42, 0xa6, 0x13, 0xa2, 0x32, 0x13, 0x46, 0xa5, 0x13, 0xa1, 0x28, 0xa6
    dc.b    0x13, 0xa2, 0x2d, 0x66, 0xa4, 0x1a, 0xa0, 0xa9, 0xa5, 0x1b, 0xa1, 0xfd, 0x19, 0x24, 0x89, 0xaf
    dc.b    0x0f, 0x46, 0xa5, 0x13, 0xa1, 0x2d, 0xa6, 0x13, 0xa2, 0x28, 0x66, 0xa4, 0x1a, 0xa0, 0xab, 0xa5
    dc.b    0x1b, 0xa1, 0xff, 0xb8, 0x01, 0x13, 0x46, 0xa5, 0x13, 0xa1, 0x32, 0xa6, 0x13, 0xa2, 0x23, 0x66
    dc.b    0xa4, 0x1a, 0xa0, 0xad, 0xa5, 0x1c, 0xa1, 0x01, 0x12, 0x22, 0x88, 0xad, 0x42, 0xa5, 0x13, 0xa1
    dc.b    0x37, 0x66, 0xa4, 0x1a, 0xa0, 0xaf, 0xa5, 0x1c, 0xa1, 0x03, 0x31, 0x28, 0x89, 0x0a, 0xa4, 0x15
    dc.b    0xf2, 0x80, 0x00, 0x42, 0xa4, 0x22, 0xa0, 0xab, 0x80, 0xf0, 0x42, 0xa6, 0x13, 0xa2, 0x28, 0x80
    dc.b    0x04, 0x62, 0xa4, 0x1a, 0xa0, 0xab, 0x80, 0xf4, 0x62, 0xa4, 0x1a, 0xa0, 0xad, 0x80, 0x05, 0x62
    dc.b    0xa5, 0x1a, 0xa1, 0xab, 0x80, 0xf5, 0x62, 0xa5, 0x1a, 0xa1, 0xad, 0x18, 0x30, 0xff, 0x22, 0x8a
    dc.b    0xa6, 0x46, 0xa5, 0x13, 0xa1, 0x32, 0xa6, 0x13, 0xa2, 0x2d, 0x66, 0xa4, 0x1a, 0xa0, 0xaf, 0xa5
    dc.b    0x1a, 0xa1, 0xaf, 0x0c, 0x46, 0xa5, 0x13, 0xa1, 0x2d, 0xa6, 0x13, 0xa2, 0x32, 0x80, 0x04, 0x0f
    dc.b    0x46, 0xa5, 0x13, 0xa1, 0x28, 0xa6, 0x13, 0xa2, 0x37, 0x62, 0xa5, 0x1a, 0xa1, 0xad, 0x0b, 0x42
    dc.b    0xa5, 0x13, 0xa1, 0x23, 0x62, 0xa5, 0x1a, 0xa1, 0xab, 0x0d, 0x22, 0x89, 0xa4, 0x80, 0x00, 0x42
    dc.b    0xa6, 0x13, 0xa2, 0x32, 0x80, 0x05, 0x0a, 0x46, 0xa5, 0x13, 0xa1, 0x28, 0xa6, 0x13, 0xa2, 0x2d
    dc.b    0x0d, 0x22, 0x88, 0xa2, 0x46, 0xa5, 0x13, 0xa1, 0x2d, 0xa6, 0x13, 0xa2, 0x28, 0x2f, 0x30, 0x9f
    dc.b    0x24, 0xaf, 0x0f, 0xf2, 0x80, 0x00, 0x42, 0xa4, 0x1a, 0xa0, 0xab, 0x80, 0xf0, 0x46, 0xa5, 0x13
    dc.b    0xa1, 0x32, 0xa6, 0x13, 0xa2, 0x23, 0x80, 0x04, 0x62, 0xa4, 0x1a, 0xa0, 0xab, 0x80, 0xf4, 0x62
    dc.b    0xa4, 0x1a, 0xa0, 0xad, 0x82, 0x05, 0xf5, 0x62, 0xa5, 0x1a, 0xa1, 0xad, 0x14, 0x30, 0xff, 0x22
    dc.b    0xa1, 0x10, 0x42, 0xa5, 0x13, 0xa1, 0x37, 0x66, 0xa4, 0x1a, 0xa0, 0xaf, 0xa5, 0x1a, 0xa1, 0xaf
    dc.b    0x08, 0x42, 0xa6, 0x13, 0xa2, 0x28, 0x80, 0x04, 0x0f, 0x46, 0xa5, 0x13, 0xa1, 0x32, 0xa6, 0x13
    dc.b    0xa2, 0x2d, 0x62, 0xa5, 0x1a, 0xa1, 0xad, 0x0f, 0x46, 0xa5, 0x13, 0xa1, 0x2d, 0xa6, 0x13, 0xa2
    dc.b    0x32, 0x62, 0xa5, 0x1a, 0xa1, 0xab, 0x11, 0x22, 0xaf, 0x0f, 0x46, 0xa5, 0x13, 0xa1, 0x28, 0xa6
    dc.b    0x13, 0xa2, 0x37, 0x80, 0x05, 0xb8, 0x02, 0x06, 0x42, 0xa5, 0x13, 0xa1, 0x23, 0x08, 0x20, 0xad
    dc.b    0x42, 0xa6, 0x13, 0xa2, 0x32, 0x32, 0x2a, 0x89, 0x0c, 0x96, 0xaa, 0x0c, 0xf2, 0x84, 0x00, 0xf0
    dc.b    0x01, 0x42, 0xa5, 0x0c, 0xa1, 0x3c, 0x80, 0xf1, 0x46, 0xa5, 0x0c, 0xa1, 0x41, 0xa6, 0x13, 0xa2
    dc.b    0x2d, 0x80, 0x04, 0x62, 0xa4, 0x1a, 0xa0, 0xab, 0x80, 0xf4, 0x62, 0xa4, 0x1a, 0xa0, 0xad, 0x82
    dc.b    0x05, 0xf5, 0x62, 0xa5, 0x1a, 0xa1, 0xad, 0x18, 0x30, 0xff, 0x22, 0x8a, 0xac, 0x46, 0xa5, 0x0c
    dc.b    0xa1, 0x46, 0xa6, 0x13, 0xa2, 0x28, 0x66, 0xa4, 0x1a, 0xa0, 0xaf, 0xa5, 0x1a, 0xa1, 0xaf, 0x08
    dc.b    0x42, 0xa6, 0x13, 0xa2, 0x23, 0x80, 0x04, 0x0b, 0x42, 0xa5, 0x0c, 0xa1, 0x41, 0x62, 0xa5, 0x1a
    dc.b    0xa1, 0xad, 0x0f, 0x46, 0xa5, 0x0c, 0xa1, 0x3c, 0xa6, 0x13, 0xa2, 0x28, 0x62, 0xa5, 0x1a, 0xa1
    dc.b    0xab, 0x0d, 0x22, 0x89, 0xaa, 0x80, 0x01, 0x42, 0xa6, 0x13, 0xa2, 0x2d, 0x80, 0x05, 0x06, 0x42
    dc.b    0xa6, 0x13, 0xa2, 0x32, 0x09, 0x22, 0x88, 0xa8, 0x42, 0xa6, 0x13, 0xa2, 0x37, 0x2c, 0x28, 0x8e
    dc.b    0x0b, 0xaa, 0x0a, 0xf2, 0x82, 0x00, 0x01, 0x42, 0xa5, 0x12, 0xa1, 0xab, 0x80, 0xf1, 0x42, 0xa5
    dc.b    0x12, 0xa1, 0xb0, 0x80, 0x04, 0x62, 0xa4, 0x1a, 0xa0, 0xab, 0x80, 0xf4, 0x62, 0xa4, 0x1a, 0xa0
    dc.b    0xad, 0x82, 0x05, 0xf5, 0x62, 0xa5, 0x1a, 0xa1, 0xad, 0x18, 0x30, 0xff, 0x22, 0x8f, 0xac, 0x46
    dc.b    0xa5, 0x12, 0xa1, 0xb5, 0xa6, 0x13, 0xa2, 0x32, 0x66, 0xa4, 0x1a, 0xa0, 0xaf, 0xa5, 0x1a, 0xa1
    dc.b    0xaf, 0x08, 0x42, 0xa6, 0x13, 0xa2, 0x2d, 0x80, 0x04, 0x0f, 0x46, 0xa5, 0x12, 0xa1, 0xb0, 0xa6
    dc.b    0x13, 0xa2, 0x28, 0x62, 0xa5, 0x1a, 0xa1, 0xad, 0x0f, 0x46, 0xa5, 0x12, 0xa1, 0xab, 0xa6, 0x13
    dc.b    0xa2, 0x23, 0x62, 0xa5, 0x1a, 0xa1, 0xab, 0x09, 0x22, 0x8e, 0xaa, 0x82, 0x01, 0x05, 0xb8, 0x02
    dc.b    0x06, 0x42, 0xa6, 0x13, 0xa2, 0x28, 0x09, 0x22, 0x8d, 0xa8, 0x42, 0xa6, 0x13, 0xa2, 0x2d, 0x2f
    dc.b    0x30, 0xbf, 0x24, 0x89, 0x0a, 0xf2, 0x80, 0x01, 0x42, 0xa5, 0x13, 0xa1, 0x2d, 0x80, 0xf1, 0x46
    dc.b    0xa5, 0x13, 0xa1, 0x32, 0xa6, 0x13, 0xa2, 0x32, 0x80, 0x04, 0x62, 0xa4, 0x1a, 0xa0, 0xab, 0x80
    dc.b    0xf4, 0x62, 0xa4, 0x1a, 0xa0, 0xad, 0x82, 0x05, 0xf5, 0x62, 0xa5, 0x1a, 0xa1, 0xad, 0x17, 0x30
    dc.b    0xff, 0x20, 0x8a, 0x46, 0xa5, 0x13, 0xa1, 0x37, 0xa6, 0x13, 0xa2, 0x37, 0x66, 0xa4, 0x1a, 0xa0
    dc.b    0xaf, 0xa5, 0x1a, 0xa1, 0xaf, 0x03, 0x80, 0x04, 0x0f, 0x46, 0xa5, 0x13, 0xa1, 0x32, 0xa6, 0x13
    dc.b    0xa2, 0x32, 0x62, 0xa5, 0x1a, 0xa1, 0xad, 0x0f, 0x46, 0xa5, 0x13, 0xa1, 0x2d, 0xa6, 0x13, 0xa2
    dc.b    0x2d, 0x62, 0xa5, 0x1a, 0xa1, 0xab, 0x0e, 0x20, 0x89, 0x46, 0xa5, 0x13, 0xa1, 0x28, 0xa6, 0x13
    dc.b    0xa2, 0x28, 0x80, 0x05, 0x0a, 0x46, 0xa5, 0x13, 0xa1, 0x23, 0xa6, 0x13, 0xa2, 0x23, 0x03, 0x20
    dc.b    0x88, 0x31, 0x30, 0x9f, 0x26, 0xaa, 0x0c, 0xba, 0xf2, 0x42, 0xa5, 0x13, 0xa1, 0x28, 0x80, 0x02
    dc.b    0x42, 0xa6, 0x0c, 0xa2, 0x3c, 0x80, 0xf2, 0x42, 0xa6, 0x0c, 0xa2, 0x41, 0x80, 0x04, 0x62, 0xa4
    dc.b    0x1a, 0xa0, 0xab, 0x80, 0xf4, 0x62, 0xa4, 0x1a, 0xa0, 0xad, 0x82, 0x05, 0xf5, 0x62, 0xa5, 0x1a
    dc.b    0xa1, 0xad, 0x17, 0x30, 0xff, 0x20, 0xac, 0x46, 0xa5, 0x13, 0xa1, 0x2d, 0xa6, 0x0c, 0xa2, 0x46
    dc.b    0x66, 0xa4, 0x1a, 0xa0, 0xaf, 0xa5, 0x1a, 0xa1, 0xaf, 0x08, 0x42, 0xa5, 0x13, 0xa1, 0x32, 0x80
    dc.b    0x04, 0x0f, 0x46, 0xa5, 0x13, 0xa1, 0x37, 0xa6, 0x0c, 0xa2, 0x41, 0x62, 0xa5, 0x1a, 0xa1, 0xad
    dc.b    0x0b, 0x42, 0xa6, 0x0c, 0xa2, 0x3c, 0x62, 0xa5, 0x1a, 0xa1, 0xab, 0x0b, 0x20, 0xaa, 0x42, 0xa5
    dc.b    0x13, 0xa1, 0x32, 0x82, 0x02, 0x05, 0x06, 0x42, 0xa5, 0x13, 0xa1, 0x2d, 0x08, 0x20, 0xa8, 0x42
    dc.b    0xa5, 0x13, 0xa1, 0x28, 0x48, 0x2a, 0x89, 0x0c, 0x96, 0xaf, 0x0b, 0xf2, 0x80, 0x00, 0x42, 0xa4
    dc.b    0x14, 0xa0, 0x3c, 0x82, 0xf0, 0x01, 0x42, 0xa5, 0x0c, 0xa1, 0x3c, 0x80, 0xf1, 0x42, 0xa5, 0x0c
    dc.b    0xa1, 0x41, 0x80, 0x02, 0x42, 0xa6, 0x12, 0xa2, 0xab, 0x80, 0xf2, 0x42, 0xa6, 0x12, 0xa2, 0xb0
    dc.b    0x80, 0x04, 0x62, 0xa4, 0x1a, 0xa0, 0xab, 0x80, 0xf4, 0x62, 0xa4, 0x1a, 0xa0, 0xad, 0x80, 0x05
    dc.b    0x62, 0xa5, 0x1b, 0xa1, 0xff, 0x80, 0xf5, 0x62, 0xa5, 0x1c, 0xa1, 0x01, 0x19, 0x30, 0xff, 0x24
    dc.b    0x8a, 0xa1, 0x0c, 0x46, 0xa5, 0x0c, 0xa1, 0x46, 0xa6, 0x12, 0xa2, 0xb5, 0x66, 0xa4, 0x1a, 0xa0
    dc.b    0xaf, 0xa5, 0x1c, 0xa1, 0x03, 0x01, 0x13, 0x46, 0xa5, 0x0c, 0xa1, 0x41, 0xa6, 0x12, 0xa2, 0xb0
    dc.b    0x66, 0xa4, 0x1a, 0xa0, 0xad, 0xa5, 0x1c, 0xa1, 0x01, 0x13, 0x46, 0xa5, 0x0c, 0xa1, 0x3c, 0xa6
    dc.b    0x12, 0xa2, 0xab, 0x66, 0xa4, 0x1a, 0xa0, 0xab, 0xa5, 0x1b, 0xa1, 0xff, 0x13, 0x24, 0x89, 0xaf
    dc.b    0x0b, 0x82, 0x01, 0x02, 0x66, 0xa4, 0x1a, 0xa0, 0xa9, 0xa5, 0x1b, 0xa1, 0xfd, 0xb8, 0x02, 0x0a
    dc.b    0x66, 0xa4, 0x1a, 0xa0, 0xa7, 0xa5, 0x1b, 0xa1, 0xfb, 0x04, 0x22, 0x88, 0xad, 0x2d, 0x28, 0x8e
    dc.b    0x0b, 0xaa, 0x0a, 0xf2, 0x82, 0x00, 0x01, 0x42, 0xa5, 0x12, 0xa1, 0xab, 0x80, 0xf1, 0x42, 0xa5
    dc.b    0x12, 0xa1, 0xb0, 0x80, 0x02, 0x42, 0xa6, 0x13, 0xa2, 0x2d, 0x80, 0xf2, 0x42, 0xa6, 0x13, 0xa2
    dc.b    0x32, 0x66, 0xa4, 0x1a, 0xa0, 0xa9, 0xa5, 0x1b, 0xa1, 0xfd, 0x18, 0x30, 0xff, 0x22, 0x8f, 0xac
    dc.b    0x46, 0xa5, 0x12, 0xa1, 0xb5, 0xa6, 0x13, 0xa2, 0x37, 0x66, 0xa4, 0x1a, 0xa0, 0xab, 0xa5, 0x1b
    dc.b    0xa1, 0xff, 0x0a, 0x66, 0xa4, 0x1a, 0xa0, 0xad, 0xa5, 0x1c, 0xa1, 0x01, 0x13, 0x46, 0xa5, 0x12
    dc.b    0xa1, 0xb0, 0xa6, 0x13, 0xa2, 0x32, 0x66, 0xa4, 0x1a, 0xa0, 0xaf, 0xa5, 0x1c, 0xa1, 0x03, 0x0a
    dc.b    0x46, 0xa5, 0x12, 0xa1, 0xab, 0xa6, 0x13, 0xa2, 0x2d, 0x16, 0x22, 0x8e, 0xaa, 0x80, 0x01, 0x42
    dc.b    0xa6, 0x13, 0xa2, 0x28, 0x66, 0xa4, 0x1a, 0xa0, 0xad, 0xa5, 0x1c, 0xa1, 0x01, 0xb8, 0x01, 0x0f
    dc.b    0x42, 0xa6, 0x13, 0xa2, 0x23, 0x66, 0xa4, 0x1a, 0xa0, 0xab, 0xa5, 0x1b, 0xa1, 0xff, 0x0d, 0x22
    dc.b    0x8d, 0xa8, 0x66, 0xa4, 0x1a, 0xa0, 0xa9, 0xa5, 0x1b, 0xa1, 0xfd, 0x2a, 0x30, 0xbf, 0x24, 0x89
    dc.b    0x0a, 0xf2, 0x80, 0x00, 0x42, 0xa4, 0x1c, 0xa0, 0x3c, 0x82, 0xf0, 0x01, 0x42, 0xa5, 0x13, 0xa1
    dc.b    0x2d, 0x80, 0xf1, 0x46, 0xa5, 0x13, 0xa1, 0x32, 0xa6, 0x13, 0xa2, 0x28, 0x66, 0xa4, 0x1a, 0xa0
    dc.b    0xa7, 0xa5, 0x1b, 0xa1, 0xfb, 0x0e, 0x30, 0xff, 0x20, 0x8a, 0x46, 0xa5, 0x13, 0xa1, 0x37, 0xa6
    dc.b    0x13, 0xa2, 0x2d, 0x0f, 0x42, 0xa6, 0x13, 0xa2, 0x32, 0x66, 0xa4, 0x1a, 0xa0, 0xa9, 0xa5, 0x1b
    dc.b    0xa1, 0xfd, 0x13, 0x46, 0xa5, 0x13, 0xa1, 0x32, 0xa6, 0x13, 0xa2, 0x37, 0x66, 0xa4, 0x1a, 0xa0
    dc.b    0xab, 0xa5, 0x1b, 0xa1, 0xff, 0x0f, 0x42, 0xa5, 0x13, 0xa1, 0x2d, 0x66, 0xa4, 0x1a, 0xa0, 0xad
    dc.b    0xa5, 0x1c, 0xa1, 0x01, 0x16, 0x20, 0x89, 0x82, 0x00, 0x01, 0x42, 0xa6, 0x13, 0xa2, 0x32, 0x66
    dc.b    0xa4, 0x1a, 0xa0, 0xaf, 0xa5, 0x1c, 0xa1, 0x03, 0xb8, 0x02, 0x06, 0x42, 0xa6, 0x13, 0xa2, 0x2d
    dc.b    0x11, 0x20, 0x88, 0x42, 0xa6, 0x13, 0xa2, 0x28, 0x66, 0xa4, 0x1a, 0xa0, 0xad, 0xa5, 0x1c, 0xa1
    dc.b    0x01, 0x35, 0x30, 0x9f, 0x26, 0xaa, 0x0c, 0xba, 0xf2, 0x80, 0x00, 0x42, 0xa4, 0x14, 0xa0, 0x3c
    dc.b    0x82, 0xf0, 0x01, 0x42, 0xa5, 0x13, 0xa1, 0xc5, 0x80, 0xf1, 0x42, 0xa5, 0x13, 0xa1, 0xca, 0x80
    dc.b    0x02, 0x42, 0xa6, 0x0c, 0xa2, 0x3c, 0x80, 0xf2, 0x42, 0xa6, 0x0c, 0xa2, 0x41, 0x66, 0xa4, 0x1a
    dc.b    0xa0, 0xab, 0xa5, 0x1b, 0xa1, 0xff, 0x17, 0x30, 0xff, 0x20, 0xac, 0x46, 0xa5, 0x13, 0xa1, 0xcf
    dc.b    0xa6, 0x0c, 0xa2, 0x46, 0x66, 0xa4, 0x1a, 0xa0, 0xa9, 0xa5, 0x1b, 0xa1, 0xfd, 0x0a, 0x66, 0xa4
    dc.b    0x1a, 0xa0, 0xa7, 0xa5, 0x1b, 0xa1, 0xfb, 0x0a, 0x46, 0xa5, 0x13, 0xa1, 0xca, 0xa6, 0x0c, 0xa2
    dc.b    0x41, 0x13, 0x46, 0xa5, 0x13, 0xa1, 0xc5, 0xa6, 0x0c, 0xa2, 0x3c, 0x66, 0xa4, 0x1a, 0xa0, 0xa9
    dc.b    0xa5, 0x1b, 0xa1, 0xfd, 0x0f, 0x20, 0xaa, 0x82, 0x01, 0x02, 0x66, 0xa4, 0x1a, 0xa0, 0xab, 0xa5
    dc.b    0x1b, 0xa1, 0xff, 0x0a, 0x66, 0xa4, 0x1a, 0xa0, 0xad, 0xa5, 0x1c, 0xa1, 0x01, 0x0c, 0x20, 0xa8
    dc.b    0x66, 0xa4, 0x1a, 0xa0, 0xaf, 0xa5, 0x1c, 0xa1, 0x03, 0x42, 0x2a, 0x89, 0x0c, 0x96, 0xaf, 0x0b
    dc.b    0xf2, 0x84, 0x00, 0xf0, 0x01, 0x42, 0xa5, 0x13, 0xa1, 0x8f, 0x80, 0xf1, 0x42, 0xa5, 0x13, 0xa1
    dc.b    0x94, 0x80, 0x02, 0x42, 0xa6, 0x12, 0xa2, 0xab, 0x80, 0xf2, 0x42, 0xa6, 0x12, 0xa2, 0xb0, 0x80
    dc.b    0x04, 0x62, 0xa4, 0x1a, 0xa0, 0xab, 0x80, 0xf4, 0x62, 0xa4, 0x1a, 0xa0, 0xad, 0x80, 0x05, 0x62
    dc.b    0xa5, 0x1a, 0xa1, 0xab, 0x80, 0xf5, 0x62, 0xa5, 0x1a, 0xa1, 0xad, 0x19, 0x30, 0xff, 0x24, 0x8a
    dc.b    0xa1, 0x0c, 0x46, 0xa5, 0x13, 0xa1, 0x99, 0xa6, 0x12, 0xa2, 0xb5, 0x66, 0xa4, 0x1a, 0xa0, 0xaf
    dc.b    0xa5, 0x1a, 0xa1, 0xaf, 0x03, 0x80, 0x04, 0x0f, 0x46, 0xa5, 0x13, 0xa1, 0x94, 0xa6, 0x12, 0xa2
    dc.b    0xb0, 0x62, 0xa5, 0x1a, 0xa1, 0xad, 0x0f, 0x46, 0xa5, 0x13, 0xa1, 0x8f, 0xa6, 0x12, 0xa2, 0xab
    dc.b    0x62, 0xa5, 0x1a, 0xa1, 0xab, 0x0b, 0x24, 0x89, 0xaf, 0x0b, 0x84, 0x01, 0x02, 0x05, 0xb8, 0x02
    dc.b    0x01, 0x04, 0x22, 0x88, 0xad, 0x3a, 0x30, 0x9f, 0x24, 0xaa, 0x0a, 0xf2, 0x82, 0x00, 0x01, 0x42
    dc.b    0xa5, 0x13, 0xa1, 0x2d, 0x80, 0xf1, 0x42, 0xa5, 0x13, 0xa1, 0x32, 0x80, 0x02, 0x42, 0xa6, 0x13
    dc.b    0xa2, 0x2d, 0x80, 0xf2, 0x42, 0xa6, 0x13, 0xa2, 0x32, 0x80, 0x04, 0x62, 0xa4, 0x1a, 0xa0, 0xab
    dc.b    0x80, 0xf4, 0x62, 0xa4, 0x1a, 0xa0, 0xad, 0x82, 0x05, 0xf5, 0x62, 0xa5, 0x1a, 0xa1, 0xad, 0x17
    dc.b    0x30, 0xff, 0x20, 0xac, 0x46, 0xa5, 0x13, 0xa1, 0x37, 0xa6, 0x13, 0xa2, 0x37, 0x66, 0xa4, 0x1a
    dc.b    0xa0, 0xaf, 0xa5, 0x1a, 0xa1, 0xaf, 0x03, 0x80, 0x04, 0x0f, 0x46, 0xa5, 0x13, 0xa1, 0x32, 0xa6
    dc.b    0x13, 0xa2, 0x32, 0x62, 0xa5, 0x1a, 0xa1, 0xad, 0x0f, 0x46, 0xa5, 0x13, 0xa1, 0x2d, 0xa6, 0x13
    dc.b    0xa2, 0x2d, 0x62, 0xa5, 0x1a, 0xa1, 0xab, 0x09, 0x20, 0xaa, 0x84, 0x01, 0x02, 0x05, 0xb8, 0x02
    dc.b    0x01, 0x03, 0x20, 0xa8, 0x48, 0x30, 0xbf, 0x26, 0x8e, 0x0b, 0x96, 0xf2, 0x80, 0x00, 0x42, 0xa4
    dc.b    0x1a, 0xa0, 0xd3, 0x82, 0xf0, 0x01, 0x42, 0xa5, 0x13, 0xa1, 0x8f, 0x80, 0xf1, 0x42, 0xa5, 0x13
    dc.b    0xa1, 0x94, 0x80, 0x02, 0x42, 0xa6, 0x13, 0xa2, 0xc5, 0x80, 0xf2, 0x42, 0xa6, 0x13, 0xa2, 0xca
    dc.b    0x80, 0x04, 0x62, 0xa4, 0x1a, 0xa0, 0xd3, 0x80, 0xf4, 0x62, 0xa4, 0x1a, 0xa0, 0xd5, 0x80, 0x05
    dc.b    0x62, 0xa5, 0x1c, 0xa1, 0x3c, 0x80, 0xf5, 0x62, 0xa5, 0x1c, 0xa1, 0x3e, 0x17, 0x30, 0xff, 0x20
    dc.b    0x8f, 0x46, 0xa5, 0x13, 0xa1, 0x99, 0xa6, 0x13, 0xa2, 0xcf, 0x66, 0xa4, 0x1a, 0xa0, 0xd7, 0xa5
    dc.b    0x1c, 0xa1, 0x40, 0x01, 0x13, 0x46, 0xa5, 0x13, 0xa1, 0x94, 0xa6, 0x13, 0xa2, 0xca, 0x66, 0xa4
    dc.b    0x1a, 0xa0, 0xd5, 0xa5, 0x1c, 0xa1, 0x3e, 0x13, 0x46, 0xa5, 0x13, 0xa1, 0x8f, 0xa6, 0x13, 0xa2
    dc.b    0xc5, 0x66, 0xa4, 0x1a, 0xa0, 0xd3, 0xa5, 0x1c, 0xa1, 0x3c, 0x13, 0x20, 0x8e, 0x42, 0xa5, 0x13
    dc.b    0xa1, 0x8a, 0x80, 0x02, 0x66, 0xa4, 0x1a, 0xa0, 0xd1, 0xa5, 0x1c, 0xa1, 0x3a, 0x0f, 0x42, 0xa5
    dc.b    0x13, 0xa1, 0x85, 0x66, 0xa4, 0x1a, 0xa0, 0xcf, 0xa5, 0x1c, 0xa1, 0x38, 0x03, 0x20, 0x8d, 0x24
    dc.b    0x2a, 0x89, 0x0c, 0xaa, 0x0c, 0xba, 0xf2, 0x42, 0xa5, 0x13, 0xa1, 0x8a, 0x80, 0x02, 0x42, 0xa6
    dc.b    0x13, 0xa2, 0x8f, 0x80, 0xf2, 0x42, 0xa6, 0x13, 0xa2, 0x94, 0x66, 0xa4, 0x1a, 0xa0, 0xd1, 0xa5
    dc.b    0x1c, 0xa1, 0x3a, 0x18, 0x30, 0xff, 0x22, 0x8a, 0xac, 0x46, 0xa5, 0x13, 0xa1, 0x8f, 0xa6, 0x13
    dc.b    0xa2, 0x99, 0x66, 0xa4, 0x1a, 0xa0, 0xd3, 0xa5, 0x1c, 0xa1, 0x3c, 0x0f, 0x42, 0xa5, 0x13, 0xa1
    dc.b    0x94, 0x66, 0xa4, 0x1a, 0xa0, 0xd5, 0xa5, 0x1c, 0xa1, 0x3e, 0x13, 0x46, 0xa5, 0x13, 0xa1, 0x99
    dc.b    0xa6, 0x13, 0xa2, 0x94, 0x66, 0xa4, 0x1a, 0xa0, 0xd7, 0xa5, 0x1c, 0xa1, 0x40, 0x06, 0x42, 0xa6
    dc.b    0x13, 0xa2, 0x8f, 0x14, 0x22, 0x89, 0xaa, 0x42, 0xa5, 0x13, 0xa1, 0x94, 0x80, 0x02, 0x66, 0xa4
    dc.b    0x1a, 0xa0, 0xd5, 0xa5, 0x1c, 0xa1, 0x3e, 0x0f, 0x42, 0xa5, 0x13, 0xa1, 0x8f, 0x66, 0xa4, 0x1a
    dc.b    0xa0, 0xd3, 0xa5, 0x1c, 0xa1, 0x3c, 0x12, 0x22, 0x88, 0xa8, 0x42, 0xa5, 0x13, 0xa1, 0x8a, 0x66
    dc.b    0xa4, 0x1a, 0xa0, 0xd1, 0xa5, 0x1c, 0xa1, 0x3a, 0x26, 0x30, 0xbf, 0x24, 0x8e, 0x0b, 0xf2, 0x82
    dc.b    0x00, 0xf0, 0x42, 0xa5, 0x13, 0xa1, 0x85, 0x80, 0x02, 0x42, 0xa6, 0x13, 0xa2, 0x2d, 0x80, 0xf2
    dc.b    0x42, 0xa6, 0x13, 0xa2, 0x32, 0x66, 0xa4, 0x1a, 0xa0, 0xcf, 0xa5, 0x1c, 0xa1, 0x38, 0x0a, 0x30
    dc.b    0xff, 0x20, 0x8f, 0x42, 0xa6, 0x13, 0xa2, 0x37, 0x0f, 0x42, 0xa5, 0x13, 0xa1, 0x8a, 0x66, 0xa4
    dc.b    0x1a, 0xa0, 0xd1, 0xa5, 0x1c, 0xa1, 0x3a, 0x13, 0x46, 0xa5, 0x13, 0xa1, 0x8f, 0xa6, 0x13, 0xa2
    dc.b    0x32, 0x66, 0xa4, 0x1a, 0xa0, 0xd3, 0xa5, 0x1c, 0xa1, 0x3c, 0x13, 0x46, 0xa5, 0x13, 0xa1, 0x94
    dc.b    0xa6, 0x13, 0xa2, 0x2d, 0x66, 0xa4, 0x1a, 0xa0, 0xd5, 0xa5, 0x1c, 0xa1, 0x3e, 0x15, 0x20, 0x8e
    dc.b    0x42, 0xa5, 0x13, 0xa1, 0x99, 0x80, 0x02, 0x66, 0xa4, 0x1a, 0xa0, 0xd7, 0xa5, 0x1c, 0xa1, 0x40
    dc.b    0xb8, 0x02, 0x01, 0x11, 0x20, 0x8d, 0x42, 0xa5, 0x13, 0xa1, 0x94, 0x66, 0xa4, 0x1a, 0xa0, 0xd5
    dc.b    0xa5, 0x1c, 0xa1, 0x3e, 0x2f, 0x2a, 0x89, 0x0a, 0xaf, 0x0b, 0xba, 0xf2, 0x84, 0x00, 0xf0, 0x01
    dc.b    0x42, 0xa5, 0x13, 0xa1, 0x2d, 0x80, 0xf1, 0x42, 0xa5, 0x13, 0xa1, 0x32, 0x80, 0x02, 0x42, 0xa6
    dc.b    0x13, 0xa2, 0x8f, 0x80, 0xf2, 0x42, 0xa6, 0x13, 0xa2, 0x94, 0x66, 0xa4, 0x1a, 0xa0, 0xd3, 0xa5
    dc.b    0x1c, 0xa1, 0x3c, 0x19, 0x30, 0xff, 0x24, 0x8a, 0xa1, 0x0c, 0x46, 0xa5, 0x13, 0xa1, 0x37, 0xa6
    dc.b    0x13, 0xa2, 0x99, 0x66, 0xa4, 0x1a, 0xa0, 0xd1, 0xa5, 0x1c, 0xa1, 0x3a, 0x0a, 0x66, 0xa4, 0x1a
    dc.b    0xa0, 0xcf, 0xa5, 0x1c, 0xa1, 0x38, 0x0a, 0x46, 0xa5, 0x13, 0xa1, 0x32, 0xa6, 0x13, 0xa2, 0x94
    dc.b    0x13, 0x46, 0xa5, 0x13, 0xa1, 0x2d, 0xa6, 0x13, 0xa2, 0x8f, 0x66, 0xa4, 0x1a, 0xa0, 0xd1, 0xa5
    dc.b    0x1c, 0xa1, 0x3a, 0x19, 0x24, 0x89, 0xaf, 0x0b, 0x46, 0xa5, 0x13, 0xa1, 0x28, 0xa6, 0x13, 0xa2
    dc.b    0x8a, 0x66, 0xa4, 0x1a, 0xa0, 0xd3, 0xa5, 0x1c, 0xa1, 0x3c, 0xb8, 0x01, 0x13, 0x46, 0xa5, 0x13
    dc.b    0xa1, 0x23, 0xa6, 0x13, 0xa2, 0x85, 0x66, 0xa4, 0x1a, 0xa0, 0xd5, 0xa5, 0x1c, 0xa1, 0x3e, 0x0d
    dc.b    0x22, 0x88, 0xad, 0x66, 0xa4, 0x1a, 0xa0, 0xd7, 0xa5, 0x1c, 0xa1, 0x40, 0x35, 0x28, 0x87, 0x09
    dc.b    0xaa, 0x0c, 0xf2, 0x80, 0x00, 0x42, 0xa4, 0x22, 0xa0, 0xd3, 0x80, 0xf0, 0x46, 0xa5, 0x13, 0xa1
    dc.b    0x28, 0xa6, 0x13, 0xa2, 0x8a, 0x80, 0x04, 0x62, 0xa4, 0x1a, 0xa0, 0xd3, 0x80, 0xf4, 0x62, 0xa4
    dc.b    0x1a, 0xa0, 0xd5, 0x80, 0x05, 0x62, 0xa5, 0x1a, 0xa1, 0xd3, 0x80, 0xf5, 0x62, 0xa5, 0x1a, 0xa1
    dc.b    0xd5, 0x18, 0x30, 0xff, 0x22, 0x88, 0xac, 0x46, 0xa5, 0x13, 0xa1, 0x2d, 0xa6, 0x13, 0xa2, 0x8f
    dc.b    0x66, 0xa4, 0x1a, 0xa0, 0xd7, 0xa5, 0x1a, 0xa1, 0xd7, 0x0c, 0x46, 0xa5, 0x13, 0xa1, 0x32, 0xa6
    dc.b    0x13, 0xa2, 0x94, 0x80, 0x04, 0x0f, 0x46, 0xa5, 0x13, 0xa1, 0x37, 0xa6, 0x13, 0xa2, 0x99, 0x62
    dc.b    0xa5, 0x1a, 0xa1, 0xd5, 0x06, 0x62, 0xa5, 0x1a, 0xa1, 0xd3, 0x13, 0x22, 0x87, 0xaa, 0x80, 0x00
    dc.b    0x46, 0xa5, 0x13, 0xa1, 0x32, 0xa6, 0x13, 0xa2, 0x94, 0x80, 0x05, 0xb8, 0x02, 0x0a, 0x46, 0xa5
    dc.b    0x13, 0xa1, 0x2d, 0xa6, 0x13, 0xa2, 0x8f, 0x0d, 0x22, 0x86, 0xa8, 0x46, 0xa5, 0x13, 0xa1, 0x28
    dc.b    0xa6, 0x13, 0xa2, 0x8a, 0x2f, 0x28, 0x89, 0x0a, 0xaf, 0x0b, 0xf2, 0x80, 0x00, 0x42, 0xa4, 0x1a
    dc.b    0xa0, 0xd3, 0x80, 0xf0, 0x46, 0xa5, 0x13, 0xa1, 0x23, 0xa6, 0x13, 0xa2, 0x85, 0x80, 0x04, 0x62
    dc.b    0xa4, 0x1a, 0xa0, 0xd3, 0x80, 0xf4, 0x62, 0xa4, 0x1a, 0xa0, 0xd5, 0x82, 0x05, 0xf5, 0x62, 0xa5
    dc.b    0x1a, 0xa1, 0xd5, 0x10, 0x30, 0xff, 0x24, 0x8a, 0xa1, 0x0c, 0x66, 0xa4, 0x1a, 0xa0, 0xd7, 0xa5
    dc.b    0x1a, 0xa1, 0xd7, 0x0c, 0x46, 0xa5, 0x13, 0xa1, 0x28, 0xa6, 0x13, 0xa2, 0x8a, 0x80, 0x04, 0x0f
    dc.b    0x46, 0xa5, 0x13, 0xa1, 0x2d, 0xa6, 0x13, 0xa2, 0x8f, 0x62, 0xa5, 0x1a, 0xa1, 0xd5, 0x0f, 0x46
    dc.b    0xa5, 0x13, 0xa1, 0x32, 0xa6, 0x13, 0xa2, 0x94, 0x62, 0xa5, 0x1a, 0xa1, 0xd3, 0x10, 0x24, 0x89
    dc.b    0xaf, 0x0b, 0x46, 0xa5, 0x13, 0xa1, 0x37, 0xa6, 0x13, 0xa2, 0x99, 0x80, 0x05, 0x01, 0x0d, 0x22
    dc.b    0x88, 0xad, 0x46, 0xa5, 0x13, 0xa1, 0x32, 0xa6, 0x13, 0xa2, 0x94, 0x3b, 0x28, 0x87, 0x09, 0xaa
    dc.b    0x0a, 0xf2, 0x84, 0x00, 0xf0, 0x01, 0x42, 0xa5, 0x12, 0xa1, 0xd3, 0x80, 0xf1, 0x42, 0xa5, 0x12
    dc.b    0xa1, 0xd8, 0x80, 0x02, 0x42, 0xa6, 0x13, 0xa2, 0x2d, 0x80, 0xf2, 0x42, 0xa6, 0x13, 0xa2, 0x32
    dc.b    0x80, 0x04, 0x62, 0xa4, 0x1a, 0xa0, 0xd3, 0x80, 0xf4, 0x62, 0xa4, 0x1a, 0xa0, 0xd5, 0x82, 0x05
    dc.b    0xf5, 0x62, 0xa5, 0x1a, 0xa1, 0xd5, 0x18, 0x30, 0xff, 0x22, 0x88, 0xac, 0x46, 0xa5, 0x12, 0xa1
    dc.b    0xdd, 0xa6, 0x13, 0xa2, 0x37, 0x66, 0xa4, 0x1a, 0xa0, 0xd7, 0xa5, 0x1a, 0xa1, 0xd7, 0x03, 0x80
    dc.b    0x04, 0x0f, 0x46, 0xa5, 0x12, 0xa1, 0xd8, 0xa6, 0x13, 0xa2, 0x32, 0x62, 0xa5, 0x1a, 0xa1, 0xd5
    dc.b    0x0f, 0x46, 0xa5, 0x12, 0xa1, 0xd3, 0xa6, 0x13, 0xa2, 0x2d, 0x62, 0xa5, 0x1a, 0xa1, 0xd3, 0x0f
    dc.b    0x22, 0x87, 0xaa, 0x46, 0xa5, 0x12, 0xa1, 0xce, 0xa6, 0x13, 0xa2, 0x28, 0x80, 0x05, 0x0a, 0x46
    dc.b    0xa5, 0x12, 0xa1, 0xc9, 0xa6, 0x13, 0xa2, 0x23, 0x04, 0x22, 0x86, 0xa8, 0x28, 0x28, 0x8f, 0x08
    dc.b    0xa8, 0x09, 0xf2, 0x80, 0x00, 0x46, 0xa5, 0x12, 0xa1, 0xce, 0xa6, 0x13, 0xa2, 0x28, 0x80, 0x04
    dc.b    0x62, 0xa4, 0x1a, 0xa0, 0xd3, 0x80, 0xf4, 0x62, 0xa4, 0x1a, 0xa0, 0xd5, 0x82, 0x05, 0xf5, 0x62
    dc.b    0xa5, 0x1a, 0xa1, 0xd5, 0x19, 0x30, 0xff, 0x24, 0x80, 0x09, 0xaa, 0x46, 0xa5, 0x12, 0xa1, 0xd3
    dc.b    0xa6, 0x13, 0xa2, 0x2d, 0x66, 0xa4, 0x1a, 0xa0, 0xd7, 0xa5, 0x1a, 0xa1, 0xd7, 0x0c, 0x46, 0xa5
    dc.b    0x12, 0xa1, 0xd8, 0xa6, 0x13, 0xa2, 0x32, 0x80, 0x04, 0x0f, 0x46, 0xa5, 0x12, 0xa1, 0xdd, 0xa6
    dc.b    0x13, 0xa2, 0x37, 0x62, 0xa5, 0x1a, 0xa1, 0xd5, 0x06, 0x62, 0xa5, 0x1a, 0xa1, 0xd3, 0x12, 0x24
    dc.b    0x8f, 0x08, 0xa8, 0x46, 0xa5, 0x12, 0xa1, 0xd8, 0xa6, 0x13, 0xa2, 0x32, 0x80, 0x05, 0xb8, 0x02
    dc.b    0x0a, 0x46, 0xa5, 0x12, 0xa1, 0xd3, 0xa6, 0x13, 0xa2, 0x2d, 0x0d, 0x22, 0x8e, 0xa6, 0x46, 0xa5
    dc.b    0x12, 0xa1, 0xce, 0xa6, 0x13, 0xa2, 0x28, 0x37, 0x28, 0x8f, 0x07, 0xaa, 0x0a, 0xf2, 0x80, 0x00
    dc.b    0x42, 0xa4, 0x1a, 0xa0, 0xab, 0x82, 0xf0, 0x01, 0x42, 0xa5, 0x14, 0xa1, 0x3c, 0x80, 0xf1, 0x46
    dc.b    0xa5, 0x14, 0xa1, 0x41, 0xa6, 0x13, 0xa2, 0x23, 0x80, 0x04, 0x62, 0xa4, 0x1a, 0xa0, 0xd3, 0x80
    dc.b    0xf4, 0x62, 0xa4, 0x1a, 0xa0, 0xd5, 0x82, 0x05, 0xf5, 0x62, 0xa5, 0x1a, 0xa1, 0xd5, 0x15, 0x30
    dc.b    0xff, 0x24, 0x80, 0x08, 0xac, 0x42, 0xa5, 0x14, 0xa1, 0x46, 0x66, 0xa4, 0x1a, 0xa0, 0xd7, 0xa5
    dc.b    0x1a, 0xa1, 0xd7, 0x08, 0x42, 0xa6, 0x13, 0xa2, 0x28, 0x80, 0x04, 0x0f, 0x46, 0xa5, 0x14, 0xa1
    dc.b    0x41, 0xa6, 0x13, 0xa2, 0x2d, 0x62, 0xa5, 0x1a, 0xa1, 0xd5, 0x0f, 0x46, 0xa5, 0x14, 0xa1, 0x3c
    dc.b    0xa6, 0x13, 0xa2, 0x32, 0x62, 0xa5, 0x1a, 0xa1, 0xd3, 0x10, 0x24, 0x8f, 0x07, 0xaa, 0x46, 0xa5
    dc.b    0x14, 0xa1, 0x37, 0xa6, 0x13, 0xa2, 0x37, 0x80, 0x05, 0x06, 0x42, 0xa5, 0x14, 0xa1, 0x32, 0x09
    dc.b    0x22, 0x8e, 0xa8, 0x42, 0xa6, 0x13, 0xa2, 0x32, 0x2f, 0x26, 0x81, 0xa8, 0x09, 0xf2, 0x42, 0xa5
    dc.b    0x14, 0xa1, 0x37, 0x80, 0x02, 0x42, 0xa6, 0x12, 0xa2, 0xd3, 0x80, 0xf2, 0x42, 0xa6, 0x12, 0xa2
    dc.b    0xd8, 0x80, 0x04, 0x62, 0xa4, 0x1a, 0xa0, 0xd3, 0x80, 0xf4, 0x62, 0xa4, 0x1a, 0xa0, 0xd5, 0x82
    dc.b    0x05, 0xf5, 0x62, 0xa5, 0x1a, 0xa1, 0xd5, 0x18, 0x30, 0xff, 0x22, 0x82, 0xaa, 0x46, 0xa5, 0x14
    dc.b    0xa1, 0x3c, 0xa6, 0x12, 0xa2, 0xdd, 0x66, 0xa4, 0x1a, 0xa0, 0xd7, 0xa5, 0x1a, 0xa1, 0xd7, 0x08
    dc.b    0x42, 0xa5, 0x14, 0xa1, 0x41, 0x80, 0x04, 0x0f, 0x46, 0xa5, 0x14, 0xa1, 0x46, 0xa6, 0x12, 0xa2
    dc.b    0xd8, 0x62, 0xa5, 0x1a, 0xa1, 0xd5, 0x0b, 0x42, 0xa6, 0x12, 0xa2, 0xd3, 0x62, 0xa5, 0x1a, 0xa1
    dc.b    0xd3, 0x0f, 0x22, 0x81, 0xa8, 0x46, 0xa5, 0x14, 0xa1, 0x41, 0xa6, 0x12, 0xa2, 0xce, 0x80, 0x05
    dc.b    0x0a, 0x46, 0xa5, 0x14, 0xa1, 0x3c, 0xa6, 0x12, 0xa2, 0xc9, 0x09, 0x22, 0x80, 0xa6, 0x42, 0xa5
    dc.b    0x14, 0xa1, 0x37, 0x2e, 0x26, 0x85, 0x06, 0xa0, 0xf2, 0x82, 0x00, 0xf0, 0x46, 0xa5, 0x14, 0xa1
    dc.b    0x32, 0xa6, 0x12, 0xa2, 0xce, 0x80, 0x04, 0x62, 0xa4, 0x1a, 0xa0, 0xd3, 0x80, 0xf4, 0x62, 0xa4
    dc.b    0x1a, 0xa0, 0xd5, 0x80, 0x05, 0x62, 0xa5, 0x1c, 0xa1, 0x3c, 0x80, 0xf5, 0x62, 0xa5, 0x1c, 0xa1
    dc.b    0x3e, 0x14, 0x30, 0xff, 0x22, 0x86, 0xa2, 0x42, 0xa6, 0x12, 0xa2, 0xd3, 0x66, 0xa4, 0x1a, 0xa0
    dc.b    0xd7, 0xa5, 0x1c, 0xa1, 0x40, 0x0a, 0x46, 0xa5, 0x14, 0xa1, 0x37, 0xa6, 0x12, 0xa2, 0xd8, 0x13
    dc.b    0x46, 0xa5, 0x14, 0xa1, 0x3c, 0xa6, 0x12, 0xa2, 0xdd, 0x66, 0xa4, 0x1a, 0xa0, 0xd5, 0xa5, 0x1c
    dc.b    0xa1, 0x3e, 0x0f, 0x42, 0xa5, 0x14, 0xa1, 0x41, 0x66, 0xa4, 0x1a, 0xa0, 0xd3, 0xa5, 0x1c, 0xa1
    dc.b    0x3c, 0x18, 0x22, 0x85, 0xa0, 0x46, 0xa5, 0x14, 0xa1, 0x46, 0xa6, 0x12, 0xa2, 0xd8, 0x66, 0xa4
    dc.b    0x1a, 0xa0, 0xd1, 0xa5, 0x1c, 0xa1, 0x3a, 0xb8, 0x02, 0x0f, 0x42, 0xa6, 0x12, 0xa2, 0xd3, 0x66
    dc.b    0xa4, 0x1a, 0xa0, 0xcf, 0xa5, 0x1c, 0xa1, 0x38, 0x0e, 0x24, 0x84, 0xae, 0x08, 0x46, 0xa5, 0x14
    dc.b    0xa1, 0x41, 0xa6, 0x12, 0xa2, 0xce, 0x40, 0x26, 0x81, 0x07, 0xa0, 0xf2, 0x84, 0x00, 0xf0, 0x01
    dc.b    0x42, 0xa5, 0x13, 0xa1, 0xc5, 0x80, 0xf1, 0x42, 0xa5, 0x13, 0xa1, 0xca, 0x80, 0x02, 0x42, 0xa6
    dc.b    0x14, 0xa2, 0x3c, 0x80, 0xf2, 0x42, 0xa6, 0x14, 0xa2, 0x41, 0x80, 0x04, 0x62, 0xa4, 0x1a, 0xa0
    dc.b    0xd3, 0x80, 0xf4, 0x62, 0xa4, 0x1a, 0xa0, 0xd5, 0x80, 0x05, 0x62, 0xa5, 0x1a, 0xa1, 0xd3, 0x80
    dc.b    0xf5, 0x62, 0xa5, 0x1a, 0xa1, 0xd5, 0x18, 0x30, 0xff, 0x22, 0x82, 0xa2, 0x46, 0xa5, 0x13, 0xa1
    dc.b    0xcf, 0xa6, 0x14, 0xa2, 0x46, 0x66, 0xa4, 0x1a, 0xa0, 0xd7, 0xa5, 0x1a, 0xa1, 0xd7, 0x03, 0x80
    dc.b    0x04, 0x0f, 0x46, 0xa5, 0x13, 0xa1, 0xca, 0xa6, 0x14, 0xa2, 0x41, 0x62, 0xa5, 0x1a, 0xa1, 0xd5
    dc.b    0x0f, 0x46, 0xa5, 0x13, 0xa1, 0xc5, 0xa6, 0x14, 0xa2, 0x3c, 0x62, 0xa5, 0x1a, 0xa1, 0xd3, 0x11
    dc.b    0x22, 0x81, 0xa0, 0x46, 0xa5, 0x13, 0xa1, 0xc0, 0xa6, 0x14, 0xa2, 0x37, 0x80, 0x05, 0xb8, 0x01
    dc.b    0x0a, 0x46, 0xa5, 0x13, 0xa1, 0xbb, 0xa6, 0x14, 0xa2, 0x32, 0x05, 0x24, 0x80, 0xae, 0x07, 0x2d
    dc.b    0x24, 0x8f, 0xa2, 0xf2, 0x80, 0x00, 0x42, 0xa4, 0x22, 0xa0, 0xab, 0x80, 0xf0, 0x46, 0xa5, 0x13
    dc.b    0xa1, 0xc0, 0xa6, 0x14, 0xa2, 0x37, 0x80, 0x04, 0x62, 0xa4, 0x1a, 0xa0, 0xd3, 0x80, 0xf4, 0x62
    dc.b    0xa4, 0x1a, 0xa0, 0xd5, 0x82, 0x05, 0xf5, 0x62, 0xa5, 0x1a, 0xa1, 0xd5, 0x19, 0x30, 0xff, 0x24
    dc.b    0x80, 0x08, 0xa4, 0x46, 0xa5, 0x13, 0xa1, 0xc5, 0xa6, 0x14, 0xa2, 0x3c, 0x66, 0xa4, 0x1a, 0xa0
    dc.b    0xd7, 0xa5, 0x1a, 0xa1, 0xd7, 0x0c, 0x46, 0xa5, 0x13, 0xa1, 0xca, 0xa6, 0x14, 0xa2, 0x41, 0x80
    dc.b    0x04, 0x0f, 0x46, 0xa5, 0x13, 0xa1, 0xcf, 0xa6, 0x14, 0xa2, 0x46, 0x62, 0xa5, 0x1a, 0xa1, 0xd5
    dc.b    0x06, 0x62, 0xa5, 0x1a, 0xa1, 0xd3, 0x14, 0x24, 0x8f, 0x07, 0xa2, 0x80, 0x00, 0x46, 0xa5, 0x13
    dc.b    0xa1, 0xca, 0xa6, 0x14, 0xa2, 0x41, 0x80, 0x05, 0xb8, 0x02, 0x0a, 0x46, 0xa5, 0x13, 0xa1, 0xc5
    dc.b    0xa6, 0x14, 0xa2, 0x3c, 0x0d, 0x22, 0x8e, 0xa0, 0x46, 0xa5, 0x13, 0xa1, 0xc0, 0xa6, 0x14, 0xa2
    dc.b    0x37, 0x2f, 0x28, 0x8f, 0x08, 0xa6, 0x06, 0xf2, 0x80, 0x00, 0x42, 0xa4, 0x1a, 0xa0, 0xab, 0x80
    dc.b    0xf0, 0x46, 0xa5, 0x13, 0xa1, 0xbb, 0xa6, 0x14, 0xa2, 0x32, 0x80, 0x04, 0x62, 0xa4, 0x1a, 0xa0
    dc.b    0xd3, 0x80, 0xf4, 0x62, 0xa4, 0x1a, 0xa0, 0xd5, 0x82, 0x05, 0xf5, 0x62, 0xa5, 0x1a, 0xa1, 0xd5
    dc.b    0x10, 0x30, 0xff, 0x24, 0x80, 0x09, 0xa8, 0x66, 0xa4, 0x1a, 0xa0, 0xd7, 0xa5, 0x1a, 0xa1, 0xd7
    dc.b    0x0c, 0x46, 0xa5, 0x13, 0xa1, 0xc0, 0xa6, 0x14, 0xa2, 0x37, 0x80, 0x04, 0x0f, 0x46, 0xa5, 0x13
    dc.b    0xa1, 0xc5, 0xa6, 0x14, 0xa2, 0x3c, 0x62, 0xa5, 0x1a, 0xa1, 0xd5, 0x0f, 0x46, 0xa5, 0x13, 0xa1
    dc.b    0xca, 0xa6, 0x14, 0xa2, 0x41, 0x62, 0xa5, 0x1a, 0xa1, 0xd3, 0x12, 0x24, 0x8f, 0x08, 0xa6, 0x46
    dc.b    0xa5, 0x13, 0xa1, 0xcf, 0xa6, 0x14, 0xa2, 0x46, 0x80, 0x05, 0xb8, 0x02, 0x01, 0x0d, 0x22, 0x8e
    dc.b    0xa4, 0x46, 0xa5, 0x13, 0xa1, 0xca, 0xa6, 0x14, 0xa2, 0x41, 0x41, 0x28, 0x87, 0x09, 0xa2, 0x07
    dc.b    0xf2, 0x84, 0x00, 0xf0, 0x01, 0x42, 0xa5, 0x13, 0xa1, 0x8f, 0x80, 0xf1, 0x42, 0xa5, 0x13, 0xa1
    dc.b    0x94, 0x80, 0x02, 0x42, 0xa6, 0x13, 0xa2, 0xc5, 0x80, 0xf2, 0x42, 0xa6, 0x13, 0xa2, 0xca, 0x80
    dc.b    0x04, 0x62, 0xa4, 0x1a, 0xa0, 0xd3, 0x80, 0xf4, 0x62, 0xa4, 0x1a, 0xa0, 0xd5, 0x80, 0x05, 0x62
    dc.b    0xa5, 0x1c, 0xa1, 0x3c, 0x80, 0xf5, 0x62, 0xa5, 0x1c, 0xa1, 0x3e, 0x18, 0x30, 0xff, 0x22, 0x88
    dc.b    0xa4, 0x46, 0xa5, 0x13, 0xa1, 0x99, 0xa6, 0x13, 0xa2, 0xcf, 0x66, 0xa4, 0x1a, 0xa0, 0xd7, 0xa5
    dc.b    0x1c, 0xa1, 0x40, 0x01, 0x13, 0x46, 0xa5, 0x13, 0xa1, 0x94, 0xa6, 0x13, 0xa2, 0xca, 0x66, 0xa4
    dc.b    0x1a, 0xa0, 0xd5, 0xa5, 0x1c, 0xa1, 0x3e, 0x13, 0x46, 0xa5, 0x13, 0xa1, 0x8f, 0xa6, 0x13, 0xa2
    dc.b    0xc5, 0x66, 0xa4, 0x1a, 0xa0, 0xd3, 0xa5, 0x1c, 0xa1, 0x3c, 0x18, 0x22, 0x87, 0xa2, 0x46, 0xa5
    dc.b    0x13, 0xa1, 0x8a, 0xa6, 0x13, 0xa2, 0xc0, 0x66, 0xa4, 0x1a, 0xa0, 0xd1, 0xa5, 0x1c, 0xa1, 0x3a
    dc.b    0xb8, 0x02, 0x13, 0x46, 0xa5, 0x13, 0xa1, 0x85, 0xa6, 0x13, 0xa2, 0xbb, 0x66, 0xa4, 0x1a, 0xa0
    dc.b    0xcf, 0xa5, 0x1c, 0xa1, 0x38, 0x04, 0x22, 0x86, 0xa0, 0x2f, 0x28, 0x89, 0x0a, 0xa0, 0x08, 0xf2
    dc.b    0x82, 0x00, 0xf0, 0x46, 0xa5, 0x13, 0xa1, 0x8a, 0xa6, 0x13, 0xa2, 0xc0, 0x80, 0x04, 0x62, 0xa4
    dc.b    0x1a, 0xa0, 0xd3, 0x80, 0xf4, 0x62, 0xa4, 0x1a, 0xa0, 0xd5, 0x80, 0x05, 0x62, 0xa5, 0x1a, 0xa1
    dc.b    0xd3, 0x80, 0xf5, 0x62, 0xa5, 0x1a, 0xa1, 0xd5, 0x18, 0x30, 0xff, 0x22, 0x8a, 0xa2, 0x46, 0xa5
    dc.b    0x13, 0xa1, 0x8f, 0xa6, 0x13, 0xa2, 0xc5, 0x66, 0xa4, 0x1a, 0xa0, 0xd7, 0xa5, 0x1a, 0xa1, 0xd7
    dc.b    0x0c, 0x46, 0xa5, 0x13, 0xa1, 0x94, 0xa6, 0x13, 0xa2, 0xca, 0x80, 0x04, 0x0f, 0x46, 0xa5, 0x13
    dc.b    0xa1, 0x99, 0xa6, 0x13, 0xa2, 0xcf, 0x62, 0xa5, 0x1a, 0xa1, 0xd5, 0x06, 0x62, 0xa5, 0x1a, 0xa1
    dc.b    0xd3, 0x11, 0x22, 0x89, 0xa0, 0x46, 0xa5, 0x13, 0xa1, 0x94, 0xa6, 0x13, 0xa2, 0xca, 0x80, 0x05
    dc.b    0xb8, 0x03, 0x0a, 0x46, 0xa5, 0x13, 0xa1, 0x8f, 0xa6, 0x13, 0xa2, 0xc5, 0x0e, 0x24, 0x88, 0xae
    dc.b    0x07, 0x46, 0xa5, 0x13, 0xa1, 0x8a, 0xa6, 0x13, 0xa2, 0xc0, 0x3d, 0x28, 0x83, 0x15, 0xa0, 0x09
    dc.b    0xf2, 0x80, 0x00, 0x42, 0xa4, 0x13, 0xa0, 0x8f, 0x82, 0xf0, 0x01, 0x42, 0xa5, 0x12, 0xa1, 0xab
    dc.b    0x80, 0xf1, 0x46, 0xa5, 0x12, 0xa1, 0xb0, 0xa6, 0x13, 0xa2, 0xbb, 0x80, 0x04, 0x62, 0xa4, 0x13
    dc.b    0xa0, 0x8f, 0x80, 0xf4, 0x62, 0xa4, 0x13, 0xa0, 0x91, 0x80, 0x05, 0x62, 0xa5, 0x1a, 0xa1, 0xab
    dc.b    0x80, 0xf5, 0x62, 0xa5, 0x1a, 0xa1, 0xad, 0x14, 0x30, 0xff, 0x22, 0x84, 0xa2, 0x42, 0xa5, 0x12
    dc.b    0xa1, 0xb5, 0x66, 0xa4, 0x13, 0xa0, 0x93, 0xa5, 0x1a, 0xa1, 0xaf, 0x06, 0x42, 0xa6, 0x13, 0xa2
    dc.b    0xc0, 0x13, 0x46, 0xa5, 0x12, 0xa1, 0xb0, 0xa6, 0x13, 0xa2, 0xc5, 0x66, 0xa4, 0x13, 0xa0, 0x91
    dc.b    0xa5, 0x1a, 0xa1, 0xad, 0x13, 0x46, 0xa5, 0x12, 0xa1, 0xab, 0xa6, 0x13, 0xa2, 0xca, 0x66, 0xa4
    dc.b    0x13, 0xa0, 0x8f, 0xa5, 0x1a, 0xa1, 0xab, 0x16, 0x22, 0x83, 0xa0, 0x46, 0xa5, 0x12, 0xa1, 0xa6
    dc.b    0xa6, 0x13, 0xa2, 0xcf, 0x66, 0xa4, 0x13, 0xa0, 0x8d, 0xa5, 0x1a, 0xa1, 0xa9, 0x0f, 0x42, 0xa5
    dc.b    0x12, 0xa1, 0xa1, 0x66, 0xa4, 0x13, 0xa0, 0x8b, 0xa5, 0x1a, 0xa1, 0xa7, 0x0a, 0x24, 0x82, 0xae
    dc.b    0x08, 0x42, 0xa6, 0x13, 0xa2, 0xca, 0x23, 0x28, 0x8f, 0x0e, 0xa8, 0x09, 0xf2, 0x42, 0xa5, 0x12
    dc.b    0xa1, 0xa6, 0x80, 0x02, 0x42, 0xa6, 0x13, 0xa2, 0x8f, 0x80, 0xf2, 0x42, 0xa6, 0x13, 0xa2, 0x94
    dc.b    0x66, 0xa4, 0x13, 0xa0, 0x8d, 0xa5, 0x1a, 0xa1, 0xa9, 0x19, 0x30, 0xff, 0x24, 0x80, 0x0f, 0xaa
    dc.b    0x46, 0xa5, 0x12, 0xa1, 0xab, 0xa6, 0x13, 0xa2, 0x99, 0x66, 0xa4, 0x13, 0xa0, 0x8f, 0xa5, 0x1a
    dc.b    0xa1, 0xab, 0x0f, 0x42, 0xa5, 0x12, 0xa1, 0xb0, 0x66, 0xa4, 0x13, 0xa0, 0x91, 0xa5, 0x1a, 0xa1
    dc.b    0xad, 0x13, 0x46, 0xa5, 0x12, 0xa1, 0xb5, 0xa6, 0x13, 0xa2, 0x94, 0x66, 0xa4, 0x13, 0xa0, 0x93
    dc.b    0xa5, 0x1a, 0xa1, 0xaf, 0x06, 0x42, 0xa6, 0x13, 0xa2, 0x8f, 0x17, 0x24, 0x8f, 0x0e, 0xa8, 0x46
    dc.b    0xa5, 0x12, 0xa1, 0xb0, 0xa6, 0x13, 0xa2, 0x8a, 0x66, 0xa4, 0x13, 0xa0, 0x91, 0xa5, 0x1a, 0xa1
    dc.b    0xad, 0x13, 0x46, 0xa5, 0x12, 0xa1, 0xab, 0xa6, 0x13, 0xa2, 0x85, 0x66, 0xa4, 0x13, 0xa0, 0x8f
    dc.b    0xa5, 0x1a, 0xa1, 0xab, 0x12, 0x22, 0x8e, 0xa6, 0x42, 0xa5, 0x12, 0xa1, 0xa6, 0x66, 0xa4, 0x13
    dc.b    0xa0, 0x8d, 0xa5, 0x1a, 0xa1, 0xa9, 0x1c, 0x28, 0x89, 0x0c, 0xaa, 0x0a, 0xf2, 0x82, 0x00, 0xf0
    dc.b    0x46, 0xa5, 0x12, 0xa1, 0xa1, 0xa6, 0x13, 0xa2, 0x8a, 0x66, 0xa4, 0x13, 0xa0, 0x8b, 0xa5, 0x1a
    dc.b    0xa1, 0xa7, 0x0b, 0x30, 0xff, 0x22, 0x8a, 0xac, 0x42, 0xa6, 0x13, 0xa2, 0x8f, 0x13, 0x46, 0xa5
    dc.b    0x12, 0xa1, 0xa6, 0xa6, 0x13, 0xa2, 0x94, 0x66, 0xa4, 0x13, 0xa0, 0x8d, 0xa5, 0x1a, 0xa1, 0xa9
    dc.b    0x13, 0x46, 0xa5, 0x12, 0xa1, 0xab, 0xa6, 0x13, 0xa2, 0x99, 0x66, 0xa4, 0x13, 0xa0, 0x8f, 0xa5
    dc.b    0x1a, 0xa1, 0xab, 0x0f, 0x42, 0xa5, 0x12, 0xa1, 0xb0, 0x66, 0xa4, 0x13, 0xa0, 0x91, 0xa5, 0x1a
    dc.b    0xa1, 0xad, 0x16, 0x22, 0x89, 0xaa, 0x46, 0xa5, 0x12, 0xa1, 0xb5, 0xa6, 0x13, 0xa2, 0x94, 0x66
    dc.b    0xa4, 0x13, 0xa0, 0x93, 0xa5, 0x1a, 0xa1, 0xaf, 0x06, 0x42, 0xa6, 0x13, 0xa2, 0x8f, 0x16, 0x22
    dc.b    0x88, 0xa8, 0x46, 0xa5, 0x12, 0xa1, 0xb0, 0xa6, 0x13, 0xa2, 0x8a, 0x66, 0xa4, 0x13, 0xa0, 0x91
    dc.b    0xa5, 0x1a, 0xa1, 0xad, 0x26, 0x28, 0x8f, 0x0e, 0xa4, 0x15, 0xf2, 0x82, 0x00, 0xf0, 0x42, 0xa5
    dc.b    0x12, 0xa1, 0xab, 0x80, 0x02, 0x42, 0xa6, 0x12, 0xa2, 0xab, 0x80, 0xf2, 0x42, 0xa6, 0x12, 0xa2
    dc.b    0xb0, 0x66, 0xa4, 0x13, 0xa0, 0x8f, 0xa5, 0x1a, 0xa1, 0xab, 0x19, 0x30, 0xff, 0x24, 0x80, 0x0f
    dc.b    0xa6, 0x46, 0xa5, 0x12, 0xa1, 0xa6, 0xa6, 0x12, 0xa2, 0xb5, 0x66, 0xa4, 0x13, 0xa0, 0x8d, 0xa5
    dc.b    0x1a, 0xa1, 0xa9, 0x0f, 0x42, 0xa5, 0x12, 0xa1, 0xa1, 0x66, 0xa4, 0x13, 0xa0, 0x8b, 0xa5, 0x1a
    dc.b    0xa1, 0xa7, 0x06, 0x42, 0xa6, 0x12, 0xa2, 0xb0, 0x13, 0x46, 0xa5, 0x12, 0xa1, 0xa6, 0xa6, 0x12
    dc.b    0xa2, 0xab, 0x66, 0xa4, 0x13, 0xa0, 0x8d, 0xa5, 0x1a, 0xa1, 0xa9, 0x19, 0x24, 0x8f, 0x0e, 0xa4
    dc.b    0x46, 0xa5, 0x12, 0xa1, 0xab, 0xa6, 0x12, 0xa2, 0xa6, 0x66, 0xa4, 0x13, 0xa0, 0x8f, 0xa5, 0x1a
    dc.b    0xa1, 0xab, 0xb8, 0x01, 0x13, 0x46, 0xa5, 0x12, 0xa1, 0xb0, 0xa6, 0x12, 0xa2, 0xa1, 0x66, 0xa4
    dc.b    0x13, 0xa0, 0x91, 0xa5, 0x1a, 0xa1, 0xad, 0x12, 0x22, 0x8e, 0xa2, 0x42, 0xa5, 0x12, 0xa1, 0xb5
    dc.b    0x66, 0xa4, 0x13, 0xa0, 0x93, 0xa5, 0x1a, 0xa1, 0xaf, 0x31, 0x28, 0x89, 0x0a, 0xa0, 0x0f, 0xf2
    dc.b    0x80, 0x00, 0x42, 0xa4, 0x1b, 0xa0, 0x8f, 0x80, 0xf0, 0x42, 0xa6, 0x12, 0xa2, 0xa6, 0x80, 0x04
    dc.b    0x62, 0xa4, 0x13, 0xa0, 0x8f, 0x80, 0xf4, 0x62, 0xa4, 0x13, 0xa0, 0x91, 0x80, 0x05, 0x62, 0xa5
    dc.b    0x13, 0xa1, 0x8f, 0x80, 0xf5, 0x62, 0xa5, 0x13, 0xa1, 0x91, 0x18, 0x30, 0xff, 0x22, 0x8a, 0xa2
    dc.b    0x46, 0xa5, 0x12, 0xa1, 0xb0, 0xa6, 0x12, 0xa2, 0xab, 0x66, 0xa4, 0x13, 0xa0, 0x93, 0xa5, 0x13
    dc.b    0xa1, 0x93, 0x0c, 0x46, 0xa5, 0x12, 0xa1, 0xab, 0xa6, 0x12, 0xa2, 0xb0, 0x80, 0x04, 0x0f, 0x46
    dc.b    0xa5, 0x12, 0xa1, 0xa6, 0xa6, 0x12, 0xa2, 0xb5, 0x62, 0xa5, 0x13, 0xa1, 0x91, 0x0b, 0x42, 0xa5
    dc.b    0x12, 0xa1, 0xa1, 0x62, 0xa5, 0x13, 0xa1, 0x8f, 0x0d, 0x22, 0x89, 0xa0, 0x80, 0x00, 0x42, 0xa6
    dc.b    0x12, 0xa2, 0xb0, 0x80, 0x05, 0x0a, 0x46, 0xa5, 0x12, 0xa1, 0xa6, 0xa6, 0x12, 0xa2, 0xab, 0x0e
    dc.b    0x24, 0x88, 0xae, 0x0e, 0x46, 0xa5, 0x12, 0xa1, 0xab, 0xa6, 0x12, 0xa2, 0xa6, 0x2f, 0x28, 0x89
    dc.b    0x0c, 0xaa, 0x0c, 0xf2, 0x80, 0x00, 0x42, 0xa4, 0x13, 0xa0, 0x8f, 0x80, 0xf0, 0x46, 0xa5, 0x12
    dc.b    0xa1, 0xb0, 0xa6, 0x12, 0xa2, 0xa1, 0x80, 0x04, 0x62, 0xa4, 0x13, 0xa0, 0x8f, 0x80, 0xf4, 0x62
    dc.b    0xa4, 0x13, 0xa0, 0x91, 0x82, 0x05, 0xf5, 0x62, 0xa5, 0x13, 0xa1, 0x91, 0x14, 0x30, 0xff, 0x22
    dc.b    0x8a, 0xac, 0x42, 0xa5, 0x12, 0xa1, 0xb5, 0x66, 0xa4, 0x13, 0xa0, 0x93, 0xa5, 0x13, 0xa1, 0x93
    dc.b    0x08, 0x42, 0xa6, 0x12, 0xa2, 0xa6, 0x80, 0x04, 0x0f, 0x46, 0xa5, 0x12, 0xa1, 0xb0, 0xa6, 0x12
    dc.b    0xa2, 0xab, 0x62, 0xa5, 0x13, 0xa1, 0x91, 0x0f, 0x46, 0xa5, 0x12, 0xa1, 0xab, 0xa6, 0x12, 0xa2
    dc.b    0xb0, 0x62, 0xa5, 0x13, 0xa1, 0x8f, 0x11, 0x22, 0x89, 0xaa, 0x46, 0xa5, 0x12, 0xa1, 0xa6, 0xa6
    dc.b    0x12, 0xa2, 0xb5, 0x80, 0x05, 0xb8, 0x02, 0x06, 0x42, 0xa5, 0x12, 0xa1, 0xa1, 0x09, 0x22, 0x88
    dc.b    0xa8, 0x42, 0xa6, 0x12, 0xa2, 0xb0, 0x31, 0x28, 0x89, 0x0a, 0xa0, 0x0f, 0xf2, 0x84, 0x00, 0xf0
    dc.b    0x01, 0x42, 0xa5, 0x0c, 0xa1, 0x7c, 0x80, 0xf1, 0x46, 0xa5, 0x0c, 0xa1, 0x81, 0xa6, 0x12, 0xa2
    dc.b    0xab, 0x80, 0x04, 0x62, 0xa4, 0x13, 0xa0, 0x8f, 0x80, 0xf4, 0x62, 0xa4, 0x13, 0xa0, 0x91, 0x82
    dc.b    0x05, 0xf5, 0x62, 0xa5, 0x13, 0xa1, 0x91, 0x18, 0x30, 0xff, 0x22, 0x8a, 0xa2, 0x46, 0xa5, 0x0c
    dc.b    0xa1, 0x86, 0xa6, 0x12, 0xa2, 0xa6, 0x66, 0xa4, 0x13, 0xa0, 0x93, 0xa5, 0x13, 0xa1, 0x93, 0x08
    dc.b    0x42, 0xa6, 0x12, 0xa2, 0xa1, 0x80, 0x04, 0x0b, 0x42, 0xa5, 0x0c, 0xa1, 0x81, 0x62, 0xa5, 0x13
    dc.b    0xa1, 0x91, 0x0f, 0x46, 0xa5, 0x0c, 0xa1, 0x7c, 0xa6, 0x12, 0xa2, 0xa6, 0x62, 0xa5, 0x13, 0xa1
    dc.b    0x8f, 0x0d, 0x22, 0x89, 0xa0, 0x80, 0x01, 0x42, 0xa6, 0x12, 0xa2, 0xab, 0x80, 0x05, 0x06, 0x42
    dc.b    0xa6, 0x12, 0xa2, 0xb0, 0x0a, 0x24, 0x88, 0xae, 0x0e, 0x42, 0xa6, 0x12, 0xa2, 0xb5, 0x2c, 0x28
    dc.b    0x89, 0x0c, 0xaa, 0x0a, 0xf2, 0x82, 0x00, 0x01, 0x42, 0xa5, 0x12, 0xa1, 0x5e, 0x80, 0xf1, 0x42
    dc.b    0xa5, 0x12, 0xa1, 0x63, 0x80, 0x04, 0x62, 0xa4, 0x13, 0xa0, 0x8f, 0x80, 0xf4, 0x62, 0xa4, 0x13
    dc.b    0xa0, 0x91, 0x82, 0x05, 0xf5, 0x62, 0xa5, 0x13, 0xa1, 0x91, 0x18, 0x30, 0xff, 0x22, 0x8a, 0xac
    dc.b    0x46, 0xa5, 0x12, 0xa1, 0x68, 0xa6, 0x12, 0xa2, 0xb0, 0x66, 0xa4, 0x13, 0xa0, 0x93, 0xa5, 0x13
    dc.b    0xa1, 0x93, 0x08, 0x42, 0xa6, 0x12, 0xa2, 0xab, 0x80, 0x04, 0x0f, 0x46, 0xa5, 0x12, 0xa1, 0x63
    dc.b    0xa6, 0x12, 0xa2, 0xa6, 0x62, 0xa5, 0x13, 0xa1, 0x91, 0x0f, 0x46, 0xa5, 0x12, 0xa1, 0x5e, 0xa6
    dc.b    0x12, 0xa2, 0xa1, 0x62, 0xa5, 0x13, 0xa1, 0x8f, 0x09, 0x22, 0x89, 0xaa, 0x82, 0x01, 0x05, 0xb8
    dc.b    0x02, 0x06, 0x42, 0xa6, 0x12, 0xa2, 0xa6, 0x09, 0x22, 0x88, 0xa8, 0x42, 0xa6, 0x12, 0xa2, 0xab
    dc.b    0x2f, 0x28, 0x8d, 0x11, 0xaa, 0x0c, 0xf2, 0x80, 0x01, 0x42, 0xa5, 0x12, 0xa1, 0xab, 0x80, 0xf1
    dc.b    0x46, 0xa5, 0x12, 0xa1, 0xb0, 0xa6, 0x12, 0xa2, 0xb0, 0x80, 0x04, 0x62, 0xa4, 0x13, 0xa0, 0x8f
    dc.b    0x80, 0xf4, 0x62, 0xa4, 0x13, 0xa0, 0x91, 0x82, 0x05, 0xf5, 0x62, 0xa5, 0x13, 0xa1, 0x91, 0x18
    dc.b    0x30, 0xff, 0x22, 0x8e, 0xac, 0x46, 0xa5, 0x12, 0xa1, 0xb5, 0xa6, 0x12, 0xa2, 0xb5, 0x66, 0xa4
    dc.b    0x13, 0xa0, 0x93, 0xa5, 0x13, 0xa1, 0x93, 0x03, 0x80, 0x04, 0x0f, 0x46, 0xa5, 0x12, 0xa1, 0xb0
    dc.b    0xa6, 0x12, 0xa2, 0xb0, 0x62, 0xa5, 0x13, 0xa1, 0x91, 0x0f, 0x46, 0xa5, 0x12, 0xa1, 0xab, 0xa6
    dc.b    0x12, 0xa2, 0xab, 0x62, 0xa5, 0x13, 0xa1, 0x8f, 0x0f, 0x22, 0x8d, 0xaa, 0x46, 0xa5, 0x12, 0xa1
    dc.b    0xa6, 0xa6, 0x12, 0xa2, 0xa6, 0x80, 0x05, 0x0a, 0x46, 0xa5, 0x12, 0xa1, 0xa1, 0xa6, 0x12, 0xa2
    dc.b    0xa1, 0x04, 0x22, 0x8c, 0xa8, 0x30, 0x28, 0x8f, 0x0e, 0xaa, 0x0a, 0xf2, 0x42, 0xa5, 0x12, 0xa1
    dc.b    0xa6, 0x80, 0x02, 0x42, 0xa6, 0x0c, 0xa2, 0x7c, 0x80, 0xf2, 0x42, 0xa6, 0x0c, 0xa2, 0x81, 0x80
    dc.b    0x04, 0x62, 0xa4, 0x13, 0xa0, 0x8f, 0x80, 0xf4, 0x62, 0xa4, 0x13, 0xa0, 0x91, 0x82, 0x05, 0xf5
    dc.b    0x62, 0xa5, 0x13, 0xa1, 0x91, 0x19, 0x30, 0xff, 0x24, 0x80, 0x0f, 0xac, 0x46, 0xa5, 0x12, 0xa1
    dc.b    0xab, 0xa6, 0x0c, 0xa2, 0x86, 0x66, 0xa4, 0x13, 0xa0, 0x93, 0xa5, 0x13, 0xa1, 0x93, 0x08, 0x42
    dc.b    0xa5, 0x12, 0xa1, 0xb0, 0x80, 0x04, 0x0f, 0x46, 0xa5, 0x12, 0xa1, 0xb5, 0xa6, 0x0c, 0xa2, 0x81
    dc.b    0x62, 0xa5, 0x13, 0xa1, 0x91, 0x0b, 0x42, 0xa6, 0x0c, 0xa2, 0x7c, 0x62, 0xa5, 0x13, 0xa1, 0x8f
    dc.b    0x0d, 0x24, 0x8f, 0x0e, 0xaa, 0x42, 0xa5, 0x12, 0xa1, 0xb0, 0x82, 0x02, 0x05, 0x06, 0x42, 0xa5
    dc.b    0x12, 0xa1, 0xab, 0x09, 0x22, 0x8e, 0xa8, 0x42, 0xa5, 0x12, 0xa1, 0xa6, 0x47, 0x28, 0x89, 0x0c
    dc.b    0xaa, 0x0c, 0xf2, 0x80, 0x00, 0x42, 0xa4, 0x14, 0xa0, 0x7c, 0x82, 0xf0, 0x01, 0x42, 0xa5, 0x0c
    dc.b    0xa1, 0x7c, 0x80, 0xf1, 0x42, 0xa5, 0x0c, 0xa1, 0x81, 0x80, 0x02, 0x42, 0xa6, 0x12, 0xa2, 0x5e
    dc.b    0x80, 0xf2, 0x42, 0xa6, 0x12, 0xa2, 0x63, 0x80, 0x04, 0x62, 0xa4, 0x13, 0xa0, 0x8f, 0x80, 0xf4
    dc.b    0x62, 0xa4, 0x13, 0xa0, 0x91, 0x80, 0x05, 0x62, 0xa5, 0x1a, 0xa1, 0xab, 0x80, 0xf5, 0x62, 0xa5
    dc.b    0x1a, 0xa1, 0xad, 0x18, 0x30, 0xff, 0x22, 0x8a, 0xac, 0x46, 0xa5, 0x0c, 0xa1, 0x86, 0xa6, 0x12
    dc.b    0xa2, 0x68, 0x66, 0xa4, 0x13, 0xa0, 0x93, 0xa5, 0x1a, 0xa1, 0xaf, 0x01, 0x13, 0x46, 0xa5, 0x0c
    dc.b    0xa1, 0x81, 0xa6, 0x12, 0xa2, 0x63, 0x66, 0xa4, 0x13, 0xa0, 0x91, 0xa5, 0x1a, 0xa1, 0xad, 0x13
    dc.b    0x46, 0xa5, 0x0c, 0xa1, 0x7c, 0xa6, 0x12, 0xa2, 0x5e, 0x66, 0xa4, 0x13, 0xa0, 0x8f, 0xa5, 0x1a
    dc.b    0xa1, 0xab, 0x12, 0x22, 0x89, 0xaa, 0x82, 0x01, 0x02, 0x66, 0xa4, 0x13, 0xa0, 0x8d, 0xa5, 0x1a
    dc.b    0xa1, 0xa9, 0xb8, 0x02, 0x0a, 0x66, 0xa4, 0x13, 0xa0, 0x8b, 0xa5, 0x1a, 0xa1, 0xa7, 0x04, 0x22
    dc.b    0x88, 0xa8, 0x2d, 0x28, 0x8f, 0x0e, 0xae, 0x11, 0xf2, 0x82, 0x00, 0x01, 0x42, 0xa5, 0x12, 0xa1
    dc.b    0x5e, 0x80, 0xf1, 0x42, 0xa5, 0x12, 0xa1, 0x63, 0x80, 0x02, 0x42, 0xa6, 0x12, 0xa2, 0xab, 0x80
    dc.b    0xf2, 0x42, 0xa6, 0x12, 0xa2, 0xb0, 0x66, 0xa4, 0x13, 0xa0, 0x8d, 0xa5, 0x1a, 0xa1, 0xa9, 0x1a
    dc.b    0x30, 0xff, 0x26, 0x80, 0x0f, 0xa0, 0x12, 0x46, 0xa5, 0x12, 0xa1, 0x68, 0xa6, 0x12, 0xa2, 0xb5
    dc.b    0x66, 0xa4, 0x13, 0xa0, 0x8f, 0xa5, 0x1a, 0xa1, 0xab, 0x0a, 0x66, 0xa4, 0x13, 0xa0, 0x91, 0xa5
    dc.b    0x1a, 0xa1, 0xad, 0x13, 0x46, 0xa5, 0x12, 0xa1, 0x63, 0xa6, 0x12, 0xa2, 0xb0, 0x66, 0xa4, 0x13
    dc.b    0xa0, 0x93, 0xa5, 0x1a, 0xa1, 0xaf, 0x0a, 0x46, 0xa5, 0x12, 0xa1, 0x5e, 0xa6, 0x12, 0xa2, 0xab
    dc.b    0x18, 0x26, 0x8f, 0x0e, 0xae, 0x11, 0x80, 0x01, 0x42, 0xa6, 0x12, 0xa2, 0xa6, 0x66, 0xa4, 0x13
    dc.b    0xa0, 0x91, 0xa5, 0x1a, 0xa1, 0xad, 0xb8, 0x01, 0x0f, 0x42, 0xa6, 0x12, 0xa2, 0xa1, 0x66, 0xa4
    dc.b    0x13, 0xa0, 0x8f, 0xa5, 0x1a, 0xa1, 0xab, 0x0d, 0x22, 0x8e, 0xac, 0x66, 0xa4, 0x13, 0xa0, 0x8d
    dc.b    0xa5, 0x1a, 0xa1, 0xa9, 0x2a, 0x28, 0x89, 0x0a, 0xa0, 0x0f, 0xf2, 0x80, 0x00, 0x42, 0xa4, 0x1c
    dc.b    0xa0, 0x7c, 0x82, 0xf0, 0x01, 0x42, 0xa5, 0x12, 0xa1, 0xab, 0x80, 0xf1, 0x46, 0xa5, 0x12, 0xa1
    dc.b    0xb0, 0xa6, 0x12, 0xa2, 0xa6, 0x66, 0xa4, 0x13, 0xa0, 0x8b, 0xa5, 0x1a, 0xa1, 0xa7, 0x0f, 0x30
    dc.b    0xff, 0x22, 0x8a, 0xa2, 0x46, 0xa5, 0x12, 0xa1, 0xb5, 0xa6, 0x12, 0xa2, 0xab, 0x0f, 0x42, 0xa6
    dc.b    0x12, 0xa2, 0xb0, 0x66, 0xa4, 0x13, 0xa0, 0x8d, 0xa5, 0x1a, 0xa1, 0xa9, 0x13, 0x46, 0xa5, 0x12
    dc.b    0xa1, 0xb0, 0xa6, 0x12, 0xa2, 0xb5, 0x66, 0xa4, 0x13, 0xa0, 0x8f, 0xa5, 0x1a, 0xa1, 0xab, 0x0f
    dc.b    0x42, 0xa5, 0x12, 0xa1, 0xab, 0x66, 0xa4, 0x13, 0xa0, 0x91, 0xa5, 0x1a, 0xa1, 0xad, 0x17, 0x22
    dc.b    0x89, 0xa0, 0x82, 0x00, 0x01, 0x42, 0xa6, 0x12, 0xa2, 0xb0, 0x66, 0xa4, 0x13, 0xa0, 0x93, 0xa5
    dc.b    0x1a, 0xa1, 0xaf, 0xb8, 0x02, 0x06, 0x42, 0xa6, 0x12, 0xa2, 0xab, 0x13, 0x24, 0x88, 0xae, 0x0e
    dc.b    0x42, 0xa6, 0x12, 0xa2, 0xa6, 0x66, 0xa4, 0x13, 0xa0, 0x91, 0xa5, 0x1a, 0xa1, 0xad, 0x34, 0x28
    dc.b    0x89, 0x0c, 0xaa, 0x0c, 0xf2, 0x80, 0x00, 0x42, 0xa4, 0x14, 0xa0, 0x7c, 0x82, 0xf0, 0x01, 0x42
    dc.b    0xa5, 0x13, 0xa1, 0x2d, 0x80, 0xf1, 0x42, 0xa5, 0x13, 0xa1, 0x32, 0x80, 0x02, 0x42, 0xa6, 0x0c
    dc.b    0xa2, 0x7c, 0x80, 0xf2, 0x42, 0xa6, 0x0c, 0xa2, 0x81, 0x66, 0xa4, 0x13, 0xa0, 0x8f, 0xa5, 0x1a
    dc.b    0xa1, 0xab, 0x18, 0x30, 0xff, 0x22, 0x8a, 0xac, 0x46, 0xa5, 0x13, 0xa1, 0x37, 0xa6, 0x0c, 0xa2
    dc.b    0x86, 0x66, 0xa4, 0x13, 0xa0, 0x8d, 0xa5, 0x1a, 0xa1, 0xa9, 0x0a, 0x66, 0xa4, 0x13, 0xa0, 0x8b
    dc.b    0xa5, 0x1a, 0xa1, 0xa7, 0x0a, 0x46, 0xa5, 0x13, 0xa1, 0x32, 0xa6, 0x0c, 0xa2, 0x81, 0x13, 0x46
    dc.b    0xa5, 0x13, 0xa1, 0x2d, 0xa6, 0x0c, 0xa2, 0x7c, 0x66, 0xa4, 0x13, 0xa0, 0x8d, 0xa5, 0x1a, 0xa1
    dc.b    0xa9, 0x10, 0x22, 0x89, 0xaa, 0x82, 0x01, 0x02, 0x66, 0xa4, 0x13, 0xa0, 0x8f, 0xa5, 0x1a, 0xa1
    dc.b    0xab, 0x0a, 0x66, 0xa4, 0x13, 0xa0, 0x91, 0xa5, 0x1a, 0xa1, 0xad, 0x0d, 0x22, 0x88, 0xa8, 0x66
    dc.b    0xa4, 0x13, 0xa0, 0x93, 0xa5, 0x1a, 0xa1, 0xaf, 0x41, 0x28, 0x89, 0x0a, 0xa0, 0x0f, 0xf2, 0x84
    dc.b    0x00, 0xf0, 0x01, 0x42, 0xa5, 0x12, 0xa1, 0xd3, 0x80, 0xf1, 0x42, 0xa5, 0x12, 0xa1, 0xd8, 0x80
    dc.b    0x02, 0x42, 0xa6, 0x12, 0xa2, 0x5e, 0x80, 0xf2, 0x42, 0xa6, 0x12, 0xa2, 0x63, 0x80, 0x04, 0x62
    dc.b    0xa4, 0x13, 0xa0, 0x8f, 0x80, 0xf4, 0x62, 0xa4, 0x13, 0xa0, 0x91, 0x80, 0x05, 0x62, 0xa5, 0x13
    dc.b    0xa1, 0x8f, 0x80, 0xf5, 0x62, 0xa5, 0x13, 0xa1, 0x91, 0x18, 0x30, 0xff, 0x22, 0x8a, 0xa2, 0x46
    dc.b    0xa5, 0x12, 0xa1, 0xdd, 0xa6, 0x12, 0xa2, 0x68, 0x66, 0xa4, 0x13, 0xa0, 0x93, 0xa5, 0x13, 0xa1
    dc.b    0x93, 0x03, 0x80, 0x04, 0x0f, 0x46, 0xa5, 0x12, 0xa1, 0xd8, 0xa6, 0x12, 0xa2, 0x63, 0x62, 0xa5
    dc.b    0x13, 0xa1, 0x91, 0x0f, 0x46, 0xa5, 0x12, 0xa1, 0xd3, 0xa6, 0x12, 0xa2, 0x5e, 0x62, 0xa5, 0x13
    dc.b    0xa1, 0x8f, 0x0a, 0x22, 0x89, 0xa0, 0x84, 0x01, 0x02, 0x05, 0xb8, 0x02, 0x01, 0x05, 0x24, 0x88
    dc.b    0xae, 0x0e, 0x3a, 0x28, 0x89, 0x0c, 0xaa, 0x0a, 0xf2, 0x82, 0x00, 0x01, 0x42, 0xa5, 0x12, 0xa1
    dc.b    0xab, 0x80, 0xf1, 0x42, 0xa5, 0x12, 0xa1, 0xb0, 0x80, 0x02, 0x42, 0xa6, 0x12, 0xa2, 0xab, 0x80
    dc.b    0xf2, 0x42, 0xa6, 0x12, 0xa2, 0xb0, 0x80, 0x04, 0x62, 0xa4, 0x13, 0xa0, 0x8f, 0x80, 0xf4, 0x62
    dc.b    0xa4, 0x13, 0xa0, 0x91, 0x82, 0x05, 0xf5, 0x62, 0xa5, 0x13, 0xa1, 0x91, 0x18, 0x30, 0xff, 0x22
    dc.b    0x8a, 0xac, 0x46, 0xa5, 0x12, 0xa1, 0xb5, 0xa6, 0x12, 0xa2, 0xb5, 0x66, 0xa4, 0x13, 0xa0, 0x93
    dc.b    0xa5, 0x13, 0xa1, 0x93, 0x03, 0x80, 0x04, 0x0f, 0x46, 0xa5, 0x12, 0xa1, 0xb0, 0xa6, 0x12, 0xa2
    dc.b    0xb0, 0x62, 0xa5, 0x13, 0xa1, 0x91, 0x0f, 0x46, 0xa5, 0x12, 0xa1, 0xab, 0xa6, 0x12, 0xa2, 0xab
    dc.b    0x62, 0xa5, 0x13, 0xa1, 0x8f, 0x0a, 0x22, 0x89, 0xaa, 0x84, 0x01, 0x02, 0x05, 0xb8, 0x02, 0x01
    dc.b    0x04, 0x22, 0x88, 0xa8, 0x47, 0x28, 0x8e, 0x12, 0xaa, 0x0c, 0xf2, 0x80, 0x00, 0x42, 0xa4, 0x1a
    dc.b    0xa0, 0x5e, 0x82, 0xf0, 0x01, 0x42, 0xa5, 0x12, 0xa1, 0xd3, 0x80, 0xf1, 0x42, 0xa5, 0x12, 0xa1
    dc.b    0xd8, 0x80, 0x02, 0x42, 0xa6, 0x13, 0xa2, 0x2d, 0x80, 0xf2, 0x42, 0xa6, 0x13, 0xa2, 0x32, 0x80
    dc.b    0x04, 0x62, 0xa4, 0x1a, 0xa0, 0x5e, 0x80, 0xf4, 0x62, 0xa4, 0x1a, 0xa0, 0x60, 0x80, 0x05, 0x62
    dc.b    0xa5, 0x1b, 0xa1, 0x8f, 0x80, 0xf5, 0x62, 0xa5, 0x1b, 0xa1, 0x91, 0x18, 0x30, 0xff, 0x22, 0x8f
    dc.b    0xac, 0x46, 0xa5, 0x12, 0xa1, 0xdd, 0xa6, 0x13, 0xa2, 0x37, 0x66, 0xa4, 0x1a, 0xa0, 0x62, 0xa5
    dc.b    0x1b, 0xa1, 0x93, 0x01, 0x13, 0x46, 0xa5, 0x12, 0xa1, 0xd8, 0xa6, 0x13, 0xa2, 0x32, 0x66, 0xa4
    dc.b    0x1a, 0xa0, 0x60, 0xa5, 0x1b, 0xa1, 0x91, 0x13, 0x46, 0xa5, 0x12, 0xa1, 0xd3, 0xa6, 0x13, 0xa2
    dc.b    0x2d, 0x66, 0xa4, 0x1a, 0xa0, 0x5e, 0xa5, 0x1b, 0xa1, 0x8f, 0x14, 0x22, 0x8e, 0xaa, 0x42, 0xa5
    dc.b    0x12, 0xa1, 0xce, 0x80, 0x02, 0x66, 0xa4, 0x1a, 0xa0, 0x5c, 0xa5, 0x1b, 0xa1, 0x8d, 0x0f, 0x42
    dc.b    0xa5, 0x12, 0xa1, 0xc9, 0x66, 0xa4, 0x1a, 0xa0, 0x5a, 0xa5, 0x1b, 0xa1, 0x8b, 0x04, 0x22, 0x8d
    dc.b    0xa8, 0x23, 0x28, 0x82, 0x0e, 0xaa, 0x0a, 0xf2, 0x42, 0xa5, 0x12, 0xa1, 0xce, 0x80, 0x02, 0x42
    dc.b    0xa6, 0x12, 0xa2, 0xd3, 0x80, 0xf2, 0x42, 0xa6, 0x12, 0xa2, 0xd8, 0x66, 0xa4, 0x1a, 0xa0, 0x5c
    dc.b    0xa5, 0x1b, 0xa1, 0x8d, 0x18, 0x30, 0xff, 0x22, 0x83, 0xac, 0x46, 0xa5, 0x12, 0xa1, 0xd3, 0xa6
    dc.b    0x12, 0xa2, 0xdd, 0x66, 0xa4, 0x1a, 0xa0, 0x5e, 0xa5, 0x1b, 0xa1, 0x8f, 0x0f, 0x42, 0xa5, 0x12
    dc.b    0xa1, 0xd8, 0x66, 0xa4, 0x1a, 0xa0, 0x60, 0xa5, 0x1b, 0xa1, 0x91, 0x13, 0x46, 0xa5, 0x12, 0xa1
    dc.b    0xdd, 0xa6, 0x12, 0xa2, 0xd8, 0x66, 0xa4, 0x1a, 0xa0, 0x62, 0xa5, 0x1b, 0xa1, 0x93, 0x06, 0x42
    dc.b    0xa6, 0x12, 0xa2, 0xd3, 0x14, 0x22, 0x82, 0xaa, 0x42, 0xa5, 0x12, 0xa1, 0xd8, 0x80, 0x02, 0x66
    dc.b    0xa4, 0x1a, 0xa0, 0x60, 0xa5, 0x1b, 0xa1, 0x91, 0x0f, 0x42, 0xa5, 0x12, 0xa1, 0xd3, 0x66, 0xa4
    dc.b    0x1a, 0xa0, 0x5e, 0xa5, 0x1b, 0xa1, 0x8f, 0x12, 0x22, 0x81, 0xa8, 0x42, 0xa5, 0x12, 0xa1, 0xce
    dc.b    0x66, 0xa4, 0x1a, 0xa0, 0x5c, 0xa5, 0x1b, 0xa1, 0x8d, 0x26, 0x28, 0x8e, 0x0b, 0xaa, 0x0c, 0xf2
    dc.b    0x82, 0x00, 0xf0, 0x42, 0xa5, 0x12, 0xa1, 0xc9, 0x80, 0x02, 0x42, 0xa6, 0x12, 0xa2, 0xab, 0x80
    dc.b    0xf2, 0x42, 0xa6, 0x12, 0xa2, 0xb0, 0x66, 0xa4, 0x1a, 0xa0, 0x5a, 0xa5, 0x1b, 0xa1, 0x8b, 0x0b
    dc.b    0x30, 0xff, 0x22, 0x8f, 0xac, 0x42, 0xa6, 0x12, 0xa2, 0xb5, 0x0f, 0x42, 0xa5, 0x12, 0xa1, 0xce
    dc.b    0x66, 0xa4, 0x1a, 0xa0, 0x5c, 0xa5, 0x1b, 0xa1, 0x8d, 0x13, 0x46, 0xa5, 0x12, 0xa1, 0xd3, 0xa6
    dc.b    0x12, 0xa2, 0xb0, 0x66, 0xa4, 0x1a, 0xa0, 0x5e, 0xa5, 0x1b, 0xa1, 0x8f, 0x13, 0x46, 0xa5, 0x12
    dc.b    0xa1, 0xd8, 0xa6, 0x12, 0xa2, 0xab, 0x66, 0xa4, 0x1a, 0xa0, 0x60, 0xa5, 0x1b, 0xa1, 0x91, 0x16
    dc.b    0x22, 0x8e, 0xaa, 0x42, 0xa5, 0x12, 0xa1, 0xdd, 0x80, 0x02, 0x66, 0xa4, 0x1a, 0xa0, 0x62, 0xa5
    dc.b    0x1b, 0xa1, 0x93, 0xb8, 0x02, 0x01, 0x12, 0x22, 0x8d, 0xa8, 0x42, 0xa5, 0x12, 0xa1, 0xd8, 0x66
    dc.b    0xa4, 0x1a, 0xa0, 0x60, 0xa5, 0x1b, 0xa1, 0x91, 0x26, 0x28, 0x82, 0x0e, 0xaf, 0x12, 0xf2, 0x82
    dc.b    0x00, 0xf0, 0x42, 0xa5, 0x12, 0xa1, 0xd3, 0x80, 0x02, 0x42, 0xa6, 0x12, 0xa2, 0xd3, 0x80, 0xf2
    dc.b    0x42, 0xa6, 0x12, 0xa2, 0xd8, 0x66, 0xa4, 0x1a, 0xa0, 0x5e, 0xa5, 0x1b, 0xa1, 0x8f, 0x19, 0x30
    dc.b    0xff, 0x24, 0x83, 0xa1, 0x13, 0x46, 0xa5, 0x12, 0xa1, 0xce, 0xa6, 0x12, 0xa2, 0xdd, 0x66, 0xa4
    dc.b    0x1a, 0xa0, 0x5c, 0xa5, 0x1b, 0xa1, 0x8d, 0x0f, 0x42, 0xa5, 0x12, 0xa1, 0xc9, 0x66, 0xa4, 0x1a
    dc.b    0xa0, 0x5a, 0xa5, 0x1b, 0xa1, 0x8b, 0x06, 0x42, 0xa6, 0x12, 0xa2, 0xd8, 0x13, 0x46, 0xa5, 0x12
    dc.b    0xa1, 0xce, 0xa6, 0x12, 0xa2, 0xd3, 0x66, 0xa4, 0x1a, 0xa0, 0x5c, 0xa5, 0x1b, 0xa1, 0x8d, 0x19
    dc.b    0x24, 0x82, 0xaf, 0x12, 0x46, 0xa5, 0x12, 0xa1, 0xd3, 0xa6, 0x12, 0xa2, 0xce, 0x66, 0xa4, 0x1a
    dc.b    0xa0, 0x5e, 0xa5, 0x1b, 0xa1, 0x8f, 0xb8, 0x01, 0x13, 0x46, 0xa5, 0x12, 0xa1, 0xd8, 0xa6, 0x12
    dc.b    0xa2, 0xc9, 0x66, 0xa4, 0x1a, 0xa0, 0x60, 0xa5, 0x1b, 0xa1, 0x91, 0x12, 0x22, 0x81, 0xad, 0x42
    dc.b    0xa5, 0x12, 0xa1, 0xdd, 0x66, 0xa4, 0x1a, 0xa0, 0x62, 0xa5, 0x1b, 0xa1, 0x93, 0x31, 0x28, 0x8e
    dc.b    0x0b, 0xa3, 0x0e, 0xf2, 0x80, 0x00, 0x42, 0xa4, 0x22, 0xa0, 0x5e, 0x80, 0xf0, 0x42, 0xa6, 0x12
    dc.b    0xa2, 0xce, 0x80, 0x04, 0x62, 0xa4, 0x1a, 0xa0, 0x5e, 0x80, 0xf4, 0x62, 0xa4, 0x1a, 0xa0, 0x60
    dc.b    0x80, 0x05, 0x62, 0xa5, 0x1a, 0xa1, 0x5e, 0x80, 0xf5, 0x62, 0xa5, 0x1a, 0xa1, 0x60, 0x18, 0x30
    dc.b    0xff, 0x22, 0x8f, 0xa5, 0x46, 0xa5, 0x12, 0xa1, 0xd8, 0xa6, 0x12, 0xa2, 0xd3, 0x66, 0xa4, 0x1a
    dc.b    0xa0, 0x62, 0xa5, 0x1a, 0xa1, 0x62, 0x0c, 0x46, 0xa5, 0x12, 0xa1, 0xd3, 0xa6, 0x12, 0xa2, 0xd8
    dc.b    0x80, 0x04, 0x0f, 0x46, 0xa5, 0x12, 0xa1, 0xce, 0xa6, 0x12, 0xa2, 0xdd, 0x62, 0xa5, 0x1a, 0xa1
    dc.b    0x60, 0x0b, 0x42, 0xa5, 0x12, 0xa1, 0xc9, 0x62, 0xa5, 0x1a, 0xa1, 0x5e, 0x0f, 0x22, 0x8e, 0xa3
    dc.b    0x80, 0x00, 0x42, 0xa6, 0x12, 0xa2, 0xd8, 0x80, 0x05, 0xb8, 0x02, 0x0a, 0x46, 0xa5, 0x12, 0xa1
    dc.b    0xce, 0xa6, 0x12, 0xa2, 0xd3, 0x0d, 0x22, 0x8d, 0xa1, 0x46, 0xa5, 0x12, 0xa1, 0xd3, 0xa6, 0x12
    dc.b    0xa2, 0xce, 0x2f, 0x28, 0x82, 0x0e, 0xaf, 0x0b, 0xf2, 0x80, 0x00, 0x42, 0xa4, 0x1a, 0xa0, 0x5e
    dc.b    0x80, 0xf0, 0x46, 0xa5, 0x12, 0xa1, 0xd8, 0xa6, 0x12, 0xa2, 0xc9, 0x80, 0x04, 0x62, 0xa4, 0x1a
    dc.b    0xa0, 0x5e, 0x80, 0xf4, 0x62, 0xa4, 0x1a, 0xa0, 0x60, 0x82, 0x05, 0xf5, 0x62, 0xa5, 0x1a, 0xa1
    dc.b    0x60, 0x15, 0x30, 0xff, 0x24, 0x83, 0xa1, 0x0c, 0x42, 0xa5, 0x12, 0xa1, 0xdd, 0x66, 0xa4, 0x1a
    dc.b    0xa0, 0x62, 0xa5, 0x1a, 0xa1, 0x62, 0x08, 0x42, 0xa6, 0x12, 0xa2, 0xce, 0x80, 0x04, 0x0f, 0x46
    dc.b    0xa5, 0x12, 0xa1, 0xd8, 0xa6, 0x12, 0xa2, 0xd3, 0x62, 0xa5, 0x1a, 0xa1, 0x60, 0x0f, 0x46, 0xa5
    dc.b    0x12, 0xa1, 0xd3, 0xa6, 0x12, 0xa2, 0xd8, 0x62, 0xa5, 0x1a, 0xa1, 0x5e, 0x10, 0x24, 0x82, 0xaf
    dc.b    0x0b, 0x46, 0xa5, 0x12, 0xa1, 0xce, 0xa6, 0x12, 0xa2, 0xdd, 0x80, 0x05, 0x06, 0x42, 0xa5, 0x12
    dc.b    0xa1, 0xc9, 0x09, 0x22, 0x81, 0xad, 0x42, 0xa6, 0x12, 0xa2, 0xd8, 0x31, 0x28, 0x8e, 0x0b, 0xa3
    dc.b    0x0e, 0xf2, 0x84, 0x00, 0xf0, 0x01, 0x42, 0xa5, 0x12, 0xa1, 0x5e, 0x80, 0xf1, 0x46, 0xa5, 0x12
    dc.b    0xa1, 0x63, 0xa6, 0x12, 0xa2, 0xd3, 0x80, 0x04, 0x62, 0xa4, 0x1a, 0xa0, 0x5e, 0x80, 0xf4, 0x62
    dc.b    0xa4, 0x1a, 0xa0, 0x60, 0x82, 0x05, 0xf5, 0x62, 0xa5, 0x1a, 0xa1, 0x60, 0x18, 0x30, 0xff, 0x22
    dc.b    0x8f, 0xa5, 0x46, 0xa5, 0x12, 0xa1, 0x68, 0xa6, 0x12, 0xa2, 0xce, 0x66, 0xa4, 0x1a, 0xa0, 0x62
    dc.b    0xa5, 0x1a, 0xa1, 0x62, 0x08, 0x42, 0xa6, 0x12, 0xa2, 0xc9, 0x80, 0x04, 0x0b, 0x42, 0xa5, 0x12
    dc.b    0xa1, 0x63, 0x62, 0xa5, 0x1a, 0xa1, 0x60, 0x0f, 0x46, 0xa5, 0x12, 0xa1, 0x5e, 0xa6, 0x12, 0xa2
    dc.b    0xce, 0x62, 0xa5, 0x1a, 0xa1, 0x5e, 0x0d, 0x22, 0x8e, 0xa3, 0x80, 0x01, 0x42, 0xa6, 0x12, 0xa2
    dc.b    0xd3, 0x80, 0x05, 0x06, 0x42, 0xa6, 0x12, 0xa2, 0xd8, 0x09, 0x22, 0x8d, 0xa1, 0x42, 0xa6, 0x12
    dc.b    0xa2, 0xdd, 0x2c, 0x28, 0x82, 0x0e, 0xaf, 0x0b, 0xf2, 0x82, 0x00, 0x01, 0x42, 0xa5, 0x12, 0xa1
    dc.b    0xab, 0x80, 0xf1, 0x42, 0xa5, 0x12, 0xa1, 0xb0, 0x80, 0x04, 0x62, 0xa4, 0x1a, 0xa0, 0x5e, 0x80
    dc.b    0xf4, 0x62, 0xa4, 0x1a, 0xa0, 0x60, 0x82, 0x05, 0xf5, 0x62, 0xa5, 0x1a, 0xa1, 0x60, 0x19, 0x30
    dc.b    0xff, 0x24, 0x83, 0xa1, 0x0c, 0x46, 0xa5, 0x12, 0xa1, 0xb5, 0xa6, 0x12, 0xa2, 0xd8, 0x66, 0xa4
    dc.b    0x1a, 0xa0, 0x62, 0xa5, 0x1a, 0xa1, 0x62, 0x08, 0x42, 0xa6, 0x12, 0xa2, 0xd3, 0x80, 0x04, 0x0f
    dc.b    0x46, 0xa5, 0x12, 0xa1, 0xb0, 0xa6, 0x12, 0xa2, 0xce, 0x62, 0xa5, 0x1a, 0xa1, 0x60, 0x0f, 0x46
    dc.b    0xa5, 0x12, 0xa1, 0xab, 0xa6, 0x12, 0xa2, 0xc9, 0x62, 0xa5, 0x1a, 0xa1, 0x5e, 0x0a, 0x24, 0x82
    dc.b    0xaf, 0x0b, 0x82, 0x01, 0x05, 0xb8, 0x02, 0x06, 0x42, 0xa6, 0x12, 0xa2, 0xce, 0x09, 0x22, 0x81
    dc.b    0xad, 0x42, 0xa6, 0x12, 0xa2, 0xd3, 0x2f, 0x28, 0x8d, 0x11, 0xa3, 0x0e, 0xf2, 0x80, 0x01, 0x42
    dc.b    0xa5, 0x12, 0xa1, 0xd3, 0x80, 0xf1, 0x46, 0xa5, 0x12, 0xa1, 0xd8, 0xa6, 0x12, 0xa2, 0xd8, 0x80
    dc.b    0x04, 0x62, 0xa4, 0x1a, 0xa0, 0x5e, 0x80, 0xf4, 0x62, 0xa4, 0x1a, 0xa0, 0x60, 0x82, 0x05, 0xf5
    dc.b    0x62, 0xa5, 0x1a, 0xa1, 0x60, 0x18, 0x30, 0xff, 0x22, 0x8e, 0xa5, 0x46, 0xa5, 0x12, 0xa1, 0xdd
    dc.b    0xa6, 0x12, 0xa2, 0xdd, 0x66, 0xa4, 0x1a, 0xa0, 0x62, 0xa5, 0x1a, 0xa1, 0x62, 0x03, 0x80, 0x04
    dc.b    0x0f, 0x46, 0xa5, 0x12, 0xa1, 0xd8, 0xa6, 0x12, 0xa2, 0xd8, 0x62, 0xa5, 0x1a, 0xa1, 0x60, 0x0f
    dc.b    0x46, 0xa5, 0x12, 0xa1, 0xd3, 0xa6, 0x12, 0xa2, 0xd3, 0x62, 0xa5, 0x1a, 0xa1, 0x5e, 0x0f, 0x22
    dc.b    0x8d, 0xa3, 0x46, 0xa5, 0x12, 0xa1, 0xce, 0xa6, 0x12, 0xa2, 0xce, 0x80, 0x05, 0x0a, 0x46, 0xa5
    dc.b    0x12, 0xa1, 0xc9, 0xa6, 0x12, 0xa2, 0xc9, 0x04, 0x22, 0x8c, 0xa1, 0x30, 0x28, 0x82, 0x0e, 0xaf
    dc.b    0x0b, 0xf2, 0x42, 0xa5, 0x12, 0xa1, 0xce, 0x80, 0x02, 0x42, 0xa6, 0x12, 0xa2, 0x5e, 0x80, 0xf2
    dc.b    0x42, 0xa6, 0x12, 0xa2, 0x63, 0x80, 0x04, 0x62, 0xa4, 0x1a, 0xa0, 0x5e, 0x80, 0xf4, 0x62, 0xa4
    dc.b    0x1a, 0xa0, 0x60, 0x82, 0x05, 0xf5, 0x62, 0xa5, 0x1a, 0xa1, 0x60, 0x19, 0x30, 0xff, 0x24, 0x83
    dc.b    0xa1, 0x0c, 0x46, 0xa5, 0x12, 0xa1, 0xd3, 0xa6, 0x12, 0xa2, 0x68, 0x66, 0xa4, 0x1a, 0xa0, 0x62
    dc.b    0xa5, 0x1a, 0xa1, 0x62, 0x08, 0x42, 0xa5, 0x12, 0xa1, 0xd8, 0x80, 0x04, 0x0f, 0x46, 0xa5, 0x12
    dc.b    0xa1, 0xdd, 0xa6, 0x12, 0xa2, 0x63, 0x62, 0xa5, 0x1a, 0xa1, 0x60, 0x0b, 0x42, 0xa6, 0x12, 0xa2
    dc.b    0x5e, 0x62, 0xa5, 0x1a, 0xa1, 0x5e, 0x0d, 0x24, 0x82, 0xaf, 0x0b, 0x42, 0xa5, 0x12, 0xa1, 0xd8
    dc.b    0x82, 0x02, 0x05, 0x06, 0x42, 0xa5, 0x12, 0xa1, 0xd3, 0x09, 0x22, 0x81, 0xad, 0x42, 0xa5, 0x12
    dc.b    0xa1, 0xce, 0x47, 0x28, 0x8e, 0x0b, 0xa3, 0x0e, 0xf2, 0x80, 0x00, 0x42, 0xa4, 0x13, 0xa0, 0xff
    dc.b    0x82, 0xf0, 0x01, 0x42, 0xa5, 0x12, 0xa1, 0x5e, 0x80, 0xf1, 0x42, 0xa5, 0x12, 0xa1, 0x63, 0x80
    dc.b    0x02, 0x42, 0xa6, 0x12, 0xa2, 0xab, 0x80, 0xf2, 0x42, 0xa6, 0x12, 0xa2, 0xb0, 0x80, 0x04, 0x62
    dc.b    0xa4, 0x1a, 0xa0, 0x5e, 0x80, 0xf4, 0x62, 0xa4, 0x1a, 0xa0, 0x60, 0x80, 0x05, 0x62, 0xa5, 0x1b
    dc.b    0xa1, 0x8f, 0x80, 0xf5, 0x62, 0xa5, 0x1b, 0xa1, 0x91, 0x18, 0x30, 0xff, 0x22, 0x8f, 0xa5, 0x46
    dc.b    0xa5, 0x12, 0xa1, 0x68, 0xa6, 0x12, 0xa2, 0xb5, 0x66, 0xa4, 0x1a, 0xa0, 0x62, 0xa5, 0x1b, 0xa1
    dc.b    0x93, 0x01, 0x13, 0x46, 0xa5, 0x12, 0xa1, 0x63, 0xa6, 0x12, 0xa2, 0xb0, 0x66, 0xa4, 0x1a, 0xa0
    dc.b    0x60, 0xa5, 0x1b, 0xa1, 0x91, 0x13, 0x46, 0xa5, 0x12, 0xa1, 0x5e, 0xa6, 0x12, 0xa2, 0xab, 0x66
    dc.b    0xa4, 0x1a, 0xa0, 0x5e, 0xa5, 0x1b, 0xa1, 0x8f, 0x12, 0x22, 0x8e, 0xa3, 0x82, 0x01, 0x02, 0x66
    dc.b    0xa4, 0x1a, 0xa0, 0x5c, 0xa5, 0x1b, 0xa1, 0x8d, 0xb8, 0x02, 0x0a, 0x66, 0xa4, 0x1a, 0xa0, 0x5a
    dc.b    0xa5, 0x1b, 0xa1, 0x8b, 0x04, 0x22, 0x8d, 0xa1, 0x2d, 0x28, 0x82, 0x0e, 0xae, 0x11, 0xf2, 0x82
    dc.b    0x00, 0x01, 0x42, 0xa5, 0x12, 0xa1, 0xab, 0x80, 0xf1, 0x42, 0xa5, 0x12, 0xa1, 0xb0, 0x80, 0x02
    dc.b    0x42, 0xa6, 0x12, 0xa2, 0xd3, 0x80, 0xf2, 0x42, 0xa6, 0x12, 0xa2, 0xd8, 0x66, 0xa4, 0x1a, 0xa0
    dc.b    0x5c, 0xa5, 0x1b, 0xa1, 0x8d, 0x19, 0x30, 0xff, 0x24, 0x83, 0xa0, 0x12, 0x46, 0xa5, 0x12, 0xa1
    dc.b    0xb5, 0xa6, 0x12, 0xa2, 0xdd, 0x66, 0xa4, 0x1a, 0xa0, 0x5e, 0xa5, 0x1b, 0xa1, 0x8f, 0x0a, 0x66
    dc.b    0xa4, 0x1a, 0xa0, 0x60, 0xa5, 0x1b, 0xa1, 0x91, 0x13, 0x46, 0xa5, 0x12, 0xa1, 0xb0, 0xa6, 0x12
    dc.b    0xa2, 0xd8, 0x66, 0xa4, 0x1a, 0xa0, 0x62, 0xa5, 0x1b, 0xa1, 0x93, 0x0a, 0x46, 0xa5, 0x12, 0xa1
    dc.b    0xab, 0xa6, 0x12, 0xa2, 0xd3, 0x17, 0x24, 0x82, 0xae, 0x11, 0x80, 0x01, 0x42, 0xa6, 0x12, 0xa2
    dc.b    0xce, 0x66, 0xa4, 0x1a, 0xa0, 0x60, 0xa5, 0x1b, 0xa1, 0x91, 0xb8, 0x01, 0x0f, 0x42, 0xa6, 0x12
    dc.b    0xa2, 0xc9, 0x66, 0xa4, 0x1a, 0xa0, 0x5e, 0xa5, 0x1b, 0xa1, 0x8f, 0x0d, 0x22, 0x81, 0xac, 0x66
    dc.b    0xa4, 0x1a, 0xa0, 0x5c, 0xa5, 0x1b, 0xa1, 0x8d, 0x2a, 0x28, 0x8d, 0x10, 0xa3, 0x0e, 0xf2, 0x80
    dc.b    0x00, 0x42, 0xa4, 0x1b, 0xa0, 0xff, 0x82, 0xf0, 0x01, 0x42, 0xa5, 0x12, 0xa1, 0xd3, 0x80, 0xf1
    dc.b    0x46, 0xa5, 0x12, 0xa1, 0xd8, 0xa6, 0x12, 0xa2, 0xce, 0x66, 0xa4, 0x1a, 0xa0, 0x5a, 0xa5, 0x1b
    dc.b    0xa1, 0x8b, 0x0f, 0x30, 0xff, 0x22, 0x8e, 0xa5, 0x46, 0xa5, 0x12, 0xa1, 0xdd, 0xa6, 0x12, 0xa2
    dc.b    0xd3, 0x0f, 0x42, 0xa6, 0x12, 0xa2, 0xd8, 0x66, 0xa4, 0x1a, 0xa0, 0x5c, 0xa5, 0x1b, 0xa1, 0x8d
    dc.b    0x13, 0x46, 0xa5, 0x12, 0xa1, 0xd8, 0xa6, 0x12, 0xa2, 0xdd, 0x66, 0xa4, 0x1a, 0xa0, 0x5e, 0xa5
    dc.b    0x1b, 0xa1, 0x8f, 0x0f, 0x42, 0xa5, 0x12, 0xa1, 0xd3, 0x66, 0xa4, 0x1a, 0xa0, 0x60, 0xa5, 0x1b
    dc.b    0xa1, 0x91, 0x17, 0x22, 0x8d, 0xa3, 0x82, 0x00, 0x01, 0x42, 0xa6, 0x12, 0xa2, 0xd8, 0x66, 0xa4
    dc.b    0x1a, 0xa0, 0x62, 0xa5, 0x1b, 0xa1, 0x93, 0xb8, 0x02, 0x06, 0x42, 0xa6, 0x12, 0xa2, 0xd3, 0x12
    dc.b    0x22, 0x8c, 0xa1, 0x42, 0xa6, 0x12, 0xa2, 0xce, 0x66, 0xa4, 0x1a, 0xa0, 0x60, 0xa5, 0x1b, 0xa1
    dc.b    0x91, 0x34, 0x28, 0x82, 0x0e, 0xaf, 0x0b, 0xf2, 0x80, 0x00, 0x42, 0xa4, 0x13, 0xa0, 0xff, 0x82
    dc.b    0xf0, 0x01, 0x42, 0xa5, 0x13, 0xa1, 0x8f, 0x80, 0xf1, 0x42, 0xa5, 0x13, 0xa1, 0x94, 0x80, 0x02
    dc.b    0x42, 0xa6, 0x12, 0xa2, 0x5e, 0x80, 0xf2, 0x42, 0xa6, 0x12, 0xa2, 0x63, 0x66, 0xa4, 0x1a, 0xa0
    dc.b    0x5e, 0xa5, 0x1b, 0xa1, 0x8f, 0x19, 0x30, 0xff, 0x24, 0x83, 0xa1, 0x0c, 0x46, 0xa5, 0x13, 0xa1
    dc.b    0x99, 0xa6, 0x12, 0xa2, 0x68, 0x66, 0xa4, 0x1a, 0xa0, 0x5c, 0xa5, 0x1b, 0xa1, 0x8d, 0x0a, 0x66
    dc.b    0xa4, 0x1a, 0xa0, 0x5a, 0xa5, 0x1b, 0xa1, 0x8b, 0x0a, 0x46, 0xa5, 0x13, 0xa1, 0x94, 0xa6, 0x12
    dc.b    0xa2, 0x63, 0x13, 0x46, 0xa5, 0x13, 0xa1, 0x8f, 0xa6, 0x12, 0xa2, 0x5e, 0x66, 0xa4, 0x1a, 0xa0
    dc.b    0x5c, 0xa5, 0x1b, 0xa1, 0x8d, 0x13, 0x24, 0x82, 0xaf, 0x0b, 0x82, 0x01, 0x02, 0x66, 0xa4, 0x1a
    dc.b    0xa0, 0x5e, 0xa5, 0x1b, 0xa1, 0x8f, 0xb8, 0x02, 0x0a, 0x66, 0xa4, 0x1a, 0xa0, 0x60, 0xa5, 0x1b
    dc.b    0xa1, 0x91, 0x0d, 0x22, 0x81, 0xad, 0x66, 0xa4, 0x1a, 0xa0, 0x62, 0xa5, 0x1b, 0xa1, 0x93, 0x41
    dc.b    0x28, 0x8e, 0x0b, 0xa3, 0x0e, 0xf2, 0x84, 0x00, 0xf0, 0x01, 0x42, 0xa5, 0x13, 0xa1, 0x2d, 0x80
    dc.b    0xf1, 0x42, 0xa5, 0x13, 0xa1, 0x32, 0x80, 0x02, 0x42, 0xa6, 0x12, 0xa2, 0xab, 0x80, 0xf2, 0x42
    dc.b    0xa6, 0x12, 0xa2, 0xb0, 0x80, 0x04, 0x62, 0xa4, 0x1a, 0xa0, 0x5e, 0x80, 0xf4, 0x62, 0xa4, 0x1a
    dc.b    0xa0, 0x60, 0x80, 0x05, 0x62, 0xa5, 0x1a, 0xa1, 0x5e, 0x80, 0xf5, 0x62, 0xa5, 0x1a, 0xa1, 0x60
    dc.b    0x18, 0x30, 0xff, 0x22, 0x8f, 0xa5, 0x46, 0xa5, 0x13, 0xa1, 0x37, 0xa6, 0x12, 0xa2, 0xb5, 0x66
    dc.b    0xa4, 0x1a, 0xa0, 0x62, 0xa5, 0x1a, 0xa1, 0x62, 0x03, 0x80, 0x04, 0x0f, 0x46, 0xa5, 0x13, 0xa1
    dc.b    0x32, 0xa6, 0x12, 0xa2, 0xb0, 0x62, 0xa5, 0x1a, 0xa1, 0x60, 0x0f, 0x46, 0xa5, 0x13, 0xa1, 0x2d
    dc.b    0xa6, 0x12, 0xa2, 0xab, 0x62, 0xa5, 0x1a, 0xa1, 0x5e, 0x0a, 0x22, 0x8e, 0xa3, 0x84, 0x01, 0x02
    dc.b    0x05, 0xb8, 0x02, 0x01, 0x04, 0x22, 0x8d, 0xa1, 0x3a, 0x28, 0x82, 0x0e, 0xae, 0x10, 0xf2, 0x82
    dc.b    0x00, 0x01, 0x42, 0xa5, 0x12, 0xa1, 0xd3, 0x80, 0xf1, 0x42, 0xa5, 0x12, 0xa1, 0xd8, 0x80, 0x02
    dc.b    0x42, 0xa6, 0x12, 0xa2, 0xd3, 0x80, 0xf2, 0x42, 0xa6, 0x12, 0xa2, 0xd8, 0x80, 0x04, 0x62, 0xa4
    dc.b    0x1a, 0xa0, 0x5e, 0x80, 0xf4, 0x62, 0xa4, 0x1a, 0xa0, 0x60, 0x82, 0x05, 0xf5, 0x62, 0xa5, 0x1a
    dc.b    0xa1, 0x60, 0x19, 0x30, 0xff, 0x24, 0x83, 0xa0, 0x11, 0x46, 0xa5, 0x12, 0xa1, 0xdd, 0xa6, 0x12
    dc.b    0xa2, 0xdd, 0x66, 0xa4, 0x1a, 0xa0, 0x62, 0xa5, 0x1a, 0xa1, 0x62, 0x03, 0x80, 0x04, 0x0f, 0x46
    dc.b    0xa5, 0x12, 0xa1, 0xd8, 0xa6, 0x12, 0xa2, 0xd8, 0x62, 0xa5, 0x1a, 0xa1, 0x60, 0x0f, 0x46, 0xa5
    dc.b    0x12, 0xa1, 0xd3, 0xa6, 0x12, 0xa2, 0xd3, 0x62, 0xa5, 0x1a, 0xa1, 0x5e, 0x0b, 0x24, 0x82, 0xae
    dc.b    0x10, 0x84, 0x01, 0x02, 0x05, 0xb8, 0x02, 0x01, 0x04, 0x22, 0x81, 0xac, 0x47, 0x28, 0x8e, 0x0f
    dc.b    0xa3, 0x0e, 0xf2, 0x80, 0x00, 0x42, 0xa4, 0x1a, 0xa0, 0xab, 0x82, 0xf0, 0x01, 0x42, 0xa5, 0x13
    dc.b    0xa1, 0x2d, 0x80, 0xf1, 0x42, 0xa5, 0x13, 0xa1, 0x32, 0x80, 0x02, 0x42, 0xa6, 0x13, 0xa2, 0x8f
    dc.b    0x80, 0xf2, 0x42, 0xa6, 0x13, 0xa2, 0x94, 0x80, 0x04, 0x62, 0xa4, 0x1a, 0xa0, 0xab, 0x80, 0xf4
    dc.b    0x62, 0xa4, 0x1a, 0xa0, 0xad, 0x80, 0x05, 0x62, 0xa5, 0x1b, 0xa1, 0xff, 0x80, 0xf5, 0x62, 0xa5
    dc.b    0x1c, 0xa1, 0x01, 0x18, 0x30, 0xff, 0x22, 0x8f, 0xa5, 0x46, 0xa5, 0x13, 0xa1, 0x37, 0xa6, 0x13
    dc.b    0xa2, 0x99, 0x66, 0xa4, 0x1a, 0xa0, 0xaf, 0xa5, 0x1c, 0xa1, 0x03, 0x01, 0x13, 0x46, 0xa5, 0x13
    dc.b    0xa1, 0x32, 0xa6, 0x13, 0xa2, 0x94, 0x66, 0xa4, 0x1a, 0xa0, 0xad, 0xa5, 0x1c, 0xa1, 0x01, 0x13
    dc.b    0x46, 0xa5, 0x13, 0xa1, 0x2d, 0xa6, 0x13, 0xa2, 0x8f, 0x66, 0xa4, 0x1a, 0xa0, 0xab, 0xa5, 0x1b
    dc.b    0xa1, 0xff, 0x14, 0x22, 0x8e, 0xa3, 0x42, 0xa5, 0x13, 0xa1, 0x28, 0x80, 0x02, 0x66, 0xa4, 0x1a
    dc.b    0xa0, 0xa9, 0xa5, 0x1b, 0xa1, 0xfd, 0x0f, 0x42, 0xa5, 0x13, 0xa1, 0x23, 0x66, 0xa4, 0x1a, 0xa0
    dc.b    0xa7, 0xa5, 0x1b, 0xa1, 0xfb, 0x04, 0x22, 0x8d, 0xa1, 0x23, 0x28, 0x83, 0x15, 0xaf, 0x0b, 0xf2
    dc.b    0x42, 0xa5, 0x13, 0xa1, 0x28, 0x80, 0x02, 0x42, 0xa6, 0x13, 0xa2, 0x2d, 0x80, 0xf2, 0x42, 0xa6
    dc.b    0x13, 0xa2, 0x32, 0x66, 0xa4, 0x1a, 0xa0, 0xa9, 0xa5, 0x1b, 0xa1, 0xfd, 0x19, 0x30, 0xff, 0x24
    dc.b    0x84, 0xa1, 0x0c, 0x46, 0xa5, 0x13, 0xa1, 0x2d, 0xa6, 0x13, 0xa2, 0x37, 0x66, 0xa4, 0x1a, 0xa0
    dc.b    0xab, 0xa5, 0x1b, 0xa1, 0xff, 0x0f, 0x42, 0xa5, 0x13, 0xa1, 0x32, 0x66, 0xa4, 0x1a, 0xa0, 0xad
    dc.b    0xa5, 0x1c, 0xa1, 0x01, 0x13, 0x46, 0xa5, 0x13, 0xa1, 0x37, 0xa6, 0x13, 0xa2, 0x32, 0x66, 0xa4
    dc.b    0x1a, 0xa0, 0xaf, 0xa5, 0x1c, 0xa1, 0x03, 0x06, 0x42, 0xa6, 0x13, 0xa2, 0x2d, 0x15, 0x24, 0x83
    dc.b    0xaf, 0x0b, 0x42, 0xa5, 0x13, 0xa1, 0x32, 0x80, 0x02, 0x66, 0xa4, 0x1a, 0xa0, 0xad, 0xa5, 0x1c
    dc.b    0xa1, 0x01, 0x0f, 0x42, 0xa5, 0x13, 0xa1, 0x2d, 0x66, 0xa4, 0x1a, 0xa0, 0xab, 0xa5, 0x1b, 0xa1
    dc.b    0xff, 0x12, 0x22, 0x82, 0xad, 0x42, 0xa5, 0x13, 0xa1, 0x28, 0x66, 0xa4, 0x1a, 0xa0, 0xa9, 0xa5
    dc.b    0x1b, 0xa1, 0xfd, 0x26, 0x28, 0x8e, 0x0f, 0xa3, 0x0e, 0xf2, 0x82, 0x00, 0xf0, 0x42, 0xa5, 0x13
    dc.b    0xa1, 0x23, 0x80, 0x02, 0x42, 0xa6, 0x12, 0xa2, 0xd3, 0x80, 0xf2, 0x42, 0xa6, 0x12, 0xa2, 0xd8
    dc.b    0x66, 0xa4, 0x1a, 0xa0, 0xa7, 0xa5, 0x1b, 0xa1, 0xfb, 0x0b, 0x30, 0xff, 0x22, 0x8f, 0xa5, 0x42
    dc.b    0xa6, 0x12, 0xa2, 0xdd, 0x0f, 0x42, 0xa5, 0x13, 0xa1, 0x28, 0x66, 0xa4, 0x1a, 0xa0, 0xa9, 0xa5
    dc.b    0x1b, 0xa1, 0xfd, 0x13, 0x46, 0xa5, 0x13, 0xa1, 0x2d, 0xa6, 0x12, 0xa2, 0xd8, 0x66, 0xa4, 0x1a
    dc.b    0xa0, 0xab, 0xa5, 0x1b, 0xa1, 0xff, 0x13, 0x46, 0xa5, 0x13, 0xa1, 0x32, 0xa6, 0x12, 0xa2, 0xd3
    dc.b    0x66, 0xa4, 0x1a, 0xa0, 0xad, 0xa5, 0x1c, 0xa1, 0x01, 0x14, 0x22, 0x8e, 0xa3, 0x42, 0xa5, 0x13
    dc.b    0xa1, 0x37, 0x80, 0x02, 0x66, 0xa4, 0x1a, 0xa0, 0xaf, 0xa5, 0x1c, 0xa1, 0x03, 0x01, 0x12, 0x22
    dc.b    0x8d, 0xa1, 0x42, 0xa5, 0x13, 0xa1, 0x32, 0x66, 0xa4, 0x1a, 0xa0, 0xad, 0xa5, 0x1c, 0xa1, 0x01
    dc.b    0x26, 0x28, 0x89, 0x0c, 0xaf, 0x0f, 0xf2, 0x82, 0x00, 0xf0, 0x42, 0xa5, 0x13, 0xa1, 0x2d, 0x80
    dc.b    0x02, 0x42, 0xa6, 0x13, 0xa2, 0x2d, 0x80, 0xf2, 0x42, 0xa6, 0x13, 0xa2, 0x32, 0x66, 0xa4, 0x1a
    dc.b    0xa0, 0xab, 0xa5, 0x1b, 0xa1, 0xff, 0x19, 0x30, 0xff, 0x24, 0x8a, 0xa1, 0x10, 0x46, 0xa5, 0x13
    dc.b    0xa1, 0x28, 0xa6, 0x13, 0xa2, 0x37, 0x66, 0xa4, 0x1a, 0xa0, 0xa9, 0xa5, 0x1b, 0xa1, 0xfd, 0x0f
    dc.b    0x42, 0xa5, 0x13, 0xa1, 0x23, 0x66, 0xa4, 0x1a, 0xa0, 0xa7, 0xa5, 0x1b, 0xa1, 0xfb, 0x06, 0x42
    dc.b    0xa6, 0x13, 0xa2, 0x32, 0x13, 0x46, 0xa5, 0x13, 0xa1, 0x28, 0xa6, 0x13, 0xa2, 0x2d, 0x66, 0xa4
    dc.b    0x1a, 0xa0, 0xa9, 0xa5, 0x1b, 0xa1, 0xfd, 0x19, 0x24, 0x89, 0xaf, 0x0f, 0x46, 0xa5, 0x13, 0xa1
    dc.b    0x2d, 0xa6, 0x13, 0xa2, 0x28, 0x66, 0xa4, 0x1a, 0xa0, 0xab, 0xa5, 0x1b, 0xa1, 0xff, 0xb8, 0x01
    dc.b    0x13, 0x46, 0xa5, 0x13, 0xa1, 0x32, 0xa6, 0x13, 0xa2, 0x23, 0x66, 0xa4, 0x1a, 0xa0, 0xad, 0xa5
    dc.b    0x1c, 0xa1, 0x01, 0x12, 0x22, 0x88, 0xad, 0x42, 0xa5, 0x13, 0xa1, 0x37, 0x66, 0xa4, 0x1a, 0xa0
    dc.b    0xaf, 0xa5, 0x1c, 0xa1, 0x03, 0x31, 0x28, 0x89, 0x0a, 0xa4, 0x15, 0xf2, 0x80, 0x00, 0x42, 0xa4
    dc.b    0x22, 0xa0, 0xab, 0x80, 0xf0, 0x42, 0xa6, 0x13, 0xa2, 0x28, 0x80, 0x04, 0x62, 0xa4, 0x1a, 0xa0
    dc.b    0xab, 0x80, 0xf4, 0x62, 0xa4, 0x1a, 0xa0, 0xad, 0x80, 0x05, 0x62, 0xa5, 0x1a, 0xa1, 0xab, 0x80
    dc.b    0xf5, 0x62, 0xa5, 0x1a, 0xa1, 0xad, 0x18, 0x30, 0xff, 0x22, 0x8a, 0xa6, 0x46, 0xa5, 0x13, 0xa1
    dc.b    0x32, 0xa6, 0x13, 0xa2, 0x2d, 0x66, 0xa4, 0x1a, 0xa0, 0xaf, 0xa5, 0x1a, 0xa1, 0xaf, 0x0c, 0x46
    dc.b    0xa5, 0x13, 0xa1, 0x2d, 0xa6, 0x13, 0xa2, 0x32, 0x80, 0x04, 0x0f, 0x46, 0xa5, 0x13, 0xa1, 0x28
    dc.b    0xa6, 0x13, 0xa2, 0x37, 0x62, 0xa5, 0x1a, 0xa1, 0xad, 0x0b, 0x42, 0xa5, 0x13, 0xa1, 0x23, 0x62
    dc.b    0xa5, 0x1a, 0xa1, 0xab, 0x0d, 0x22, 0x89, 0xa4, 0x80, 0x00, 0x42, 0xa6, 0x13, 0xa2, 0x32, 0x80
    dc.b    0x05, 0x0a, 0x46, 0xa5, 0x13, 0xa1, 0x28, 0xa6, 0x13, 0xa2, 0x2d, 0x0d, 0x22, 0x88, 0xa2, 0x46
    dc.b    0xa5, 0x13, 0xa1, 0x2d, 0xa6, 0x13, 0xa2, 0x28, 0x2f, 0x30, 0x9f, 0x24, 0xaf, 0x0f, 0xf2, 0x80
    dc.b    0x00, 0x42, 0xa4, 0x1a, 0xa0, 0xab, 0x80, 0xf0, 0x46, 0xa5, 0x13, 0xa1, 0x32, 0xa6, 0x13, 0xa2
    dc.b    0x23, 0x80, 0x04, 0x62, 0xa4, 0x1a, 0xa0, 0xab, 0x80, 0xf4, 0x62, 0xa4, 0x1a, 0xa0, 0xad, 0x82
    dc.b    0x05, 0xf5, 0x62, 0xa5, 0x1a, 0xa1, 0xad, 0x14, 0x30, 0xff, 0x22, 0xa1, 0x10, 0x42, 0xa5, 0x13
    dc.b    0xa1, 0x37, 0x66, 0xa4, 0x1a, 0xa0, 0xaf, 0xa5, 0x1a, 0xa1, 0xaf, 0x08, 0x42, 0xa6, 0x13, 0xa2
    dc.b    0x28, 0x80, 0x04, 0x0f, 0x46, 0xa5, 0x13, 0xa1, 0x32, 0xa6, 0x13, 0xa2, 0x2d, 0x62, 0xa5, 0x1a
    dc.b    0xa1, 0xad, 0x0f, 0x46, 0xa5, 0x13, 0xa1, 0x2d, 0xa6, 0x13, 0xa2, 0x32, 0x62, 0xa5, 0x1a, 0xa1
    dc.b    0xab, 0x11, 0x22, 0xaf, 0x0f, 0x46, 0xa5, 0x13, 0xa1, 0x28, 0xa6, 0x13, 0xa2, 0x37, 0x80, 0x05
    dc.b    0xb8, 0x02, 0x06, 0x42, 0xa5, 0x13, 0xa1, 0x23, 0x08, 0x20, 0xad, 0x42, 0xa6, 0x13, 0xa2, 0x32
    dc.b    0x32, 0x2a, 0x89, 0x0c, 0x96, 0xaa, 0x0c, 0xf2, 0x84, 0x00, 0xf0, 0x01, 0x42, 0xa5, 0x0c, 0xa1
    dc.b    0x3c, 0x80, 0xf1, 0x46, 0xa5, 0x0c, 0xa1, 0x41, 0xa6, 0x13, 0xa2, 0x2d, 0x80, 0x04, 0x62, 0xa4
    dc.b    0x1a, 0xa0, 0xab, 0x80, 0xf4, 0x62, 0xa4, 0x1a, 0xa0, 0xad, 0x82, 0x05, 0xf5, 0x62, 0xa5, 0x1a
    dc.b    0xa1, 0xad, 0x18, 0x30, 0xff, 0x22, 0x8a, 0xac, 0x46, 0xa5, 0x0c, 0xa1, 0x46, 0xa6, 0x13, 0xa2
    dc.b    0x28, 0x66, 0xa4, 0x1a, 0xa0, 0xaf, 0xa5, 0x1a, 0xa1, 0xaf, 0x08, 0x42, 0xa6, 0x13, 0xa2, 0x23
    dc.b    0x80, 0x04, 0x0b, 0x42, 0xa5, 0x0c, 0xa1, 0x41, 0x62, 0xa5, 0x1a, 0xa1, 0xad, 0x0f, 0x46, 0xa5
    dc.b    0x0c, 0xa1, 0x3c, 0xa6, 0x13, 0xa2, 0x28, 0x62, 0xa5, 0x1a, 0xa1, 0xab, 0x0d, 0x22, 0x89, 0xaa
    dc.b    0x80, 0x01, 0x42, 0xa6, 0x13, 0xa2, 0x2d, 0x80, 0x05, 0x06, 0x42, 0xa6, 0x13, 0xa2, 0x32, 0x09
    dc.b    0x22, 0x88, 0xa8, 0x42, 0xa6, 0x13, 0xa2, 0x37, 0x2c, 0x28, 0x8e, 0x0b, 0xaa, 0x0a, 0xf2, 0x82
    dc.b    0x00, 0x01, 0x42, 0xa5, 0x12, 0xa1, 0xab, 0x80, 0xf1, 0x42, 0xa5, 0x12, 0xa1, 0xb0, 0x80, 0x04
    dc.b    0x62, 0xa4, 0x1a, 0xa0, 0xab, 0x80, 0xf4, 0x62, 0xa4, 0x1a, 0xa0, 0xad, 0x82, 0x05, 0xf5, 0x62
    dc.b    0xa5, 0x1a, 0xa1, 0xad, 0x18, 0x30, 0xff, 0x22, 0x8f, 0xac, 0x46, 0xa5, 0x12, 0xa1, 0xb5, 0xa6
    dc.b    0x13, 0xa2, 0x32, 0x66, 0xa4, 0x1a, 0xa0, 0xaf, 0xa5, 0x1a, 0xa1, 0xaf, 0x08, 0x42, 0xa6, 0x13
    dc.b    0xa2, 0x2d, 0x80, 0x04, 0x0f, 0x46, 0xa5, 0x12, 0xa1, 0xb0, 0xa6, 0x13, 0xa2, 0x28, 0x62, 0xa5
    dc.b    0x1a, 0xa1, 0xad, 0x0f, 0x46, 0xa5, 0x12, 0xa1, 0xab, 0xa6, 0x13, 0xa2, 0x23, 0x62, 0xa5, 0x1a
    dc.b    0xa1, 0xab, 0x09, 0x22, 0x8e, 0xaa, 0x82, 0x01, 0x05, 0xb8, 0x02, 0x06, 0x42, 0xa6, 0x13, 0xa2
    dc.b    0x28, 0x09, 0x22, 0x8d, 0xa8, 0x42, 0xa6, 0x13, 0xa2, 0x2d, 0x2f, 0x30, 0xbf, 0x24, 0x89, 0x0a
    dc.b    0xf2, 0x80, 0x01, 0x42, 0xa5, 0x13, 0xa1, 0x2d, 0x80, 0xf1, 0x46, 0xa5, 0x13, 0xa1, 0x32, 0xa6
    dc.b    0x13, 0xa2, 0x32, 0x80, 0x04, 0x62, 0xa4, 0x1a, 0xa0, 0xab, 0x80, 0xf4, 0x62, 0xa4, 0x1a, 0xa0
    dc.b    0xad, 0x82, 0x05, 0xf5, 0x62, 0xa5, 0x1a, 0xa1, 0xad, 0x17, 0x30, 0xff, 0x20, 0x8a, 0x46, 0xa5
    dc.b    0x13, 0xa1, 0x37, 0xa6, 0x13, 0xa2, 0x37, 0x66, 0xa4, 0x1a, 0xa0, 0xaf, 0xa5, 0x1a, 0xa1, 0xaf
    dc.b    0x03, 0x80, 0x04, 0x0f, 0x46, 0xa5, 0x13, 0xa1, 0x32, 0xa6, 0x13, 0xa2, 0x32, 0x62, 0xa5, 0x1a
    dc.b    0xa1, 0xad, 0x0f, 0x46, 0xa5, 0x13, 0xa1, 0x2d, 0xa6, 0x13, 0xa2, 0x2d, 0x62, 0xa5, 0x1a, 0xa1
    dc.b    0xab, 0x0e, 0x20, 0x89, 0x46, 0xa5, 0x13, 0xa1, 0x28, 0xa6, 0x13, 0xa2, 0x28, 0x80, 0x05, 0x0a
    dc.b    0x46, 0xa5, 0x13, 0xa1, 0x23, 0xa6, 0x13, 0xa2, 0x23, 0x03, 0x20, 0x88, 0x31, 0x30, 0x9f, 0x26
    dc.b    0xaa, 0x0c, 0xba, 0xf2, 0x42, 0xa5, 0x13, 0xa1, 0x28, 0x80, 0x02, 0x42, 0xa6, 0x0c, 0xa2, 0x3c
    dc.b    0x80, 0xf2, 0x42, 0xa6, 0x0c, 0xa2, 0x41, 0x80, 0x04, 0x62, 0xa4, 0x1a, 0xa0, 0xab, 0x80, 0xf4
    dc.b    0x62, 0xa4, 0x1a, 0xa0, 0xad, 0x82, 0x05, 0xf5, 0x62, 0xa5, 0x1a, 0xa1, 0xad, 0x17, 0x30, 0xff
    dc.b    0x20, 0xac, 0x46, 0xa5, 0x13, 0xa1, 0x2d, 0xa6, 0x0c, 0xa2, 0x46, 0x66, 0xa4, 0x1a, 0xa0, 0xaf
    dc.b    0xa5, 0x1a, 0xa1, 0xaf, 0x08, 0x42, 0xa5, 0x13, 0xa1, 0x32, 0x80, 0x04, 0x0f, 0x46, 0xa5, 0x13
    dc.b    0xa1, 0x37, 0xa6, 0x0c, 0xa2, 0x41, 0x62, 0xa5, 0x1a, 0xa1, 0xad, 0x0b, 0x42, 0xa6, 0x0c, 0xa2
    dc.b    0x3c, 0x62, 0xa5, 0x1a, 0xa1, 0xab, 0x0b, 0x20, 0xaa, 0x42, 0xa5, 0x13, 0xa1, 0x32, 0x82, 0x02
    dc.b    0x05, 0x06, 0x42, 0xa5, 0x13, 0xa1, 0x2d, 0x08, 0x20, 0xa8, 0x42, 0xa5, 0x13, 0xa1, 0x28, 0x48
    dc.b    0x2a, 0x89, 0x0c, 0x96, 0xaf, 0x0b, 0xf2, 0x80, 0x00, 0x42, 0xa4, 0x14, 0xa0, 0x3c, 0x82, 0xf0
    dc.b    0x01, 0x42, 0xa5, 0x0c, 0xa1, 0x3c, 0x80, 0xf1, 0x42, 0xa5, 0x0c, 0xa1, 0x41, 0x80, 0x02, 0x42
    dc.b    0xa6, 0x12, 0xa2, 0xab, 0x80, 0xf2, 0x42, 0xa6, 0x12, 0xa2, 0xb0, 0x80, 0x04, 0x62, 0xa4, 0x1a
    dc.b    0xa0, 0xab, 0x80, 0xf4, 0x62, 0xa4, 0x1a, 0xa0, 0xad, 0x80, 0x05, 0x62, 0xa5, 0x1b, 0xa1, 0xff
    dc.b    0x80, 0xf5, 0x62, 0xa5, 0x1c, 0xa1, 0x01, 0x19, 0x30, 0xff, 0x24, 0x8a, 0xa1, 0x0c, 0x46, 0xa5
    dc.b    0x0c, 0xa1, 0x46, 0xa6, 0x12, 0xa2, 0xb5, 0x66, 0xa4, 0x1a, 0xa0, 0xaf, 0xa5, 0x1c, 0xa1, 0x03
    dc.b    0x01, 0x13, 0x46, 0xa5, 0x0c, 0xa1, 0x41, 0xa6, 0x12, 0xa2, 0xb0, 0x66, 0xa4, 0x1a, 0xa0, 0xad
    dc.b    0xa5, 0x1c, 0xa1, 0x01, 0x13, 0x46, 0xa5, 0x0c, 0xa1, 0x3c, 0xa6, 0x12, 0xa2, 0xab, 0x66, 0xa4
    dc.b    0x1a, 0xa0, 0xab, 0xa5, 0x1b, 0xa1, 0xff, 0x13, 0x24, 0x89, 0xaf, 0x0b, 0x82, 0x01, 0x02, 0x66
    dc.b    0xa4, 0x1a, 0xa0, 0xa9, 0xa5, 0x1b, 0xa1, 0xfd, 0xb8, 0x02, 0x0a, 0x66, 0xa4, 0x1a, 0xa0, 0xa7
    dc.b    0xa5, 0x1b, 0xa1, 0xfb, 0x04, 0x22, 0x88, 0xad, 0x2d, 0x28, 0x8e, 0x0b, 0xaa, 0x0a, 0xf2, 0x82
    dc.b    0x00, 0x01, 0x42, 0xa5, 0x12, 0xa1, 0xab, 0x80, 0xf1, 0x42, 0xa5, 0x12, 0xa1, 0xb0, 0x80, 0x02
    dc.b    0x42, 0xa6, 0x13, 0xa2, 0x2d, 0x80, 0xf2, 0x42, 0xa6, 0x13, 0xa2, 0x32, 0x66, 0xa4, 0x1a, 0xa0
    dc.b    0xa9, 0xa5, 0x1b, 0xa1, 0xfd, 0x18, 0x30, 0xff, 0x22, 0x8f, 0xac, 0x46, 0xa5, 0x12, 0xa1, 0xb5
    dc.b    0xa6, 0x13, 0xa2, 0x37, 0x66, 0xa4, 0x1a, 0xa0, 0xab, 0xa5, 0x1b, 0xa1, 0xff, 0x0a, 0x66, 0xa4
    dc.b    0x1a, 0xa0, 0xad, 0xa5, 0x1c, 0xa1, 0x01, 0x13, 0x46, 0xa5, 0x12, 0xa1, 0xb0, 0xa6, 0x13, 0xa2
    dc.b    0x32, 0x66, 0xa4, 0x1a, 0xa0, 0xaf, 0xa5, 0x1c, 0xa1, 0x03, 0x0a, 0x46, 0xa5, 0x12, 0xa1, 0xab
    dc.b    0xa6, 0x13, 0xa2, 0x2d, 0x16, 0x22, 0x8e, 0xaa, 0x80, 0x01, 0x42, 0xa6, 0x13, 0xa2, 0x28, 0x66
    dc.b    0xa4, 0x1a, 0xa0, 0xad, 0xa5, 0x1c, 0xa1, 0x01, 0xb8, 0x01, 0x0f, 0x42, 0xa6, 0x13, 0xa2, 0x23
    dc.b    0x66, 0xa4, 0x1a, 0xa0, 0xab, 0xa5, 0x1b, 0xa1, 0xff, 0x0d, 0x22, 0x8d, 0xa8, 0x66, 0xa4, 0x1a
    dc.b    0xa0, 0xa9, 0xa5, 0x1b, 0xa1, 0xfd, 0x2a, 0x30, 0xbf, 0x24, 0x89, 0x0a, 0xf2, 0x80, 0x00, 0x42
    dc.b    0xa4, 0x1c, 0xa0, 0x3c, 0x82, 0xf0, 0x01, 0x42, 0xa5, 0x13, 0xa1, 0x2d, 0x80, 0xf1, 0x46, 0xa5
    dc.b    0x13, 0xa1, 0x32, 0xa6, 0x13, 0xa2, 0x28, 0x66, 0xa4, 0x1a, 0xa0, 0xa7, 0xa5, 0x1b, 0xa1, 0xfb
    dc.b    0x0e, 0x30, 0xff, 0x20, 0x8a, 0x46, 0xa5, 0x13, 0xa1, 0x37, 0xa6, 0x13, 0xa2, 0x2d, 0x0f, 0x42
    dc.b    0xa6, 0x13, 0xa2, 0x32, 0x66, 0xa4, 0x1a, 0xa0, 0xa9, 0xa5, 0x1b, 0xa1, 0xfd, 0x13, 0x46, 0xa5
    dc.b    0x13, 0xa1, 0x32, 0xa6, 0x13, 0xa2, 0x37, 0x66, 0xa4, 0x1a, 0xa0, 0xab, 0xa5, 0x1b, 0xa1, 0xff
    dc.b    0x0f, 0x42, 0xa5, 0x13, 0xa1, 0x2d, 0x66, 0xa4, 0x1a, 0xa0, 0xad, 0xa5, 0x1c, 0xa1, 0x01, 0x16
    dc.b    0x20, 0x89, 0x82, 0x00, 0x01, 0x42, 0xa6, 0x13, 0xa2, 0x32, 0x66, 0xa4, 0x1a, 0xa0, 0xaf, 0xa5
    dc.b    0x1c, 0xa1, 0x03, 0xb8, 0x02, 0x06, 0x42, 0xa6, 0x13, 0xa2, 0x2d, 0x11, 0x20, 0x88, 0x42, 0xa6
    dc.b    0x13, 0xa2, 0x28, 0x66, 0xa4, 0x1a, 0xa0, 0xad, 0xa5, 0x1c, 0xa1, 0x01, 0x35, 0x30, 0x9f, 0x26
    dc.b    0xaa, 0x0c, 0xba, 0xf2, 0x80, 0x00, 0x42, 0xa4, 0x14, 0xa0, 0x3c, 0x82, 0xf0, 0x01, 0x42, 0xa5
    dc.b    0x13, 0xa1, 0xc5, 0x80, 0xf1, 0x42, 0xa5, 0x13, 0xa1, 0xca, 0x80, 0x02, 0x42, 0xa6, 0x0c, 0xa2
    dc.b    0x3c, 0x80, 0xf2, 0x42, 0xa6, 0x0c, 0xa2, 0x41, 0x66, 0xa4, 0x1a, 0xa0, 0xab, 0xa5, 0x1b, 0xa1
    dc.b    0xff, 0x17, 0x30, 0xff, 0x20, 0xac, 0x46, 0xa5, 0x13, 0xa1, 0xcf, 0xa6, 0x0c, 0xa2, 0x46, 0x66
    dc.b    0xa4, 0x1a, 0xa0, 0xa9, 0xa5, 0x1b, 0xa1, 0xfd, 0x0a, 0x66, 0xa4, 0x1a, 0xa0, 0xa7, 0xa5, 0x1b
    dc.b    0xa1, 0xfb, 0x0a, 0x46, 0xa5, 0x13, 0xa1, 0xca, 0xa6, 0x0c, 0xa2, 0x41, 0x13, 0x46, 0xa5, 0x13
    dc.b    0xa1, 0xc5, 0xa6, 0x0c, 0xa2, 0x3c, 0x66, 0xa4, 0x1a, 0xa0, 0xa9, 0xa5, 0x1b, 0xa1, 0xfd, 0x0f
    dc.b    0x20, 0xaa, 0x82, 0x01, 0x02, 0x66, 0xa4, 0x1a, 0xa0, 0xab, 0xa5, 0x1b, 0xa1, 0xff, 0x0a, 0x66
    dc.b    0xa4, 0x1a, 0xa0, 0xad, 0xa5, 0x1c, 0xa1, 0x01, 0x0c, 0x20, 0xa8, 0x66, 0xa4, 0x1a, 0xa0, 0xaf
    dc.b    0xa5, 0x1c, 0xa1, 0x03, 0x42, 0x2a, 0x89, 0x0c, 0x96, 0xaf, 0x0b, 0xf2, 0x84, 0x00, 0xf0, 0x01
    dc.b    0x42, 0xa5, 0x13, 0xa1, 0x8f, 0x80, 0xf1, 0x42, 0xa5, 0x13, 0xa1, 0x94, 0x80, 0x02, 0x42, 0xa6
    dc.b    0x12, 0xa2, 0xab, 0x80, 0xf2, 0x42, 0xa6, 0x12, 0xa2, 0xb0, 0x80, 0x04, 0x62, 0xa4, 0x1a, 0xa0
    dc.b    0xab, 0x80, 0xf4, 0x62, 0xa4, 0x1a, 0xa0, 0xad, 0x80, 0x05, 0x62, 0xa5, 0x1a, 0xa1, 0xab, 0x80
    dc.b    0xf5, 0x62, 0xa5, 0x1a, 0xa1, 0xad, 0x19, 0x30, 0xff, 0x24, 0x8a, 0xa1, 0x0c, 0x46, 0xa5, 0x13
    dc.b    0xa1, 0x99, 0xa6, 0x12, 0xa2, 0xb5, 0x66, 0xa4, 0x1a, 0xa0, 0xaf, 0xa5, 0x1a, 0xa1, 0xaf, 0x03
    dc.b    0x80, 0x04, 0x0f, 0x46, 0xa5, 0x13, 0xa1, 0x94, 0xa6, 0x12, 0xa2, 0xb0, 0x62, 0xa5, 0x1a, 0xa1
    dc.b    0xad, 0x0f, 0x46, 0xa5, 0x13, 0xa1, 0x8f, 0xa6, 0x12, 0xa2, 0xab, 0x62, 0xa5, 0x1a, 0xa1, 0xab
    dc.b    0x0b, 0x24, 0x89, 0xaf, 0x0b, 0x84, 0x01, 0x02, 0x05, 0xb8, 0x02, 0x01, 0x04, 0x22, 0x88, 0xad
    dc.b    0x3a, 0x30, 0x9f, 0x24, 0xaa, 0x0a, 0xf2, 0x82, 0x00, 0x01, 0x42, 0xa5, 0x13, 0xa1, 0x2d, 0x80
    dc.b    0xf1, 0x42, 0xa5, 0x13, 0xa1, 0x32, 0x80, 0x02, 0x42, 0xa6, 0x13, 0xa2, 0x2d, 0x80, 0xf2, 0x42
    dc.b    0xa6, 0x13, 0xa2, 0x32, 0x80, 0x04, 0x62, 0xa4, 0x1a, 0xa0, 0xab, 0x80, 0xf4, 0x62, 0xa4, 0x1a
    dc.b    0xa0, 0xad, 0x82, 0x05, 0xf5, 0x62, 0xa5, 0x1a, 0xa1, 0xad, 0x17, 0x30, 0xff, 0x20, 0xac, 0x46
    dc.b    0xa5, 0x13, 0xa1, 0x37, 0xa6, 0x13, 0xa2, 0x37, 0x66, 0xa4, 0x1a, 0xa0, 0xaf, 0xa5, 0x1a, 0xa1
    dc.b    0xaf, 0x03, 0x80, 0x04, 0x0f, 0x46, 0xa5, 0x13, 0xa1, 0x32, 0xa6, 0x13, 0xa2, 0x32, 0x62, 0xa5
    dc.b    0x1a, 0xa1, 0xad, 0x0f, 0x46, 0xa5, 0x13, 0xa1, 0x2d, 0xa6, 0x13, 0xa2, 0x2d, 0x62, 0xa5, 0x1a
    dc.b    0xa1, 0xab, 0x09, 0x20, 0xaa, 0x84, 0x01, 0x02, 0x05, 0xb8, 0x02, 0x01, 0x03, 0x20, 0xa8, 0x48
    dc.b    0x30, 0xbf, 0x26, 0x8e, 0x0b, 0x96, 0xf2, 0x80, 0x00, 0x42, 0xa4, 0x1a, 0xa0, 0xd3, 0x82, 0xf0
    dc.b    0x01, 0x42, 0xa5, 0x13, 0xa1, 0x8f, 0x80, 0xf1, 0x42, 0xa5, 0x13, 0xa1, 0x94, 0x80, 0x02, 0x42
    dc.b    0xa6, 0x13, 0xa2, 0xc5, 0x80, 0xf2, 0x42, 0xa6, 0x13, 0xa2, 0xca, 0x80, 0x04, 0x62, 0xa4, 0x1a
    dc.b    0xa0, 0xd3, 0x80, 0xf4, 0x62, 0xa4, 0x1a, 0xa0, 0xd5, 0x80, 0x05, 0x62, 0xa5, 0x1c, 0xa1, 0x3c
    dc.b    0x80, 0xf5, 0x62, 0xa5, 0x1c, 0xa1, 0x3e, 0x17, 0x30, 0xff, 0x20, 0x8f, 0x46, 0xa5, 0x13, 0xa1
    dc.b    0x99, 0xa6, 0x13, 0xa2, 0xcf, 0x66, 0xa4, 0x1a, 0xa0, 0xd7, 0xa5, 0x1c, 0xa1, 0x40, 0x01, 0x13
    dc.b    0x46, 0xa5, 0x13, 0xa1, 0x94, 0xa6, 0x13, 0xa2, 0xca, 0x66, 0xa4, 0x1a, 0xa0, 0xd5, 0xa5, 0x1c
    dc.b    0xa1, 0x3e, 0x13, 0x46, 0xa5, 0x13, 0xa1, 0x8f, 0xa6, 0x13, 0xa2, 0xc5, 0x66, 0xa4, 0x1a, 0xa0
    dc.b    0xd3, 0xa5, 0x1c, 0xa1, 0x3c, 0x13, 0x20, 0x8e, 0x42, 0xa5, 0x13, 0xa1, 0x8a, 0x80, 0x02, 0x66
    dc.b    0xa4, 0x1a, 0xa0, 0xd1, 0xa5, 0x1c, 0xa1, 0x3a, 0x0f, 0x42, 0xa5, 0x13, 0xa1, 0x85, 0x66, 0xa4
    dc.b    0x1a, 0xa0, 0xcf, 0xa5, 0x1c, 0xa1, 0x38, 0x03, 0x20, 0x8d, 0x24, 0x2a, 0x89, 0x0c, 0xaa, 0x0c
    dc.b    0xba, 0xf2, 0x42, 0xa5, 0x13, 0xa1, 0x8a, 0x80, 0x02, 0x42, 0xa6, 0x13, 0xa2, 0x8f, 0x80, 0xf2
    dc.b    0x42, 0xa6, 0x13, 0xa2, 0x94, 0x66, 0xa4, 0x1a, 0xa0, 0xd1, 0xa5, 0x1c, 0xa1, 0x3a, 0x18, 0x30
    dc.b    0xff, 0x22, 0x8a, 0xac, 0x46, 0xa5, 0x13, 0xa1, 0x8f, 0xa6, 0x13, 0xa2, 0x99, 0x66, 0xa4, 0x1a
    dc.b    0xa0, 0xd3, 0xa5, 0x1c, 0xa1, 0x3c, 0x0f, 0x42, 0xa5, 0x13, 0xa1, 0x94, 0x66, 0xa4, 0x1a, 0xa0
    dc.b    0xd5, 0xa5, 0x1c, 0xa1, 0x3e, 0x13, 0x46, 0xa5, 0x13, 0xa1, 0x99, 0xa6, 0x13, 0xa2, 0x94, 0x66
    dc.b    0xa4, 0x1a, 0xa0, 0xd7, 0xa5, 0x1c, 0xa1, 0x40, 0x06, 0x42, 0xa6, 0x13, 0xa2, 0x8f, 0x14, 0x22
    dc.b    0x89, 0xaa, 0x42, 0xa5, 0x13, 0xa1, 0x94, 0x80, 0x02, 0x66, 0xa4, 0x1a, 0xa0, 0xd5, 0xa5, 0x1c
    dc.b    0xa1, 0x3e, 0x0f, 0x42, 0xa5, 0x13, 0xa1, 0x8f, 0x66, 0xa4, 0x1a, 0xa0, 0xd3, 0xa5, 0x1c, 0xa1
    dc.b    0x3c, 0x12, 0x22, 0x88, 0xa8, 0x42, 0xa5, 0x13, 0xa1, 0x8a, 0x66, 0xa4, 0x1a, 0xa0, 0xd1, 0xa5
    dc.b    0x1c, 0xa1, 0x3a, 0x26, 0x30, 0xbf, 0x24, 0x8e, 0x0b, 0xf2, 0x82, 0x00, 0xf0, 0x42, 0xa5, 0x13
    dc.b    0xa1, 0x85, 0x80, 0x02, 0x42, 0xa6, 0x13, 0xa2, 0x2d, 0x80, 0xf2, 0x42, 0xa6, 0x13, 0xa2, 0x32
    dc.b    0x66, 0xa4, 0x1a, 0xa0, 0xcf, 0xa5, 0x1c, 0xa1, 0x38, 0x0a, 0x30, 0xff, 0x20, 0x8f, 0x42, 0xa6
    dc.b    0x13, 0xa2, 0x37, 0x0f, 0x42, 0xa5, 0x13, 0xa1, 0x8a, 0x66, 0xa4, 0x1a, 0xa0, 0xd1, 0xa5, 0x1c
    dc.b    0xa1, 0x3a, 0x13, 0x46, 0xa5, 0x13, 0xa1, 0x8f, 0xa6, 0x13, 0xa2, 0x32, 0x66, 0xa4, 0x1a, 0xa0
    dc.b    0xd3, 0xa5, 0x1c, 0xa1, 0x3c, 0x13, 0x46, 0xa5, 0x13, 0xa1, 0x94, 0xa6, 0x13, 0xa2, 0x2d, 0x66
    dc.b    0xa4, 0x1a, 0xa0, 0xd5, 0xa5, 0x1c, 0xa1, 0x3e, 0x15, 0x20, 0x8e, 0x42, 0xa5, 0x13, 0xa1, 0x99
    dc.b    0x80, 0x02, 0x66, 0xa4, 0x1a, 0xa0, 0xd7, 0xa5, 0x1c, 0xa1, 0x40, 0xb8, 0x02, 0x01, 0x11, 0x20
    dc.b    0x8d, 0x42, 0xa5, 0x13, 0xa1, 0x94, 0x66, 0xa4, 0x1a, 0xa0, 0xd5, 0xa5, 0x1c, 0xa1, 0x3e, 0x2f
    dc.b    0x2a, 0x89, 0x0a, 0xaf, 0x0b, 0xba, 0xf2, 0x84, 0x00, 0xf0, 0x01, 0x42, 0xa5, 0x13, 0xa1, 0x2d
    dc.b    0x80, 0xf1, 0x42, 0xa5, 0x13, 0xa1, 0x32, 0x80, 0x02, 0x42, 0xa6, 0x13, 0xa2, 0x8f, 0x80, 0xf2
    dc.b    0x42, 0xa6, 0x13, 0xa2, 0x94, 0x66, 0xa4, 0x1a, 0xa0, 0xd3, 0xa5, 0x1c, 0xa1, 0x3c, 0x19, 0x30
    dc.b    0xff, 0x24, 0x8a, 0xa1, 0x0c, 0x46, 0xa5, 0x13, 0xa1, 0x37, 0xa6, 0x13, 0xa2, 0x99, 0x66, 0xa4
    dc.b    0x1a, 0xa0, 0xd1, 0xa5, 0x1c, 0xa1, 0x3a, 0x0a, 0x66, 0xa4, 0x1a, 0xa0, 0xcf, 0xa5, 0x1c, 0xa1
    dc.b    0x38, 0x0a, 0x46, 0xa5, 0x13, 0xa1, 0x32, 0xa6, 0x13, 0xa2, 0x94, 0x13, 0x46, 0xa5, 0x13, 0xa1
    dc.b    0x2d, 0xa6, 0x13, 0xa2, 0x8f, 0x66, 0xa4, 0x1a, 0xa0, 0xd1, 0xa5, 0x1c, 0xa1, 0x3a, 0x19, 0x24
    dc.b    0x89, 0xaf, 0x0b, 0x46, 0xa5, 0x13, 0xa1, 0x28, 0xa6, 0x13, 0xa2, 0x8a, 0x66, 0xa4, 0x1a, 0xa0
    dc.b    0xd3, 0xa5, 0x1c, 0xa1, 0x3c, 0xb8, 0x01, 0x13, 0x46, 0xa5, 0x13, 0xa1, 0x23, 0xa6, 0x13, 0xa2
    dc.b    0x85, 0x66, 0xa4, 0x1a, 0xa0, 0xd5, 0xa5, 0x1c, 0xa1, 0x3e, 0x0d, 0x22, 0x88, 0xad, 0x66, 0xa4
    dc.b    0x1a, 0xa0, 0xd7, 0xa5, 0x1c, 0xa1, 0x40, 0x35, 0x28, 0x87, 0x09, 0xaa, 0x0c, 0xf2, 0x80, 0x00
    dc.b    0x42, 0xa4, 0x22, 0xa0, 0xd3, 0x80, 0xf0, 0x46, 0xa5, 0x13, 0xa1, 0x28, 0xa6, 0x13, 0xa2, 0x8a
    dc.b    0x80, 0x04, 0x62, 0xa4, 0x1a, 0xa0, 0xd3, 0x80, 0xf4, 0x62, 0xa4, 0x1a, 0xa0, 0xd5, 0x80, 0x05
    dc.b    0x62, 0xa5, 0x1a, 0xa1, 0xd3, 0x80, 0xf5, 0x62, 0xa5, 0x1a, 0xa1, 0xd5, 0x18, 0x30, 0xff, 0x22
    dc.b    0x88, 0xac, 0x46, 0xa5, 0x13, 0xa1, 0x2d, 0xa6, 0x13, 0xa2, 0x8f, 0x66, 0xa4, 0x1a, 0xa0, 0xd7
    dc.b    0xa5, 0x1a, 0xa1, 0xd7, 0x0c, 0x46, 0xa5, 0x13, 0xa1, 0x32, 0xa6, 0x13, 0xa2, 0x94, 0x80, 0x04
    dc.b    0x0f, 0x46, 0xa5, 0x13, 0xa1, 0x37, 0xa6, 0x13, 0xa2, 0x99, 0x62, 0xa5, 0x1a, 0xa1, 0xd5, 0x06
    dc.b    0x62, 0xa5, 0x1a, 0xa1, 0xd3, 0x13, 0x22, 0x87, 0xaa, 0x80, 0x00, 0x46, 0xa5, 0x13, 0xa1, 0x32
    dc.b    0xa6, 0x13, 0xa2, 0x94, 0x80, 0x05, 0xb8, 0x02, 0x0a, 0x46, 0xa5, 0x13, 0xa1, 0x2d, 0xa6, 0x13
    dc.b    0xa2, 0x8f, 0x0d, 0x22, 0x86, 0xa8, 0x46, 0xa5, 0x13, 0xa1, 0x28, 0xa6, 0x13, 0xa2, 0x8a, 0x2f
    dc.b    0x28, 0x89, 0x0a, 0xaf, 0x0b, 0xf2, 0x80, 0x00, 0x42, 0xa4, 0x1a, 0xa0, 0xd3, 0x80, 0xf0, 0x46
    dc.b    0xa5, 0x13, 0xa1, 0x23, 0xa6, 0x13, 0xa2, 0x85, 0x80, 0x04, 0x62, 0xa4, 0x1a, 0xa0, 0xd3, 0x80
    dc.b    0xf4, 0x62, 0xa4, 0x1a, 0xa0, 0xd5, 0x82, 0x05, 0xf5, 0x62, 0xa5, 0x1a, 0xa1, 0xd5, 0x10, 0x30
    dc.b    0xff, 0x24, 0x8a, 0xa1, 0x0c, 0x66, 0xa4, 0x1a, 0xa0, 0xd7, 0xa5, 0x1a, 0xa1, 0xd7, 0x0c, 0x46
    dc.b    0xa5, 0x13, 0xa1, 0x28, 0xa6, 0x13, 0xa2, 0x8a, 0x80, 0x04, 0x0f, 0x46, 0xa5, 0x13, 0xa1, 0x2d
    dc.b    0xa6, 0x13, 0xa2, 0x8f, 0x62, 0xa5, 0x1a, 0xa1, 0xd5, 0x0f, 0x46, 0xa5, 0x13, 0xa1, 0x32, 0xa6
    dc.b    0x13, 0xa2, 0x94, 0x62, 0xa5, 0x1a, 0xa1, 0xd3, 0x10, 0x24, 0x89, 0xaf, 0x0b, 0x46, 0xa5, 0x13
    dc.b    0xa1, 0x37, 0xa6, 0x13, 0xa2, 0x99, 0x80, 0x05, 0x01, 0x0d, 0x22, 0x88, 0xad, 0x46, 0xa5, 0x13
    dc.b    0xa1, 0x32, 0xa6, 0x13, 0xa2, 0x94, 0x3b, 0x28, 0x87, 0x09, 0xaa, 0x0a, 0xf2, 0x84, 0x00, 0xf0
    dc.b    0x01, 0x42, 0xa5, 0x13, 0xa1, 0x8f, 0x80, 0xf1, 0x42, 0xa5, 0x13, 0xa1, 0x94, 0x80, 0x02, 0x42
    dc.b    0xa6, 0x13, 0xa2, 0x2d, 0x80, 0xf2, 0x42, 0xa6, 0x13, 0xa2, 0x32, 0x80, 0x04, 0x62, 0xa4, 0x1a
    dc.b    0xa0, 0xd3, 0x80, 0xf4, 0x62, 0xa4, 0x1a, 0xa0, 0xd5, 0x82, 0x05, 0xf5, 0x62, 0xa5, 0x1a, 0xa1
    dc.b    0xd5, 0x18, 0x30, 0xff, 0x22, 0x88, 0xac, 0x46, 0xa5, 0x13, 0xa1, 0x99, 0xa6, 0x13, 0xa2, 0x37
    dc.b    0x66, 0xa4, 0x1a, 0xa0, 0xd7, 0xa5, 0x1a, 0xa1, 0xd7, 0x03, 0x80, 0x04, 0x0f, 0x46, 0xa5, 0x13
    dc.b    0xa1, 0x94, 0xa6, 0x13, 0xa2, 0x32, 0x62, 0xa5, 0x1a, 0xa1, 0xd5, 0x0f, 0x46, 0xa5, 0x13, 0xa1
    dc.b    0x8f, 0xa6, 0x13, 0xa2, 0x2d, 0x62, 0xa5, 0x1a, 0xa1, 0xd3, 0x0f, 0x22, 0x87, 0xaa, 0x46, 0xa5
    dc.b    0x13, 0xa1, 0x8a, 0xa6, 0x13, 0xa2, 0x28, 0x80, 0x05, 0x0a, 0x46, 0xa5, 0x13, 0xa1, 0x85, 0xa6
    dc.b    0x13, 0xa2, 0x23, 0x04, 0x22, 0x86, 0xa8, 0x28, 0x28, 0x8f, 0x08, 0xa8, 0x09, 0xf2, 0x80, 0x00
    dc.b    0x46, 0xa5, 0x13, 0xa1, 0x8a, 0xa6, 0x13, 0xa2, 0x28, 0x80, 0x04, 0x62, 0xa4, 0x1a, 0xa0, 0xd3
    dc.b    0x80, 0xf4, 0x62, 0xa4, 0x1a, 0xa0, 0xd5, 0x82, 0x05, 0xf5, 0x62, 0xa5, 0x1a, 0xa1, 0xd5, 0x19
    dc.b    0x30, 0xff, 0x24, 0x80, 0x09, 0xaa, 0x46, 0xa5, 0x13, 0xa1, 0x8f, 0xa6, 0x13, 0xa2, 0x2d, 0x66
    dc.b    0xa4, 0x1a, 0xa0, 0xd7, 0xa5, 0x1a, 0xa1, 0xd7, 0x0c, 0x46, 0xa5, 0x13, 0xa1, 0x94, 0xa6, 0x13
    dc.b    0xa2, 0x32, 0x80, 0x04, 0x0f, 0x46, 0xa5, 0x13, 0xa1, 0x99, 0xa6, 0x13, 0xa2, 0x37, 0x62, 0xa5
    dc.b    0x1a, 0xa1, 0xd5, 0x06, 0x62, 0xa5, 0x1a, 0xa1, 0xd3, 0x12, 0x24, 0x8f, 0x08, 0xa8, 0x46, 0xa5
    dc.b    0x13, 0xa1, 0x94, 0xa6, 0x13, 0xa2, 0x32, 0x80, 0x05, 0xb8, 0x02, 0x0a, 0x46, 0xa5, 0x13, 0xa1
    dc.b    0x8f, 0xa6, 0x13, 0xa2, 0x2d, 0x0d, 0x22, 0x8e, 0xa6, 0x46, 0xa5, 0x13, 0xa1, 0x8a, 0xa6, 0x13
    dc.b    0xa2, 0x28, 0x37, 0x28, 0x8e, 0x12, 0xaa, 0x0a, 0xf2, 0x80, 0x00, 0x42, 0xa4, 0x1b, 0xa0, 0x8f
    dc.b    0x82, 0xf0, 0x01, 0x42, 0xa5, 0x14, 0xa1, 0x7c, 0x80, 0xf1, 0x46, 0xa5, 0x14, 0xa1, 0x81, 0xa6
    dc.b    0x13, 0xa2, 0x23, 0x80, 0x04, 0x62, 0xa4, 0x1a, 0xa0, 0xd3, 0x80, 0xf4, 0x62, 0xa4, 0x1a, 0xa0
    dc.b    0xd5, 0x82, 0x05, 0xf5, 0x62, 0xa5, 0x1a, 0xa1, 0xd5, 0x14, 0x30, 0xff, 0x22, 0x8f, 0xac, 0x42
    dc.b    0xa5, 0x14, 0xa1, 0x86, 0x66, 0xa4, 0x1a, 0xa0, 0xd7, 0xa5, 0x1a, 0xa1, 0xd7, 0x08, 0x42, 0xa6
    dc.b    0x13, 0xa2, 0x28, 0x80, 0x04, 0x0f, 0x46, 0xa5, 0x14, 0xa1, 0x81, 0xa6, 0x13, 0xa2, 0x2d, 0x62
    dc.b    0xa5, 0x1a, 0xa1, 0xd5, 0x0f, 0x46, 0xa5, 0x14, 0xa1, 0x7c, 0xa6, 0x13, 0xa2, 0x32, 0x62, 0xa5
    dc.b    0x1a, 0xa1, 0xd3, 0x0f, 0x22, 0x8e, 0xaa, 0x46, 0xa5, 0x14, 0xa1, 0x77, 0xa6, 0x13, 0xa2, 0x37
    dc.b    0x80, 0x05, 0x06, 0x42, 0xa5, 0x14, 0xa1, 0x72, 0x09, 0x22, 0x8d, 0xa8, 0x42, 0xa6, 0x13, 0xa2
    dc.b    0x32, 0x30, 0x28, 0x8f, 0x0e, 0xa8, 0x09, 0xf2, 0x42, 0xa5, 0x14, 0xa1, 0x77, 0x80, 0x02, 0x42
    dc.b    0xa6, 0x13, 0xa2, 0x8f, 0x80, 0xf2, 0x42, 0xa6, 0x13, 0xa2, 0x94, 0x80, 0x04, 0x62, 0xa4, 0x1a
    dc.b    0xa0, 0xd3, 0x80, 0xf4, 0x62, 0xa4, 0x1a, 0xa0, 0xd5, 0x82, 0x05, 0xf5, 0x62, 0xa5, 0x1a, 0xa1
    dc.b    0xd5, 0x19, 0x30, 0xff, 0x24, 0x80, 0x0f, 0xaa, 0x46, 0xa5, 0x14, 0xa1, 0x7c, 0xa6, 0x13, 0xa2
    dc.b    0x99, 0x66, 0xa4, 0x1a, 0xa0, 0xd7, 0xa5, 0x1a, 0xa1, 0xd7, 0x08, 0x42, 0xa5, 0x14, 0xa1, 0x81
    dc.b    0x80, 0x04, 0x0f, 0x46, 0xa5, 0x14, 0xa1, 0x86, 0xa6, 0x13, 0xa2, 0x94, 0x62, 0xa5, 0x1a, 0xa1
    dc.b    0xd5, 0x0b, 0x42, 0xa6, 0x13, 0xa2, 0x8f, 0x62, 0xa5, 0x1a, 0xa1, 0xd3, 0x12, 0x24, 0x8f, 0x0e
    dc.b    0xa8, 0x46, 0xa5, 0x14, 0xa1, 0x81, 0xa6, 0x13, 0xa2, 0x8a, 0x80, 0x05, 0xb8, 0x02, 0x0a, 0x46
    dc.b    0xa5, 0x14, 0xa1, 0x7c, 0xa6, 0x13, 0xa2, 0x85, 0x09, 0x22, 0x8e, 0xa6, 0x42, 0xa5, 0x14, 0xa1
    dc.b    0x77, 0x28, 0x26, 0x89, 0x0c, 0xa0, 0xf2, 0x82, 0x00, 0xf0, 0x46, 0xa5, 0x14, 0xa1, 0x72, 0xa6
    dc.b    0x13, 0xa2, 0x8a, 0x80, 0x04, 0x62, 0xa4, 0x1a, 0xa0, 0xd3, 0x80, 0xf4, 0x62, 0xa4, 0x1a, 0xa0
    dc.b    0xd5, 0x82, 0x05, 0xf5, 0x62, 0xa5, 0x1a, 0xa1, 0xd5, 0x14, 0x30, 0xff, 0x22, 0x8a, 0xa2, 0x42
    dc.b    0xa6, 0x13, 0xa2, 0x8f, 0x66, 0xa4, 0x1a, 0xa0, 0xd7, 0xa5, 0x1a, 0xa1, 0xd7, 0x0c, 0x46, 0xa5
    dc.b    0x14, 0xa1, 0x77, 0xa6, 0x13, 0xa2, 0x94, 0x80, 0x04, 0x0f, 0x46, 0xa5, 0x14, 0xa1, 0x7c, 0xa6
    dc.b    0x13, 0xa2, 0x99, 0x62, 0xa5, 0x1a, 0xa1, 0xd5, 0x0b, 0x42, 0xa5, 0x14, 0xa1, 0x81, 0x62, 0xa5
    dc.b    0x1a, 0xa1, 0xd3, 0x11, 0x22, 0x89, 0xa0, 0x46, 0xa5, 0x14, 0xa1, 0x86, 0xa6, 0x13, 0xa2, 0x94
    dc.b    0x80, 0x05, 0xb8, 0x01, 0x06, 0x42, 0xa6, 0x13, 0xa2, 0x8f, 0x0e, 0x24, 0x88, 0xae, 0x08, 0x46
    dc.b    0xa5, 0x14, 0xa1, 0x81, 0xa6, 0x13, 0xa2, 0x8a, 0x3b, 0x28, 0x89, 0x0a, 0xaf, 0x12, 0xf2, 0x84
    dc.b    0x00, 0xf0, 0x01, 0x42, 0xa5, 0x1a, 0xa1, 0x5e, 0x80, 0xf1, 0x42, 0xa5, 0x1a, 0xa1, 0x63, 0x80
    dc.b    0x02, 0x42, 0xa6, 0x14, 0xa2, 0x7c, 0x80, 0xf2, 0x42, 0xa6, 0x14, 0xa2, 0x81, 0x80, 0x04, 0x62
    dc.b    0xa4, 0x1a, 0xa0, 0xd3, 0x80, 0xf4, 0x62, 0xa4, 0x1a, 0xa0, 0xd5, 0x82, 0x05, 0xf5, 0x62, 0xa5
    dc.b    0x1a, 0xa1, 0xd5, 0x19, 0x30, 0xff, 0x24, 0x8a, 0xa1, 0x13, 0x46, 0xa5, 0x1a, 0xa1, 0x68, 0xa6
    dc.b    0x14, 0xa2, 0x86, 0x66, 0xa4, 0x1a, 0xa0, 0xd7, 0xa5, 0x1a, 0xa1, 0xd7, 0x03, 0x80, 0x04, 0x0f
    dc.b    0x46, 0xa5, 0x1a, 0xa1, 0x63, 0xa6, 0x14, 0xa2, 0x81, 0x62, 0xa5, 0x1a, 0xa1, 0xd5, 0x0f, 0x46
    dc.b    0xa5, 0x1a, 0xa1, 0x5e, 0xa6, 0x14, 0xa2, 0x7c, 0x62, 0xa5, 0x1a, 0xa1, 0xd3, 0x12, 0x24, 0x89
    dc.b    0xaf, 0x12, 0x46, 0xa5, 0x1a, 0xa1, 0x59, 0xa6, 0x14, 0xa2, 0x77, 0x80, 0x05, 0xb8, 0x01, 0x0a
    dc.b    0x46, 0xa5, 0x1a, 0xa1, 0x54, 0xa6, 0x14, 0xa2, 0x72, 0x04, 0x22, 0x88, 0xad, 0x2f, 0x28, 0x87
    dc.b    0x09, 0xa0, 0x0f, 0xf2, 0x80, 0x00, 0x42, 0xa4, 0x23, 0xa0, 0x8f, 0x80, 0xf0, 0x46, 0xa5, 0x1a
    dc.b    0xa1, 0x59, 0xa6, 0x14, 0xa2, 0x77, 0x80, 0x04, 0x62, 0xa4, 0x1a, 0xa0, 0xd3, 0x80, 0xf4, 0x62
    dc.b    0xa4, 0x1a, 0xa0, 0xd5, 0x82, 0x05, 0xf5, 0x62, 0xa5, 0x1a, 0xa1, 0xd5, 0x18, 0x30, 0xff, 0x22
    dc.b    0x88, 0xa2, 0x46, 0xa5, 0x1a, 0xa1, 0x5e, 0xa6, 0x14, 0xa2, 0x7c, 0x66, 0xa4, 0x1a, 0xa0, 0xd7
    dc.b    0xa5, 0x1a, 0xa1, 0xd7, 0x0c, 0x46, 0xa5, 0x1a, 0xa1, 0x63, 0xa6, 0x14, 0xa2, 0x81, 0x80, 0x04
    dc.b    0x0f, 0x46, 0xa5, 0x1a, 0xa1, 0x68, 0xa6, 0x14, 0xa2, 0x86, 0x62, 0xa5, 0x1a, 0xa1, 0xd5, 0x06
    dc.b    0x62, 0xa5, 0x1a, 0xa1, 0xd3, 0x13, 0x22, 0x87, 0xa0, 0x80, 0x00, 0x46, 0xa5, 0x1a, 0xa1, 0x63
    dc.b    0xa6, 0x14, 0xa2, 0x81, 0x80, 0x05, 0xb8, 0x01, 0x0a, 0x46, 0xa5, 0x1a, 0xa1, 0x5e, 0xa6, 0x14
    dc.b    0xa2, 0x7c, 0x0e, 0x24, 0x86, 0xae, 0x0e, 0x46, 0xa5, 0x1a, 0xa1, 0x59, 0xa6, 0x14, 0xa2, 0x77
    dc.b    0x2f, 0x28, 0x88, 0x07, 0xaa, 0x0c, 0xf2, 0x80, 0x00, 0x42, 0xa4, 0x1b, 0xa0, 0x8f, 0x80, 0xf0
    dc.b    0x46, 0xa5, 0x1a, 0xa1, 0x54, 0xa6, 0x14, 0xa2, 0x72, 0x80, 0x04, 0x62, 0xa4, 0x1a, 0xa0, 0xd3
    dc.b    0x80, 0xf4, 0x62, 0xa4, 0x1a, 0xa0, 0xd5, 0x82, 0x05, 0xf5, 0x62, 0xa5, 0x1a, 0xa1, 0xd5, 0x0f
    dc.b    0x30, 0xff, 0x22, 0x89, 0xac, 0x66, 0xa4, 0x1a, 0xa0, 0xd7, 0xa5, 0x1a, 0xa1, 0xd7, 0x0c, 0x46
    dc.b    0xa5, 0x1a, 0xa1, 0x59, 0xa6, 0x14, 0xa2, 0x77, 0x80, 0x04, 0x0f, 0x46, 0xa5, 0x1a, 0xa1, 0x5e
    dc.b    0xa6, 0x14, 0xa2, 0x7c, 0x62, 0xa5, 0x1a, 0xa1, 0xd5, 0x0f, 0x46, 0xa5, 0x1a, 0xa1, 0x63, 0xa6
    dc.b    0x14, 0xa2, 0x81, 0x62, 0xa5, 0x1a, 0xa1, 0xd3, 0x11, 0x22, 0x88, 0xaa, 0x46, 0xa5, 0x1a, 0xa1
    dc.b    0x68, 0xa6, 0x14, 0xa2, 0x86, 0x80, 0x05, 0xb8, 0x01, 0x01, 0x0d, 0x22, 0x87, 0xa8, 0x46, 0xa5
    dc.b    0x1a, 0xa1, 0x63, 0xa6, 0x14, 0xa2, 0x81, 0x3b, 0x28, 0x85, 0x06, 0xaa, 0x0a, 0xf2, 0x84, 0x00
    dc.b    0xf0, 0x01, 0x42, 0xa5, 0x1a, 0xa1, 0xab, 0x80, 0xf1, 0x42, 0xa5, 0x1a, 0xa1, 0xb0, 0x80, 0x02
    dc.b    0x42, 0xa6, 0x1a, 0xa2, 0x5e, 0x80, 0xf2, 0x42, 0xa6, 0x1a, 0xa2, 0x63, 0x80, 0x04, 0x62, 0xa4
    dc.b    0x1a, 0xa0, 0xd3, 0x80, 0xf4, 0x62, 0xa4, 0x1a, 0xa0, 0xd5, 0x82, 0x05, 0xf5, 0x62, 0xa5, 0x1a
    dc.b    0xa1, 0xd5, 0x18, 0x30, 0xff, 0x22, 0x86, 0xac, 0x46, 0xa5, 0x1a, 0xa1, 0xb5, 0xa6, 0x1a, 0xa2
    dc.b    0x68, 0x66, 0xa4, 0x1a, 0xa0, 0xd7, 0xa5, 0x1a, 0xa1, 0xd7, 0x03, 0x80, 0x04, 0x0f, 0x46, 0xa5
    dc.b    0x1a, 0xa1, 0xb0, 0xa6, 0x1a, 0xa2, 0x63, 0x62, 0xa5, 0x1a, 0xa1, 0xd5, 0x0f, 0x46, 0xa5, 0x1a
    dc.b    0xa1, 0xab, 0xa6, 0x1a, 0xa2, 0x5e, 0x62, 0xa5, 0x1a, 0xa1, 0xd3, 0x11, 0x22, 0x85, 0xaa, 0x46
    dc.b    0xa5, 0x1a, 0xa1, 0xa6, 0xa6, 0x1a, 0xa2, 0x59, 0x80, 0x05, 0xb8, 0x01, 0x0a, 0x46, 0xa5, 0x1a
    dc.b    0xa1, 0xa1, 0xa6, 0x1a, 0xa2, 0x54, 0x04, 0x22, 0x84, 0xa8, 0x28, 0x28, 0x8b, 0x04, 0xa8, 0x09
    dc.b    0xf2, 0x80, 0x00, 0x46, 0xa5, 0x1a, 0xa1, 0xa6, 0xa6, 0x1a, 0xa2, 0x59, 0x80, 0x04, 0x62, 0xa4
    dc.b    0x1a, 0xa0, 0xd3, 0x80, 0xf4, 0x62, 0xa4, 0x1a, 0xa0, 0xd5, 0x82, 0x05, 0xf5, 0x62, 0xa5, 0x1a
    dc.b    0xa1, 0xd5, 0x18, 0x30, 0xff, 0x22, 0x8c, 0xaa, 0x46, 0xa5, 0x1a, 0xa1, 0xab, 0xa6, 0x1a, 0xa2
    dc.b    0x5e, 0x66, 0xa4, 0x1a, 0xa0, 0xd7, 0xa5, 0x1a, 0xa1, 0xd7, 0x0c, 0x46, 0xa5, 0x1a, 0xa1, 0xb0
    dc.b    0xa6, 0x1a, 0xa2, 0x63, 0x80, 0x04, 0x0f, 0x46, 0xa5, 0x1a, 0xa1, 0xb5, 0xa6, 0x1a, 0xa2, 0x68
    dc.b    0x62, 0xa5, 0x1a, 0xa1, 0xd5, 0x06, 0x62, 0xa5, 0x1a, 0xa1, 0xd3, 0x11, 0x22, 0x8b, 0xa8, 0x46
    dc.b    0xa5, 0x1a, 0xa1, 0xb0, 0xa6, 0x1a, 0xa2, 0x63, 0x80, 0x05, 0xb8, 0x03, 0x0a, 0x46, 0xa5, 0x1a
    dc.b    0xa1, 0xab, 0xa6, 0x1a, 0xa2, 0x5e, 0x0d, 0x22, 0x8a, 0xa6, 0x46, 0xa5, 0x1a, 0xa1, 0xa6, 0xa6
    dc.b    0x1a, 0xa2, 0x59, 0x37, 0x28, 0x81, 0x07, 0xa9, 0x07, 0xf2, 0x80, 0x00, 0x42, 0xa4, 0x1b, 0xa0
    dc.b    0xc5, 0x82, 0xf0, 0x01, 0x42, 0xa5, 0x1a, 0xa1, 0xd3, 0x80, 0xf1, 0x46, 0xa5, 0x1a, 0xa1, 0xd8
    dc.b    0xa6, 0x1a, 0xa2, 0x54, 0x80, 0x04, 0x62, 0xa4, 0x13, 0xa0, 0xc5, 0x80, 0xf4, 0x62, 0xa4, 0x13
    dc.b    0xa0, 0xc7, 0x82, 0x05, 0xf5, 0x62, 0xa5, 0x1a, 0xa1, 0xd5, 0x14, 0x30, 0xff, 0x22, 0x82, 0xab
    dc.b    0x42, 0xa5, 0x1a, 0xa1, 0xdd, 0x66, 0xa4, 0x13, 0xa0, 0xc9, 0xa5, 0x1a, 0xa1, 0xd7, 0x06, 0x42
    dc.b    0xa6, 0x1a, 0xa2, 0x59, 0x13, 0x46, 0xa5, 0x1a, 0xa1, 0xd8, 0xa6, 0x1a, 0xa2, 0x5e, 0x66, 0xa4
    dc.b    0x13, 0xa0, 0xc7, 0xa5, 0x1a, 0xa1, 0xd5, 0x13, 0x46, 0xa5, 0x1a, 0xa1, 0xd3, 0xa6, 0x1a, 0xa2
    dc.b    0x63, 0x66, 0xa4, 0x13, 0xa0, 0xc5, 0xa5, 0x1a, 0xa1, 0xd3, 0x16, 0x22, 0x81, 0xa9, 0x46, 0xa5
    dc.b    0x1a, 0xa1, 0xce, 0xa6, 0x1a, 0xa2, 0x68, 0x66, 0xa4, 0x13, 0xa0, 0xc3, 0xa5, 0x1a, 0xa1, 0xd1
    dc.b    0x0f, 0x42, 0xa5, 0x1a, 0xa1, 0xc9, 0x66, 0xa4, 0x13, 0xa0, 0xc1, 0xa5, 0x1a, 0xa1, 0xcf, 0x09
    dc.b    0x22, 0x80, 0xa7, 0x42, 0xa6, 0x1a, 0xa2, 0x63, 0x20, 0x22, 0xa6, 0x06, 0x42, 0xa5, 0x1a, 0xa1
    dc.b    0xce, 0x80, 0x02, 0x42, 0xa6, 0x1a, 0xa2, 0xab, 0x80, 0xf2, 0x42, 0xa6, 0x1a, 0xa2, 0xb0, 0x66
    dc.b    0xa4, 0x13, 0xa0, 0xc3, 0xa5, 0x1a, 0xa1, 0xd1, 0x15, 0x20, 0xa8, 0x46, 0xa5, 0x1a, 0xa1, 0xd3
    dc.b    0xa6, 0x1a, 0xa2, 0xb5, 0x66, 0xa4, 0x13, 0xa0, 0xc5, 0xa5, 0x1a, 0xa1, 0xd3, 0x0f, 0x42, 0xa5
    dc.b    0x1a, 0xa1, 0xd8, 0x66, 0xa4, 0x13, 0xa0, 0xc7, 0xa5, 0x1a, 0xa1, 0xd5, 0x15, 0x20, 0x81, 0x46
    dc.b    0xa5, 0x1a, 0xa1, 0xdd, 0xa6, 0x1a, 0xa2, 0xb0, 0x66, 0xa4, 0x13, 0xa0, 0xc9, 0xa5, 0x1a, 0xa1
    dc.b    0xd7, 0x06, 0x42, 0xa6, 0x1a, 0xa2, 0xab, 0x16, 0x22, 0x82, 0xa6, 0x46, 0xa5, 0x1a, 0xa1, 0xd8
    dc.b    0xa6, 0x1a, 0xa2, 0xa6, 0x66, 0xa4, 0x13, 0xa0, 0xc7, 0xa5, 0x1a, 0xa1, 0xd5, 0x13, 0x46, 0xa5
    dc.b    0x1a, 0xa1, 0xd3, 0xa6, 0x1a, 0xa2, 0xa1, 0x66, 0xa4, 0x13, 0xa0, 0xc5, 0xa5, 0x1a, 0xa1, 0xd3
    dc.b    0x11, 0x20, 0xa4, 0x42, 0xa5, 0x1a, 0xa1, 0xce, 0x66, 0xa4, 0x13, 0xa0, 0xc3, 0xa5, 0x1a, 0xa1
    dc.b    0xd1, 0x16, 0x22, 0xac, 0x04, 0x46, 0xa5, 0x1a, 0xa1, 0xc9, 0xa6, 0x1a, 0xa2, 0xa6, 0x66, 0xa4
    dc.b    0x13, 0xa0, 0xc1, 0xa5, 0x1a, 0xa1, 0xcf, 0x09, 0x22, 0x81, 0xae, 0x42, 0xa6, 0x1a, 0xa2, 0xab
    dc.b    0x13, 0x46, 0xa5, 0x1a, 0xa1, 0xce, 0xa6, 0x1a, 0xa2, 0xb0, 0x66, 0xa4, 0x13, 0xa0, 0xc3, 0xa5
    dc.b    0x1a, 0xa1, 0xd1, 0x15, 0x20, 0x80, 0x46, 0xa5, 0x1a, 0xa1, 0xd3, 0xa6, 0x1a, 0xa2, 0xb5, 0x66
    dc.b    0xa4, 0x13, 0xa0, 0xc5, 0xa5, 0x1a, 0xa1, 0xd3, 0x0f, 0x42, 0xa5, 0x1a, 0xa1, 0xd8, 0x66, 0xa4
    dc.b    0x13, 0xa0, 0xc7, 0xa5, 0x1a, 0xa1, 0xd5, 0x15, 0x20, 0xac, 0x46, 0xa5, 0x1a, 0xa1, 0xdd, 0xa6
    dc.b    0x1a, 0xa2, 0xb0, 0x66, 0xa4, 0x13, 0xa0, 0xc9, 0xa5, 0x1a, 0xa1, 0xd7, 0x06, 0x42, 0xa6, 0x1a
    dc.b    0xa2, 0xab, 0x16, 0x22, 0x81, 0xaa, 0x46, 0xa5, 0x1a, 0xa1, 0xd8, 0xa6, 0x1a, 0xa2, 0xa6, 0x66
    dc.b    0xa4, 0x13, 0xa0, 0xc7, 0xa5, 0x1a, 0xa1, 0xd5, 0x29, 0x22, 0xa2, 0x07, 0x80, 0x01, 0x42, 0xa5
    dc.b    0x1a, 0xa1, 0xab, 0x80, 0xf1, 0x42, 0xa5, 0x1a, 0xa1, 0xb0, 0x80, 0x02, 0x42, 0xa6, 0x1a, 0xa2
    dc.b    0xd3, 0x80, 0xf2, 0x42, 0xa6, 0x1a, 0xa2, 0xd8, 0x66, 0xa4, 0x13, 0xa0, 0xc5, 0xa5, 0x1a, 0xa1
    dc.b    0xd3, 0x16, 0x22, 0x82, 0xa4, 0x46, 0xa5, 0x1a, 0xa1, 0xb5, 0xa6, 0x1a, 0xa2, 0xdd, 0x66, 0xa4
    dc.b    0x13, 0xa0, 0xc3, 0xa5, 0x1a, 0xa1, 0xd1, 0x0a, 0x66, 0xa4, 0x13, 0xa0, 0xc1, 0xa5, 0x1a, 0xa1
    dc.b    0xcf, 0x0a, 0x46, 0xa5, 0x1a, 0xa1, 0xb0, 0xa6, 0x1a, 0xa2, 0xd8, 0x13, 0x46, 0xa5, 0x1a, 0xa1
    dc.b    0xab, 0xa6, 0x1a, 0xa2, 0xd3, 0x66, 0xa4, 0x13, 0xa0, 0xc3, 0xa5, 0x1a, 0xa1, 0xd1, 0x18, 0x22
    dc.b    0x81, 0xa2, 0x46, 0xa5, 0x1a, 0xa1, 0xa6, 0xa6, 0x1a, 0xa2, 0xce, 0x66, 0xa4, 0x13, 0xa0, 0xc5
    dc.b    0xa5, 0x1a, 0xa1, 0xd3, 0xb8, 0x02, 0x13, 0x46, 0xa5, 0x1a, 0xa1, 0xa1, 0xa6, 0x1a, 0xa2, 0xc9
    dc.b    0x66, 0xa4, 0x13, 0xa0, 0xc7, 0xa5, 0x1a, 0xa1, 0xd5, 0x0d, 0x22, 0x80, 0xa0, 0x66, 0xa4, 0x13
    dc.b    0xa0, 0xc9, 0xa5, 0x1a, 0xa1, 0xd7, 0x0f, 0x20, 0xf2, 0x82, 0x00, 0xf0, 0x46, 0xa5, 0x1a, 0xa1
    dc.b    0xa6, 0xa6, 0x1a, 0xa2, 0xce, 0x15, 0x30, 0xff, 0x46, 0xa5, 0x1a, 0xa1, 0xab, 0xa6, 0x1a, 0xa2
    dc.b    0xd3, 0x66, 0xa4, 0x13, 0xa0, 0xc7, 0xa5, 0x1a, 0xa1, 0xd5, 0x13, 0x46, 0xa5, 0x1a, 0xa1, 0xb0
    dc.b    0xa6, 0x1a, 0xa2, 0xd8, 0x66, 0xa4, 0x13, 0xa0, 0xc5, 0xa5, 0x1a, 0xa1, 0xd3, 0x16, 0x22, 0x81
    dc.b    0xa2, 0x46, 0xa5, 0x1a, 0xa1, 0xb5, 0xa6, 0x1a, 0xa2, 0xdd, 0x66, 0xa4, 0x13, 0xa0, 0xc3, 0xa5
    dc.b    0x1a, 0xa1, 0xd1, 0x0a, 0x66, 0xa4, 0x13, 0xa0, 0xc1, 0xa5, 0x1a, 0xa1, 0xcf, 0x0d, 0x22, 0x82
    dc.b    0xa4, 0x46, 0xa5, 0x1a, 0xa1, 0xb0, 0xa6, 0x1a, 0xa2, 0xd8, 0x13, 0x46, 0xa5, 0x1a, 0xa1, 0xab
    dc.b    0xa6, 0x1a, 0xa2, 0xd3, 0x66, 0xa4, 0x13, 0xa0, 0xc3, 0xa5, 0x1a, 0xa1, 0xd1, 0x13, 0x46, 0xa5
    dc.b    0x1a, 0xa1, 0xa6, 0xa6, 0x1a, 0xa2, 0xce, 0x66, 0xa4, 0x13, 0xa0, 0xc5, 0xa5, 0x1a, 0xa1, 0xd3
    dc.b    0x13, 0x46, 0xa5, 0x1a, 0xa1, 0xa1, 0xa6, 0x1a, 0xa2, 0xc9, 0x66, 0xa4, 0x13, 0xa0, 0xc7, 0xa5
    dc.b    0x1a, 0xa1, 0xd5, 0x0d, 0x22, 0x81, 0xa2, 0x66, 0xa4, 0x13, 0xa0, 0xc9, 0xa5, 0x1a, 0xa1, 0xd7
    dc.b    0x0a, 0x46, 0xa5, 0x1a, 0xa1, 0xa6, 0xa6, 0x1a, 0xa2, 0xce, 0x16, 0x22, 0x80, 0xa0, 0x46, 0xa5
    dc.b    0x1a, 0xa1, 0xab, 0xa6, 0x1a, 0xa2, 0xd3, 0x66, 0xa4, 0x13, 0xa0, 0xc7, 0xa5, 0x1a, 0xa1, 0xd5
    dc.b    0x13, 0x46, 0xa5, 0x1a, 0xa1, 0xb0, 0xa6, 0x1a, 0xa2, 0xd8, 0x66, 0xa4, 0x13, 0xa0, 0xc5, 0xa5
    dc.b    0x1a, 0xa1, 0xd3, 0x13, 0x46, 0xa5, 0x1a, 0xa1, 0xb5, 0xa6, 0x1a, 0xa2, 0xdd, 0x66, 0xa4, 0x13
    dc.b    0xa0, 0xc3, 0xa5, 0x1a, 0xa1, 0xd1, 0x0a, 0x66, 0xa4, 0x13, 0xa0, 0xc1, 0xa5, 0x1a, 0xa1, 0xcf
    dc.b    0x0d, 0x22, 0x81, 0xa2, 0x46, 0xa5, 0x1a, 0xa1, 0xb0, 0xa6, 0x1a, 0xa2, 0xd8, 0x26, 0x80, 0x01
    dc.b    0x42, 0xa5, 0x1a, 0xa1, 0x5e, 0x80, 0xf1, 0x42, 0xa5, 0x1a, 0xa1, 0x63, 0x80, 0x02, 0x42, 0xa6
    dc.b    0x1a, 0xa2, 0xab, 0x80, 0xf2, 0x42, 0xa6, 0x1a, 0xa2, 0xb0, 0x66, 0xa4, 0x13, 0xa0, 0xc3, 0xa5
    dc.b    0x1a, 0xa1, 0xd1, 0x16, 0x22, 0x82, 0xa4, 0x46, 0xa5, 0x1a, 0xa1, 0x68, 0xa6, 0x1a, 0xa2, 0xb5
    dc.b    0x66, 0xa4, 0x13, 0xa0, 0xc5, 0xa5, 0x1a, 0xa1, 0xd3, 0x0a, 0x66, 0xa4, 0x13, 0xa0, 0xc7, 0xa5
    dc.b    0x1a, 0xa1, 0xd5, 0x13, 0x46, 0xa5, 0x1a, 0xa1, 0x63, 0xa6, 0x1a, 0xa2, 0xb0, 0x66, 0xa4, 0x13
    dc.b    0xa0, 0xc9, 0xa5, 0x1a, 0xa1, 0xd7, 0x0a, 0x46, 0xa5, 0x1a, 0xa1, 0x5e, 0xa6, 0x1a, 0xa2, 0xab
    dc.b    0x16, 0x22, 0x81, 0xa2, 0x46, 0xa5, 0x1a, 0xa1, 0x59, 0xa6, 0x1a, 0xa2, 0xa6, 0x66, 0xa4, 0x13
    dc.b    0xa0, 0xc7, 0xa5, 0x1a, 0xa1, 0xd5, 0x13, 0x46, 0xa5, 0x1a, 0xa1, 0x54, 0xa6, 0x1a, 0xa2, 0xa1
    dc.b    0x66, 0xa4, 0x13, 0xa0, 0xc5, 0xa5, 0x1a, 0xa1, 0xd3, 0x0d, 0x22, 0x80, 0xa0, 0x66, 0xa4, 0x13
    dc.b    0xa0, 0xc3, 0xa5, 0x1a, 0xa1, 0xd1, 0x13, 0x46, 0xa5, 0x1a, 0xa1, 0x59, 0xa6, 0x1a, 0xa2, 0xa6
    dc.b    0x66, 0xa4, 0x13, 0xa0, 0xc1, 0xa5, 0x1a, 0xa1, 0xcf, 0x0a, 0x46, 0xa5, 0x1a, 0xa1, 0x5e, 0xa6
    dc.b    0x1a, 0xa2, 0xab, 0x13, 0x46, 0xa5, 0x1a, 0xa1, 0x63, 0xa6, 0x1a, 0xa2, 0xb0, 0x66, 0xa4, 0x13
    dc.b    0xa0, 0xc3, 0xa5, 0x1a, 0xa1, 0xd1, 0x16, 0x22, 0x81, 0xa2, 0x46, 0xa5, 0x1a, 0xa1, 0x68, 0xa6
    dc.b    0x1a, 0xa2, 0xb5, 0x66, 0xa4, 0x13, 0xa0, 0xc5, 0xa5, 0x1a, 0xa1, 0xd3, 0x0a, 0x66, 0xa4, 0x13
    dc.b    0xa0, 0xc7, 0xa5, 0x1a, 0xa1, 0xd5, 0x18, 0x22, 0x82, 0xa4, 0x46, 0xa5, 0x1a, 0xa1, 0x63, 0xa6
    dc.b    0x1a, 0xa2, 0xb0, 0x66, 0xa4, 0x13, 0xa0, 0xc9, 0xa5, 0x1a, 0xa1, 0xd7, 0xb8, 0x02, 0x0a, 0x46
    dc.b    0xa5, 0x1a, 0xa1, 0x5e, 0xa6, 0x1a, 0xa2, 0xab, 0x13, 0x46, 0xa5, 0x1a, 0xa1, 0x59, 0xa6, 0x1a
    dc.b    0xa2, 0xa6, 0x66, 0xa4, 0x13, 0xa0, 0xc7, 0xa5, 0x1a, 0xa1, 0xd5, 0x18, 0x20, 0xf2, 0x82, 0x00
    dc.b    0xf0, 0x46, 0xa5, 0x1a, 0xa1, 0x54, 0xa6, 0x1a, 0xa2, 0xa1, 0x66, 0xa4, 0x13, 0xa0, 0xc5, 0xa5
    dc.b    0x1a, 0xa1, 0xd3, 0x0f, 0x30, 0xff, 0x22, 0x81, 0xa2, 0x66, 0xa4, 0x13, 0xa0, 0xc3, 0xa5, 0x1a
    dc.b    0xa1, 0xd1, 0x13, 0x46, 0xa5, 0x1a, 0xa1, 0x59, 0xa6, 0x1a, 0xa2, 0xa6, 0x66, 0xa4, 0x13, 0xa0
    dc.b    0xc1, 0xa5, 0x1a, 0xa1, 0xcf, 0x0d, 0x22, 0x80, 0xa0, 0x46, 0xa5, 0x1a, 0xa1, 0x5e, 0xa6, 0x1a
    dc.b    0xa2, 0xab, 0x13, 0x46, 0xa5, 0x1a, 0xa1, 0x63, 0xa6, 0x1a, 0xa2, 0xb0, 0x66, 0xa4, 0x13, 0xa0
    dc.b    0xc3, 0xa5, 0x1a, 0xa1, 0xd1, 0x13, 0x46, 0xa5, 0x1a, 0xa1, 0x68, 0xa6, 0x1a, 0xa2, 0xb5, 0x66
    dc.b    0xa4, 0x13, 0xa0, 0xc5, 0xa5, 0x1a, 0xa1, 0xd3, 0x0a, 0x66, 0xa4, 0x13, 0xa0, 0xc7, 0xa5, 0x1a
    dc.b    0xa1, 0xd5, 0x16, 0x22, 0x81, 0xa2, 0x46, 0xa5, 0x1a, 0xa1, 0x63, 0xa6, 0x1a, 0xa2, 0xb0, 0x66
    dc.b    0xa4, 0x13, 0xa0, 0xc9, 0xa5, 0x1a, 0xa1, 0xd7, 0x1d, 0x80, 0x01, 0x42, 0xa5, 0x1a, 0xa1, 0xab
    dc.b    0x80, 0xf1, 0x42, 0xa5, 0x1a, 0xa1, 0xb0, 0x80, 0x02, 0x42, 0xa6, 0x1a, 0xa2, 0x5e, 0x80, 0xf2
    dc.b    0x42, 0xa6, 0x1a, 0xa2, 0x63, 0x16, 0x22, 0x82, 0xa4, 0x46, 0xa5, 0x1a, 0xa1, 0xb5, 0xa6, 0x1a
    dc.b    0xa2, 0x68, 0x66, 0xa4, 0x13, 0xa0, 0xc7, 0xa5, 0x1a, 0xa1, 0xd5, 0x0a, 0x66, 0xa4, 0x13, 0xa0
    dc.b    0xc5, 0xa5, 0x1a, 0xa1, 0xd3, 0x13, 0x46, 0xa5, 0x1a, 0xa1, 0xb0, 0xa6, 0x1a, 0xa2, 0x63, 0x66
    dc.b    0xa4, 0x13, 0xa0, 0xc3, 0xa5, 0x1a, 0xa1, 0xd1, 0x13, 0x46, 0xa5, 0x1a, 0xa1, 0xab, 0xa6, 0x1a
    dc.b    0xa2, 0x5e, 0x66, 0xa4, 0x13, 0xa0, 0xc1, 0xa5, 0x1a, 0xa1, 0xcf, 0x0d, 0x22, 0x81, 0xa2, 0x46
    dc.b    0xa5, 0x1a, 0xa1, 0xa6, 0xa6, 0x1a, 0xa2, 0x59, 0x13, 0x46, 0xa5, 0x1a, 0xa1, 0xa1, 0xa6, 0x1a
    dc.b    0xa2, 0x54, 0x66, 0xa4, 0x13, 0xa0, 0xc3, 0xa5, 0x1a, 0xa1, 0xd1, 0x0d, 0x22, 0x80, 0xa0, 0x66
    dc.b    0xa4, 0x13, 0xa0, 0xc5, 0xa5, 0x1a, 0xa1, 0xd3, 0x17, 0x24, 0x8f, 0x08, 0xf2, 0x46, 0xa5, 0x1a
    dc.b    0xa1, 0xa6, 0xa6, 0x1a, 0xa2, 0x59, 0x66, 0xa4, 0x13, 0xa0, 0xc7, 0xa5, 0x1a, 0xa1, 0xd5, 0x18
    dc.b    0x30, 0xff, 0x22, 0x80, 0x09, 0x46, 0xa5, 0x1a, 0xa1, 0xab, 0xa6, 0x1a, 0xa2, 0x5e, 0x66, 0xa4
    dc.b    0x13, 0xa0, 0xc9, 0xa5, 0x1a, 0xa1, 0xd7, 0x0a, 0x46, 0xa5, 0x1a, 0xa1, 0xb0, 0xa6, 0x1a, 0xa2
    dc.b    0x63, 0x15, 0x20, 0xa2, 0x46, 0xa5, 0x1a, 0xa1, 0xb5, 0xa6, 0x1a, 0xa2, 0x68, 0x66, 0xa4, 0x13
    dc.b    0xa0, 0xc7, 0xa5, 0x1a, 0xa1, 0xd5, 0x0a, 0x66, 0xa4, 0x13, 0xa0, 0xc5, 0xa5, 0x1a, 0xa1, 0xd3
    dc.b    0x17, 0x24, 0x8f, 0x08, 0xa4, 0x46, 0xa5, 0x1a, 0xa1, 0xb0, 0xa6, 0x1a, 0xa2, 0x63, 0x66, 0xa4
    dc.b    0x13, 0xa0, 0xc3, 0xa5, 0x1a, 0xa1, 0xd1, 0x13, 0x46, 0xa5, 0x1a, 0xa1, 0xab, 0xa6, 0x1a, 0xa2
    dc.b    0x5e, 0x66, 0xa4, 0x13, 0xa0, 0xc1, 0xa5, 0x1a, 0xa1, 0xcf, 0x0c, 0x20, 0x8e, 0x46, 0xa5, 0x1a
    dc.b    0xa1, 0xa6, 0xa6, 0x1a, 0xa2, 0x59, 0x17, 0x24, 0x8e, 0x0b, 0xf2, 0x46, 0xa5, 0x1a, 0xa1, 0xa1
    dc.b    0xa6, 0x1a, 0xa2, 0x54, 0x66, 0xa4, 0x13, 0xa0, 0xc3, 0xa5, 0x1a, 0xa1, 0xd1, 0x0f, 0x30, 0xff
    dc.b    0x22, 0x8f, 0xa2, 0x66, 0xa4, 0x13, 0xa0, 0xc5, 0xa5, 0x1a, 0xa1, 0xd3, 0x13, 0x46, 0xa5, 0x1a
    dc.b    0xa1, 0xa6, 0xa6, 0x1a, 0xa2, 0x59, 0x66, 0xa4, 0x13, 0xa0, 0xc7, 0xa5, 0x1a, 0xa1, 0xd5, 0x15
    dc.b    0x20, 0xa0, 0x46, 0xa5, 0x1a, 0xa1, 0xab, 0xa6, 0x1a, 0xa2, 0x5e, 0x66, 0xa4, 0x13, 0xa0, 0xc9
    dc.b    0xa5, 0x1a, 0xa1, 0xd7, 0x0a, 0x46, 0xa5, 0x1a, 0xa1, 0xb0, 0xa6, 0x1a, 0xa2, 0x63, 0x17, 0x20
    dc.b    0x8e, 0x46, 0xa5, 0x1a, 0xa1, 0xb5, 0xa6, 0x1a, 0xa2, 0x68, 0x66, 0xa4, 0x13, 0xa0, 0xc7, 0xa5
    dc.b    0x1a, 0xa1, 0xd5, 0xb8, 0x01, 0x0a, 0x66, 0xa4, 0x13, 0xa0, 0xc5, 0xa5, 0x1a, 0xa1, 0xd3, 0x16
    dc.b    0x22, 0x8d, 0xa2, 0x46, 0xa5, 0x1a, 0xa1, 0xb0, 0xa6, 0x1a, 0xa2, 0x63, 0x66, 0xa4, 0x13, 0xa0
    dc.b    0xc3, 0xa5, 0x1a, 0xa1, 0xd1, 0x2b, 0x22, 0x8f, 0x08, 0x84, 0x00, 0xf0, 0x01, 0x42, 0xa5, 0x1a
    dc.b    0xa1, 0xd3, 0x80, 0xf1, 0x42, 0xa5, 0x1a, 0xa1, 0xd8, 0x80, 0x02, 0x42, 0xa6, 0x1a, 0xa2, 0xab
    dc.b    0x80, 0xf2, 0x42, 0xa6, 0x1a, 0xa2, 0xb0, 0x66, 0xa4, 0x13, 0xa0, 0xc1, 0xa5, 0x1a, 0xa1, 0xcf
    dc.b    0x0e, 0x24, 0x80, 0x09, 0xa4, 0x46, 0xa5, 0x1a, 0xa1, 0xdd, 0xa6, 0x1a, 0xa2, 0xb5, 0x0a, 0x66
    dc.b    0xa4, 0x13, 0xa0, 0xc3, 0xa5, 0x1a, 0xa1, 0xd1, 0x13, 0x46, 0xa5, 0x1a, 0xa1, 0xd8, 0xa6, 0x1a
    dc.b    0xa2, 0xb0, 0x66, 0xa4, 0x13, 0xa0, 0xc5, 0xa5, 0x1a, 0xa1, 0xd3, 0x13, 0x46, 0xa5, 0x1a, 0xa1
    dc.b    0xd3, 0xa6, 0x1a, 0xa2, 0xab, 0x66, 0xa4, 0x13, 0xa0, 0xc7, 0xa5, 0x1a, 0xa1, 0xd5, 0x17, 0x24
    dc.b    0x8f, 0x08, 0xa2, 0x46, 0xa5, 0x1a, 0xa1, 0xce, 0xa6, 0x1a, 0xa2, 0xa6, 0x66, 0xa4, 0x13, 0xa0
    dc.b    0xc9, 0xa5, 0x1a, 0xa1, 0xd7, 0x0a, 0x46, 0xa5, 0x1a, 0xa1, 0xc9, 0xa6, 0x1a, 0xa2, 0xa1, 0x0d
    dc.b    0x22, 0x8e, 0xa0, 0x66, 0xa4, 0x13, 0xa0, 0xc7, 0xa5, 0x1a, 0xa1, 0xd5, 0x18, 0x26, 0x81, 0x07
    dc.b    0xa0, 0x09, 0x46, 0xa5, 0x1a, 0xa1, 0xce, 0xa6, 0x1a, 0xa2, 0xa6, 0x66, 0xa4, 0x13, 0xa0, 0xc5
    dc.b    0xa5, 0x1a, 0xa1, 0xd3, 0x16, 0x22, 0x82, 0xa2, 0x46, 0xa5, 0x1a, 0xa1, 0xd3, 0xa6, 0x1a, 0xa2
    dc.b    0xab, 0x66, 0xa4, 0x13, 0xa0, 0xc3, 0xa5, 0x1a, 0xa1, 0xd1, 0x13, 0x46, 0xa5, 0x1a, 0xa1, 0xd8
    dc.b    0xa6, 0x1a, 0xa2, 0xb0, 0x66, 0xa4, 0x13, 0xa0, 0xc1, 0xa5, 0x1a, 0xa1, 0xcf, 0x0a, 0x46, 0xa5
    dc.b    0x1a, 0xa1, 0xdd, 0xa6, 0x1a, 0xa2, 0xb5, 0x0a, 0x66, 0xa4, 0x13, 0xa0, 0xc3, 0xa5, 0x1a, 0xa1
    dc.b    0xd1, 0x16, 0x22, 0x81, 0xa0, 0x46, 0xa5, 0x1a, 0xa1, 0xd8, 0xa6, 0x1a, 0xa2, 0xb0, 0x66, 0xa4
    dc.b    0x13, 0xa0, 0xc5, 0xa5, 0x1a, 0xa1, 0xd3, 0x13, 0x46, 0xa5, 0x1a, 0xa1, 0xd3, 0xa6, 0x1a, 0xa2
    dc.b    0xab, 0x66, 0xa4, 0x13, 0xa0, 0xc7, 0xa5, 0x1a, 0xa1, 0xd5, 0x17, 0x24, 0x80, 0xae, 0x08, 0x46
    dc.b    0xa5, 0x1a, 0xa1, 0xce, 0xa6, 0x1a, 0xa2, 0xa6, 0x66, 0xa4, 0x13, 0xa0, 0xc9, 0xa5, 0x1a, 0xa1
    dc.b    0xd7, 0x19, 0x28, 0x8f, 0x05, 0xaf, 0x0b, 0xf2, 0x80, 0x01, 0x42, 0xa5, 0x1a, 0xa1, 0x5e, 0x80
    dc.b    0xf1, 0x46, 0xa5, 0x1a, 0xa1, 0x63, 0xa6, 0x1a, 0xa2, 0xa1, 0x16, 0x30, 0xff, 0x26, 0x80, 0x06
    dc.b    0xa1, 0x0c, 0x42, 0xa5, 0x1a, 0xa1, 0x68, 0x66, 0xa4, 0x13, 0xa0, 0xc7, 0xa5, 0x1a, 0xa1, 0xd5
    dc.b    0x0f, 0x42, 0xa6, 0x1a, 0xa2, 0xa6, 0x66, 0xa4, 0x13, 0xa0, 0xc5, 0xa5, 0x1a, 0xa1, 0xd3, 0x13
    dc.b    0x46, 0xa5, 0x1a, 0xa1, 0x63, 0xa6, 0x1a, 0xa2, 0xab, 0x66, 0xa4, 0x13, 0xa0, 0xc3, 0xa5, 0x1a
    dc.b    0xa1, 0xd1, 0x13, 0x46, 0xa5, 0x1a, 0xa1, 0x5e, 0xa6, 0x1a, 0xa2, 0xb0, 0x66, 0xa4, 0x13, 0xa0
    dc.b    0xc1, 0xa5, 0x1a, 0xa1, 0xcf, 0x0f, 0x26, 0x8f, 0x05, 0xaf, 0x0b, 0x46, 0xa5, 0x1a, 0xa1, 0x59
    dc.b    0xa6, 0x1a, 0xa2, 0xb5, 0x0f, 0x42, 0xa5, 0x1a, 0xa1, 0x54, 0x66, 0xa4, 0x13, 0xa0, 0xc3, 0xa5
    dc.b    0x1a, 0xa1, 0xd1, 0x12, 0x22, 0x8e, 0xad, 0x42, 0xa6, 0x1a, 0xa2, 0xb0, 0x66, 0xa4, 0x13, 0xa0
    dc.b    0xc5, 0xa5, 0x1a, 0xa1, 0xd3, 0x20, 0x22, 0xa0, 0x09, 0x42, 0xa5, 0x1a, 0xa1, 0x59, 0x80, 0x02
    dc.b    0x42, 0xa6, 0x1a, 0xa2, 0xd3, 0x80, 0xf2, 0x42, 0xa6, 0x1a, 0xa2, 0xd8, 0x66, 0xa4, 0x13, 0xa0
    dc.b    0xc7, 0xa5, 0x1a, 0xa1, 0xd5, 0x15, 0x20, 0xa2, 0x46, 0xa5, 0x1a, 0xa1, 0x5e, 0xa6, 0x1a, 0xa2
    dc.b    0xdd, 0x66, 0xa4, 0x13, 0xa0, 0xc9, 0xa5, 0x1a, 0xa1, 0xd7, 0x06, 0x42, 0xa5, 0x1a, 0xa1, 0x63
    dc.b    0x15, 0x20, 0x8f, 0x46, 0xa5, 0x1a, 0xa1, 0x68, 0xa6, 0x1a, 0xa2, 0xd8, 0x66, 0xa4, 0x13, 0xa0
    dc.b    0xc7, 0xa5, 0x1a, 0xa1, 0xd5, 0x0f, 0x42, 0xa6, 0x1a, 0xa2, 0xd3, 0x66, 0xa4, 0x13, 0xa0, 0xc5
    dc.b    0xa5, 0x1a, 0xa1, 0xd3, 0x19, 0x24, 0x80, 0x06, 0xa0, 0x46, 0xa5, 0x1a, 0xa1, 0x63, 0xa6, 0x1a
    dc.b    0xa2, 0xce, 0x66, 0xa4, 0x13, 0xa0, 0xc3, 0xa5, 0x1a, 0xa1, 0xd1, 0xb8, 0x02, 0x13, 0x46, 0xa5
    dc.b    0x1a, 0xa1, 0x5e, 0xa6, 0x1a, 0xa2, 0xc9, 0x66, 0xa4, 0x13, 0xa0, 0xc1, 0xa5, 0x1a, 0xa1, 0xcf
    dc.b    0x09, 0x22, 0xae, 0x08, 0x42, 0xa5, 0x1a, 0xa1, 0x59, 0x3d, 0x28, 0x80, 0x0a, 0xa2, 0x07, 0xf2
    dc.b    0x80, 0x00, 0x42, 0xa4, 0x1b, 0xa0, 0x5c, 0x82, 0xf0, 0x01, 0x42, 0xa5, 0x13, 0xa1, 0xff, 0x80
    dc.b    0xf1, 0x46, 0xa5, 0x14, 0xa1, 0x04, 0xa6, 0x1a, 0xa2, 0xce, 0x80, 0x04, 0x62, 0xa4, 0x13, 0xa0
    dc.b    0x5c, 0x80, 0xf4, 0x62, 0xa4, 0x13, 0xa0, 0x5e, 0x80, 0x05, 0x62, 0xa5, 0x1a, 0xa1, 0x84, 0x80
    dc.b    0xf5, 0x62, 0xa5, 0x1a, 0xa1, 0x86, 0x18, 0x30, 0xff, 0x22, 0x81, 0xa4, 0x46, 0xa5, 0x14, 0xa1
    dc.b    0x09, 0xa6, 0x1a, 0xa2, 0xd3, 0x66, 0xa4, 0x13, 0xa0, 0x60, 0xa5, 0x1a, 0xa1, 0x88, 0x06, 0x42
    dc.b    0xa6, 0x1a, 0xa2, 0xd8, 0x13, 0x46, 0xa5, 0x14, 0xa1, 0x04, 0xa6, 0x1a, 0xa2, 0xdd, 0x66, 0xa4
    dc.b    0x13, 0xa0, 0x5e, 0xa5, 0x1a, 0xa1, 0x86, 0x0f, 0x42, 0xa5, 0x13, 0xa1, 0xff, 0x66, 0xa4, 0x13
    dc.b    0xa0, 0x5c, 0xa5, 0x1a, 0xa1, 0x84, 0x16, 0x22, 0x80, 0xa2, 0x46, 0xa5, 0x13, 0xa1, 0xfa, 0xa6
    dc.b    0x1a, 0xa2, 0xd8, 0x66, 0xa4, 0x13, 0xa0, 0x5a, 0xa5, 0x1a, 0xa1, 0x82, 0x13, 0x46, 0xa5, 0x13
    dc.b    0xa1, 0xf5, 0xa6, 0x1a, 0xa2, 0xd3, 0x66, 0xa4, 0x13, 0xa0, 0x58, 0xa5, 0x1a, 0xa1, 0x80, 0x0a
    dc.b    0x24, 0x8f, 0x09, 0xa0, 0x42, 0xa6, 0x1a, 0xa2, 0xce, 0x20, 0x22, 0xa0, 0x06, 0x42, 0xa5, 0x13
    dc.b    0xa1, 0xfa, 0x80, 0x02, 0x42, 0xa6, 0x1a, 0xa2, 0x5e, 0x80, 0xf2, 0x42, 0xa6, 0x1a, 0xa2, 0x63
    dc.b    0x66, 0xa4, 0x13, 0xa0, 0x5a, 0xa5, 0x1a, 0xa1, 0x82, 0x15, 0x20, 0xa2, 0x46, 0xa5, 0x13, 0xa1
    dc.b    0xff, 0xa6, 0x1a, 0xa2, 0x68, 0x66, 0xa4, 0x13, 0xa0, 0x5c, 0xa5, 0x1a, 0xa1, 0x84, 0x0f, 0x42
    dc.b    0xa5, 0x14, 0xa1, 0x04, 0x66, 0xa4, 0x13, 0xa0, 0x5e, 0xa5, 0x1a, 0xa1, 0x86, 0x16, 0x22, 0x80
    dc.b    0x0a, 0x46, 0xa5, 0x14, 0xa1, 0x09, 0xa6, 0x1a, 0xa2, 0x63, 0x66, 0xa4, 0x13, 0xa0, 0x60, 0xa5
    dc.b    0x1a, 0xa1, 0x88, 0x06, 0x42, 0xa6, 0x1a, 0xa2, 0x5e, 0x16, 0x22, 0x81, 0xa0, 0x46, 0xa5, 0x14
    dc.b    0xa1, 0x04, 0xa6, 0x1a, 0xa2, 0x59, 0x66, 0xa4, 0x13, 0xa0, 0x5e, 0xa5, 0x1a, 0xa1, 0x86, 0x13
    dc.b    0x46, 0xa5, 0x13, 0xa1, 0xff, 0xa6, 0x1a, 0xa2, 0x54, 0x66, 0xa4, 0x13, 0xa0, 0x5c, 0xa5, 0x1a
    dc.b    0xa1, 0x84, 0x12, 0x22, 0xae, 0x05, 0x42, 0xa5, 0x13, 0xa1, 0xfa, 0x66, 0xa4, 0x13, 0xa0, 0x5a
    dc.b    0xa5, 0x1a, 0xa1, 0x82, 0x13, 0x46, 0xa5, 0x13, 0xa1, 0xf5, 0xa6, 0x1a, 0xa2, 0x59, 0x66, 0xa4
    dc.b    0x13, 0xa0, 0x58, 0xa5, 0x1a, 0xa1, 0x80, 0x08, 0x20, 0x80, 0x42, 0xa6, 0x1a, 0xa2, 0x5e, 0x13
    dc.b    0x46, 0xa5, 0x13, 0xa1, 0xfa, 0xa6, 0x1a, 0xa2, 0x63, 0x66, 0xa4, 0x13, 0xa0, 0x5a, 0xa5, 0x1a
    dc.b    0xa1, 0x82, 0x18, 0x26, 0x8f, 0x09, 0xa0, 0x06, 0x46, 0xa5, 0x13, 0xa1, 0xff, 0xa6, 0x1a, 0xa2
    dc.b    0x68, 0x66, 0xa4, 0x13, 0xa0, 0x5c, 0xa5, 0x1a, 0xa1, 0x84, 0x0f, 0x42, 0xa5, 0x14, 0xa1, 0x04
    dc.b    0x66, 0xa4, 0x13, 0xa0, 0x5e, 0xa5, 0x1a, 0xa1, 0x86, 0x15, 0x20, 0xa2, 0x46, 0xa5, 0x14, 0xa1
    dc.b    0x09, 0xa6, 0x1a, 0xa2, 0x63, 0x66, 0xa4, 0x13, 0xa0, 0x60, 0xa5, 0x1a, 0xa1, 0x88, 0x06, 0x42
    dc.b    0xa6, 0x1a, 0xa2, 0x5e, 0x16, 0x22, 0x80, 0x0a, 0x46, 0xa5, 0x14, 0xa1, 0x04, 0xa6, 0x1a, 0xa2
    dc.b    0x59, 0x66, 0xa4, 0x13, 0xa0, 0x5e, 0xa5, 0x1a, 0xa1, 0x86, 0x2b, 0x26, 0x8e, 0x0b, 0xa1, 0x0a
    dc.b    0x80, 0x01, 0x42, 0xa5, 0x13, 0xa1, 0x5c, 0x80, 0xf1, 0x42, 0xa5, 0x13, 0xa1, 0x61, 0x80, 0x02
    dc.b    0x42, 0xa6, 0x13, 0xa2, 0xff, 0x80, 0xf2, 0x42, 0xa6, 0x14, 0xa2, 0x04, 0x66, 0xa4, 0x13, 0xa0
    dc.b    0x5c, 0xa5, 0x1a, 0xa1, 0x84, 0x16, 0x22, 0x8f, 0xa3, 0x46, 0xa5, 0x13, 0xa1, 0x66, 0xa6, 0x14
    dc.b    0xa2, 0x09, 0x66, 0xa4, 0x13, 0xa0, 0x5a, 0xa5, 0x1a, 0xa1, 0x82, 0x0a, 0x66, 0xa4, 0x13, 0xa0
    dc.b    0x58, 0xa5, 0x1a, 0xa1, 0x80, 0x0a, 0x46, 0xa5, 0x13, 0xa1, 0x61, 0xa6, 0x14, 0xa2, 0x04, 0x13
    dc.b    0x46, 0xa5, 0x13, 0xa1, 0x5c, 0xa6, 0x13, 0xa2, 0xff, 0x66, 0xa4, 0x13, 0xa0, 0x5a, 0xa5, 0x1a
    dc.b    0xa1, 0x82, 0x18, 0x22, 0x8e, 0xa1, 0x46, 0xa5, 0x13, 0xa1, 0x57, 0xa6, 0x13, 0xa2, 0xfa, 0x66
    dc.b    0xa4, 0x13, 0xa0, 0x5c, 0xa5, 0x1a, 0xa1, 0x84, 0xb8, 0x02, 0x13, 0x46, 0xa5, 0x13, 0xa1, 0x52
    dc.b    0xa6, 0x13, 0xa2, 0xf5, 0x66, 0xa4, 0x13, 0xa0, 0x5e, 0xa5, 0x1a, 0xa1, 0x86, 0x0e, 0x24, 0x8d
    dc.b    0xaf, 0x09, 0x66, 0xa4, 0x13, 0xa0, 0x60, 0xa5, 0x1a, 0xa1, 0x88, 0x0f, 0x20, 0xf2, 0x82, 0x00
    dc.b    0xf0, 0x46, 0xa5, 0x13, 0xa1, 0x57, 0xa6, 0x13, 0xa2, 0xfa, 0x15, 0x30, 0xff, 0x46, 0xa5, 0x13
    dc.b    0xa1, 0x5c, 0xa6, 0x13, 0xa2, 0xff, 0x66, 0xa4, 0x13, 0xa0, 0x5e, 0xa5, 0x1a, 0xa1, 0x86, 0x13
    dc.b    0x46, 0xa5, 0x13, 0xa1, 0x61, 0xa6, 0x14, 0xa2, 0x04, 0x66, 0xa4, 0x13, 0xa0, 0x5c, 0xa5, 0x1a
    dc.b    0xa1, 0x84, 0x17, 0x24, 0x8e, 0xa1, 0x0a, 0x46, 0xa5, 0x13, 0xa1, 0x66, 0xa6, 0x14, 0xa2, 0x09
    dc.b    0x66, 0xa4, 0x13, 0xa0, 0x5a, 0xa5, 0x1a, 0xa1, 0x82, 0x0a, 0x66, 0xa4, 0x13, 0xa0, 0x58, 0xa5
    dc.b    0x1a, 0xa1, 0x80, 0x0d, 0x22, 0x8f, 0xa3, 0x46, 0xa5, 0x13, 0xa1, 0x61, 0xa6, 0x14, 0xa2, 0x04
    dc.b    0x13, 0x46, 0xa5, 0x13, 0xa1, 0x5c, 0xa6, 0x13, 0xa2, 0xff, 0x66, 0xa4, 0x13, 0xa0, 0x5a, 0xa5
    dc.b    0x1a, 0xa1, 0x82, 0x13, 0x46, 0xa5, 0x13, 0xa1, 0x57, 0xa6, 0x13, 0xa2, 0xfa, 0x66, 0xa4, 0x13
    dc.b    0xa0, 0x5c, 0xa5, 0x1a, 0xa1, 0x84, 0x13, 0x46, 0xa5, 0x13, 0xa1, 0x52, 0xa6, 0x13, 0xa2, 0xf5
    dc.b    0x66, 0xa4, 0x13, 0xa0, 0x5e, 0xa5, 0x1a, 0xa1, 0x86, 0x0d, 0x22, 0x8e, 0xa1, 0x66, 0xa4, 0x13
    dc.b    0xa0, 0x60, 0xa5, 0x1a, 0xa1, 0x88, 0x0a, 0x46, 0xa5, 0x13, 0xa1, 0x57, 0xa6, 0x13, 0xa2, 0xfa
    dc.b    0x17, 0x24, 0x8d, 0xaf, 0x09, 0x46, 0xa5, 0x13, 0xa1, 0x5c, 0xa6, 0x13, 0xa2, 0xff, 0x66, 0xa4
    dc.b    0x13, 0xa0, 0x5e, 0xa5, 0x1a, 0xa1, 0x86, 0x13, 0x46, 0xa5, 0x13, 0xa1, 0x61, 0xa6, 0x14, 0xa2
    dc.b    0x04, 0x66, 0xa4, 0x13, 0xa0, 0x5c, 0xa5, 0x1a, 0xa1, 0x84, 0x13, 0x46, 0xa5, 0x13, 0xa1, 0x66
    dc.b    0xa6, 0x14, 0xa2, 0x09, 0x66, 0xa4, 0x13, 0xa0, 0x5a, 0xa5, 0x1a, 0xa1, 0x82, 0x0a, 0x66, 0xa4
    dc.b    0x13, 0xa0, 0x58, 0xa5, 0x1a, 0xa1, 0x80, 0x0e, 0x24, 0x8e, 0xa1, 0x0a, 0x46, 0xa5, 0x13, 0xa1
    dc.b    0x61, 0xa6, 0x14, 0xa2, 0x04, 0x2b, 0x26, 0x82, 0x0e, 0xaf, 0x0b, 0x80, 0x01, 0x42, 0xa5, 0x12
    dc.b    0xa1, 0xd3, 0x80, 0xf1, 0x42, 0xa5, 0x12, 0xa1, 0xd8, 0x80, 0x02, 0x42, 0xa6, 0x13, 0xa2, 0x5c
    dc.b    0x80, 0xf2, 0x42, 0xa6, 0x13, 0xa2, 0x61, 0x66, 0xa4, 0x13, 0xa0, 0x5a, 0xa5, 0x1a, 0xa1, 0x82
    dc.b    0x17, 0x24, 0x83, 0xa1, 0x0c, 0x46, 0xa5, 0x12, 0xa1, 0xdd, 0xa6, 0x13, 0xa2, 0x66, 0x66, 0xa4
    dc.b    0x13, 0xa0, 0x5c, 0xa5, 0x1a, 0xa1, 0x84, 0x0a, 0x66, 0xa4, 0x13, 0xa0, 0x5e, 0xa5, 0x1a, 0xa1
    dc.b    0x86, 0x13, 0x46, 0xa5, 0x12, 0xa1, 0xd8, 0xa6, 0x13, 0xa2, 0x61, 0x66, 0xa4, 0x13, 0xa0, 0x60
    dc.b    0xa5, 0x1a, 0xa1, 0x88, 0x0a, 0x46, 0xa5, 0x12, 0xa1, 0xd3, 0xa6, 0x13, 0xa2, 0x5c, 0x17, 0x24
    dc.b    0x82, 0xaf, 0x0b, 0x46, 0xa5, 0x12, 0xa1, 0xce, 0xa6, 0x13, 0xa2, 0x57, 0x66, 0xa4, 0x13, 0xa0
    dc.b    0x5e, 0xa5, 0x1a, 0xa1, 0x86, 0x13, 0x46, 0xa5, 0x12, 0xa1, 0xc9, 0xa6, 0x13, 0xa2, 0x52, 0x66
    dc.b    0xa4, 0x13, 0xa0, 0x5c, 0xa5, 0x1a, 0xa1, 0x84, 0x0d, 0x22, 0x81, 0xad, 0x66, 0xa4, 0x13, 0xa0
    dc.b    0x5a, 0xa5, 0x1a, 0xa1, 0x82, 0x13, 0x46, 0xa5, 0x12, 0xa1, 0xce, 0xa6, 0x13, 0xa2, 0x57, 0x66
    dc.b    0xa4, 0x13, 0xa0, 0x58, 0xa5, 0x1a, 0xa1, 0x80, 0x0a, 0x46, 0xa5, 0x12, 0xa1, 0xd3, 0xa6, 0x13
    dc.b    0xa2, 0x5c, 0x13, 0x46, 0xa5, 0x12, 0xa1, 0xd8, 0xa6, 0x13, 0xa2, 0x61, 0x66, 0xa4, 0x13, 0xa0
    dc.b    0x5a, 0xa5, 0x1a, 0xa1, 0x82, 0x16, 0x22, 0x82, 0xaf, 0x46, 0xa5, 0x12, 0xa1, 0xdd, 0xa6, 0x13
    dc.b    0xa2, 0x66, 0x66, 0xa4, 0x13, 0xa0, 0x5c, 0xa5, 0x1a, 0xa1, 0x84, 0x0a, 0x66, 0xa4, 0x13, 0xa0
    dc.b    0x5e, 0xa5, 0x1a, 0xa1, 0x86, 0x19, 0x24, 0x83, 0xa1, 0x0c, 0x46, 0xa5, 0x12, 0xa1, 0xd8, 0xa6
    dc.b    0x13, 0xa2, 0x61, 0x66, 0xa4, 0x13, 0xa0, 0x60, 0xa5, 0x1a, 0xa1, 0x88, 0xb8, 0x02, 0x0a, 0x46
    dc.b    0xa5, 0x12, 0xa1, 0xd3, 0xa6, 0x13, 0xa2, 0x5c, 0x13, 0x46, 0xa5, 0x12, 0xa1, 0xce, 0xa6, 0x13
    dc.b    0xa2, 0x57, 0x66, 0xa4, 0x13, 0xa0, 0x5e, 0xa5, 0x1a, 0xa1, 0x86, 0x22, 0x24, 0x80, 0x14, 0xf2
    dc.b    0x84, 0x00, 0xf0, 0x01, 0x42, 0xa5, 0x12, 0xa1, 0x5e, 0x80, 0xf1, 0x46, 0xa5, 0x12, 0xa1, 0x63
    dc.b    0xa6, 0x13, 0xa2, 0x52, 0x66, 0xa4, 0x13, 0xa0, 0x5c, 0xa5, 0x1a, 0xa1, 0x84, 0x15, 0x30, 0xff
    dc.b    0x24, 0x81, 0xaf, 0x0b, 0x42, 0xa5, 0x12, 0xa1, 0x68, 0x66, 0xa4, 0x13, 0xa0, 0x5a, 0xa5, 0x1a
    dc.b    0xa1, 0x82, 0x0f, 0x42, 0xa6, 0x13, 0xa2, 0x57, 0x66, 0xa4, 0x13, 0xa0, 0x58, 0xa5, 0x1a, 0xa1
    dc.b    0x80, 0x0c, 0x20, 0xad, 0x46, 0xa5, 0x12, 0xa1, 0x63, 0xa6, 0x13, 0xa2, 0x5c, 0x13, 0x46, 0xa5
    dc.b    0x12, 0xa1, 0x5e, 0xa6, 0x13, 0xa2, 0x61, 0x66, 0xa4, 0x13, 0xa0, 0x5a, 0xa5, 0x1a, 0xa1, 0x82
    dc.b    0x15, 0x20, 0x80, 0x46, 0xa5, 0x12, 0xa1, 0x59, 0xa6, 0x13, 0xa2, 0x66, 0x66, 0xa4, 0x13, 0xa0
    dc.b    0x5c, 0xa5, 0x1a, 0xa1, 0x84, 0x0f, 0x42, 0xa5, 0x12, 0xa1, 0x54, 0x66, 0xa4, 0x13, 0xa0, 0x5e
    dc.b    0xa5, 0x1a, 0xa1, 0x86, 0x13, 0x24, 0x8f, 0x13, 0xaf, 0x42, 0xa6, 0x13, 0xa2, 0x61, 0x66, 0xa4
    dc.b    0x13, 0xa0, 0x60, 0xa5, 0x1a, 0xa1, 0x88, 0x17, 0x22, 0xa3, 0x0e, 0x42, 0xa5, 0x12, 0xa1, 0x59
    dc.b    0x80, 0x02, 0x42, 0xa6, 0x12, 0xa2, 0xd3, 0x80, 0xf2, 0x42, 0xa6, 0x12, 0xa2, 0xd8, 0x15, 0x20
    dc.b    0xa5, 0x46, 0xa5, 0x12, 0xa1, 0x5e, 0xa6, 0x12, 0xa2, 0xdd, 0x66, 0xa4, 0x13, 0xa0, 0x5e, 0xa5
    dc.b    0x1a, 0xa1, 0x86, 0x0f, 0x42, 0xa5, 0x12, 0xa1, 0x63, 0x66, 0xa4, 0x13, 0xa0, 0x5c, 0xa5, 0x1a
    dc.b    0xa1, 0x84, 0x16, 0x22, 0x80, 0x14, 0x46, 0xa5, 0x12, 0xa1, 0x68, 0xa6, 0x12, 0xa2, 0xd8, 0x66
    dc.b    0xa4, 0x13, 0xa0, 0x5a, 0xa5, 0x1a, 0xa1, 0x82, 0x0f, 0x42, 0xa6, 0x12, 0xa2, 0xd3, 0x66, 0xa4
    dc.b    0x13, 0xa0, 0x58, 0xa5, 0x1a, 0xa1, 0x80, 0x0d, 0x22, 0x81, 0xa3, 0x46, 0xa5, 0x12, 0xa1, 0x63
    dc.b    0xa6, 0x12, 0xa2, 0xce, 0x13, 0x46, 0xa5, 0x12, 0xa1, 0x5e, 0xa6, 0x12, 0xa2, 0xc9, 0x66, 0xa4
    dc.b    0x13, 0xa0, 0x5a, 0xa5, 0x1a, 0xa1, 0x82, 0x11, 0x20, 0xa1, 0x42, 0xa5, 0x12, 0xa1, 0x59, 0x66
    dc.b    0xa4, 0x13, 0xa0, 0x5c, 0xa5, 0x1a, 0xa1, 0x84, 0x15, 0x20, 0xf2, 0x46, 0xa5, 0x12, 0xa1, 0x54
    dc.b    0xa6, 0x12, 0xa2, 0xce, 0x66, 0xa4, 0x13, 0xa0, 0x5e, 0xa5, 0x1a, 0xa1, 0x86, 0x13, 0x30, 0xff
    dc.b    0x20, 0x80, 0x42, 0xa6, 0x12, 0xa2, 0xd3, 0x66, 0xa4, 0x13, 0xa0, 0x60, 0xa5, 0x1a, 0xa1, 0x88
    dc.b    0x0a, 0x46, 0xa5, 0x12, 0xa1, 0x59, 0xa6, 0x12, 0xa2, 0xd8, 0x17, 0x24, 0x8f, 0x13, 0xa3, 0x46
    dc.b    0xa5, 0x12, 0xa1, 0x5e, 0xa6, 0x12, 0xa2, 0xdd, 0x66, 0xa4, 0x13, 0xa0, 0x5e, 0xa5, 0x1a, 0xa1
    dc.b    0x86, 0x0f, 0x42, 0xa5, 0x12, 0xa1, 0x63, 0x66, 0xa4, 0x13, 0xa0, 0x5c, 0xa5, 0x1a, 0xa1, 0x84
    dc.b    0x15, 0x20, 0xa5, 0x46, 0xa5, 0x12, 0xa1, 0x68, 0xa6, 0x12, 0xa2, 0xd8, 0x66, 0xa4, 0x13, 0xa0
    dc.b    0x5a, 0xa5, 0x1a, 0xa1, 0x82, 0x0f, 0x42, 0xa6, 0x12, 0xa2, 0xd3, 0x66, 0xa4, 0x13, 0xa0, 0x58
    dc.b    0xa5, 0x1a, 0xa1, 0x80, 0x0d, 0x22, 0x80, 0x14, 0x46, 0xa5, 0x12, 0xa1, 0x63, 0xa6, 0x12, 0xa2
    dc.b    0xce, 0x2a, 0x24, 0xa1, 0x14, 0xf2, 0x80, 0x01, 0x42, 0xa5, 0x0c, 0xa1, 0x7c, 0x80, 0xf1, 0x42
    dc.b    0xa5, 0x0c, 0xa1, 0x81, 0x80, 0x02, 0x42, 0xa6, 0x12, 0xa2, 0x5e, 0x80, 0xf2, 0x42, 0xa6, 0x12
    dc.b    0xa2, 0x63, 0x66, 0xa4, 0x13, 0xa0, 0x5a, 0xa5, 0x1a, 0xa1, 0x82, 0x18, 0x30, 0xff, 0x22, 0x81
    dc.b    0xa3, 0x46, 0xa5, 0x0c, 0xa1, 0x86, 0xa6, 0x12, 0xa2, 0x68, 0x66, 0xa4, 0x13, 0xa0, 0x5c, 0xa5
    dc.b    0x1a, 0xa1, 0x84, 0x0a, 0x66, 0xa4, 0x13, 0xa0, 0x5e, 0xa5, 0x1a, 0xa1, 0x86, 0x13, 0x46, 0xa5
    dc.b    0x0c, 0xa1, 0x81, 0xa6, 0x12, 0xa2, 0x63, 0x66, 0xa4, 0x13, 0xa0, 0x60, 0xa5, 0x1a, 0xa1, 0x88
    dc.b    0x0a, 0x46, 0xa5, 0x0c, 0xa1, 0x7c, 0xa6, 0x12, 0xa2, 0x5e, 0x18, 0x22, 0x80, 0xa1, 0x46, 0xa5
    dc.b    0x0c, 0xa1, 0x77, 0xa6, 0x12, 0xa2, 0x59, 0x66, 0xa4, 0x13, 0xa0, 0x5e, 0xa5, 0x1a, 0xa1, 0x86
    dc.b    0xb8, 0x01, 0x13, 0x46, 0xa5, 0x0c, 0xa1, 0x72, 0xa6, 0x12, 0xa2, 0x54, 0x66, 0xa4, 0x13, 0xa0
    dc.b    0x5c, 0xa5, 0x1a, 0xa1, 0x84, 0x0f, 0x26, 0x8f, 0x13, 0xaf, 0x13, 0x66, 0xa4, 0x13, 0xa0, 0x5a
    dc.b    0xa5, 0x1a, 0xa1, 0x82, 0x16, 0x82, 0x00, 0xf0, 0x46, 0xa5, 0x0c, 0xa1, 0x77, 0xa6, 0x12, 0xa2
    dc.b    0x59, 0x66, 0xa4, 0x13, 0xa0, 0x58, 0xa5, 0x1a, 0xa1, 0x80, 0x0a, 0x46, 0xa5, 0x0c, 0xa1, 0x7c
    dc.b    0xa6, 0x12, 0xa2, 0x5e, 0x13, 0x46, 0xa5, 0x0c, 0xa1, 0x81, 0xa6, 0x12, 0xa2, 0x63, 0x66, 0xa4
    dc.b    0x13, 0xa0, 0x5a, 0xa5, 0x1a, 0xa1, 0x82, 0x18, 0x26, 0x80, 0x14, 0xa1, 0x14, 0x46, 0xa5, 0x0c
    dc.b    0xa1, 0x86, 0xa6, 0x12, 0xa2, 0x68, 0x66, 0xa4, 0x13, 0xa0, 0x5c, 0xa5, 0x1a, 0xa1, 0x84, 0x0a
    dc.b    0x66, 0xa4, 0x13, 0xa0, 0x5e, 0xa5, 0x1a, 0xa1, 0x86, 0x16, 0x22, 0x81, 0xa3, 0x46, 0xa5, 0x0c
    dc.b    0xa1, 0x81, 0xa6, 0x12, 0xa2, 0x63, 0x66, 0xa4, 0x13, 0xa0, 0x60, 0xa5, 0x1a, 0xa1, 0x88, 0x0a
    dc.b    0x46, 0xa5, 0x0c, 0xa1, 0x7c, 0xa6, 0x12, 0xa2, 0x5e, 0x13, 0x46, 0xa5, 0x0c, 0xa1, 0x77, 0xa6
    dc.b    0x12, 0xa2, 0x59, 0x66, 0xa4, 0x13, 0xa0, 0x5e, 0xa5, 0x1a, 0xa1, 0x86, 0x13, 0x46, 0xa5, 0x0c
    dc.b    0xa1, 0x72, 0xa6, 0x12, 0xa2, 0x54, 0x66, 0xa4, 0x13, 0xa0, 0x5c, 0xa5, 0x1a, 0xa1, 0x84, 0x0d
    dc.b    0x22, 0x80, 0xa1, 0x66, 0xa4, 0x13, 0xa0, 0x5a, 0xa5, 0x1a, 0xa1, 0x82, 0x13, 0x46, 0xa5, 0x0c
    dc.b    0xa1, 0x77, 0xa6, 0x12, 0xa2, 0x59, 0x66, 0xa4, 0x13, 0xa0, 0x58, 0xa5, 0x1a, 0xa1, 0x80, 0x0f
    dc.b    0x26, 0x8f, 0x13, 0xaf, 0x13, 0x46, 0xa5, 0x0c, 0xa1, 0x7c, 0xa6, 0x12, 0xa2, 0x5e, 0x13, 0x46
    dc.b    0xa5, 0x0c, 0xa1, 0x81, 0xa6, 0x12, 0xa2, 0x63, 0x66, 0xa4, 0x13, 0xa0, 0x5a, 0xa5, 0x1a, 0xa1
    dc.b    0x82, 0x13, 0x46, 0xa5, 0x0c, 0xa1, 0x86, 0xa6, 0x12, 0xa2, 0x68, 0x66, 0xa4, 0x13, 0xa0, 0x5c
    dc.b    0xa5, 0x1a, 0xa1, 0x84, 0x0a, 0x66, 0xa4, 0x13, 0xa0, 0x5e, 0xa5, 0x1a, 0xa1, 0x86, 0x18, 0x26
    dc.b    0x80, 0x14, 0xa1, 0x14, 0x46, 0xa5, 0x0c, 0xa1, 0x81, 0xa6, 0x12, 0xa2, 0x63, 0x66, 0xa4, 0x13
    dc.b    0xa0, 0x60, 0xa5, 0x1a, 0xa1, 0x88, 0x1f, 0x20, 0xf2, 0x80, 0x01, 0x42, 0xa5, 0x0b, 0xa1, 0xff
    dc.b    0x80, 0xf1, 0x42, 0xa5, 0x0c, 0xa1, 0x04, 0x80, 0x02, 0x42, 0xa6, 0x0c, 0xa2, 0x7c, 0x80, 0xf2
    dc.b    0x42, 0xa6, 0x0c, 0xa2, 0x81, 0x18, 0x30, 0xff, 0x22, 0x81, 0xa3, 0x46, 0xa5, 0x0c, 0xa1, 0x09
    dc.b    0xa6, 0x0c, 0xa2, 0x86, 0x66, 0xa4, 0x13, 0xa0, 0x5e, 0xa5, 0x1a, 0xa1, 0x86, 0x0a, 0x66, 0xa4
    dc.b    0x13, 0xa0, 0x5c, 0xa5, 0x1a, 0xa1, 0x84, 0x13, 0x46, 0xa5, 0x0c, 0xa1, 0x04, 0xa6, 0x0c, 0xa2
    dc.b    0x81, 0x66, 0xa4, 0x13, 0xa0, 0x5a, 0xa5, 0x1a, 0xa1, 0x82, 0x13, 0x46, 0xa5, 0x0b, 0xa1, 0xff
    dc.b    0xa6, 0x0c, 0xa2, 0x7c, 0x66, 0xa4, 0x13, 0xa0, 0x58, 0xa5, 0x1a, 0xa1, 0x80, 0x0d, 0x22, 0x80
    dc.b    0xa1, 0x46, 0xa5, 0x0b, 0xa1, 0xfa, 0xa6, 0x0c, 0xa2, 0x77, 0x13, 0x46, 0xa5, 0x0b, 0xa1, 0xf5
    dc.b    0xa6, 0x0c, 0xa2, 0x72, 0x66, 0xa4, 0x13, 0xa0, 0x5a, 0xa5, 0x1a, 0xa1, 0x82, 0x0f, 0x26, 0x8f
    dc.b    0x13, 0xaf, 0x13, 0x66, 0xa4, 0x13, 0xa0, 0x5c, 0xa5, 0x1a, 0xa1, 0x84, 0x13, 0x46, 0xa5, 0x0b
    dc.b    0xa1, 0xfa, 0xa6, 0x0c, 0xa2, 0x77, 0x66, 0xa4, 0x13, 0xa0, 0x5e, 0xa5, 0x1a, 0xa1, 0x86, 0x13
    dc.b    0x46, 0xa5, 0x0b, 0xa1, 0xff, 0xa6, 0x0c, 0xa2, 0x7c, 0x66, 0xa4, 0x13, 0xa0, 0x60, 0xa5, 0x1a
    dc.b    0xa1, 0x88, 0x0a, 0x46, 0xa5, 0x0c, 0xa1, 0x04, 0xa6, 0x0c, 0xa2, 0x81, 0x18, 0x26, 0x80, 0x14
    dc.b    0xa1, 0x14, 0x46, 0xa5, 0x0c, 0xa1, 0x09, 0xa6, 0x0c, 0xa2, 0x86, 0x66, 0xa4, 0x13, 0xa0, 0x5e
    dc.b    0xa5, 0x1a, 0xa1, 0x86, 0x0a, 0x66, 0xa4, 0x13, 0xa0, 0x5c, 0xa5, 0x1a, 0xa1, 0x84, 0x18, 0x22
    dc.b    0x81, 0xa3, 0x46, 0xa5, 0x0c, 0xa1, 0x04, 0xa6, 0x0c, 0xa2, 0x81, 0x66, 0xa4, 0x13, 0xa0, 0x5a
    dc.b    0xa5, 0x1a, 0xa1, 0x82, 0xb8, 0x02, 0x13, 0x46, 0xa5, 0x0b, 0xa1, 0xff, 0xa6, 0x0c, 0xa2, 0x7c
    dc.b    0x66, 0xa4, 0x13, 0xa0, 0x58, 0xa5, 0x1a, 0xa1, 0x80, 0x0a, 0x46, 0xa5, 0x0b, 0xa1, 0xfa, 0xa6
    dc.b    0x0c, 0xa2, 0x77, 0x3b, 0x24, 0x8e, 0x12, 0xf2, 0x80, 0x00, 0x42, 0xa4, 0x1b, 0xa0, 0x8f, 0x82
    dc.b    0xf0, 0x01, 0x42, 0xa5, 0x12, 0xa1, 0x5e, 0x80, 0xf1, 0x46, 0xa5, 0x12, 0xa1, 0x63, 0xa6, 0x0c
    dc.b    0xa2, 0x72, 0x80, 0x04, 0x62, 0xa4, 0x13, 0xa0, 0x8f, 0x80, 0xf4, 0x62, 0xa4, 0x13, 0xa0, 0x91
    dc.b    0x80, 0x05, 0x62, 0xa5, 0x1a, 0xa1, 0xab, 0x80, 0xf5, 0x62, 0xa5, 0x1a, 0xa1, 0xad, 0x14, 0x30
    dc.b    0xff, 0x22, 0x8f, 0xa1, 0x42, 0xa5, 0x12, 0xa1, 0x68, 0x66, 0xa4, 0x13, 0xa0, 0x93, 0xa5, 0x1a
    dc.b    0xa1, 0xaf, 0x06, 0x42, 0xa6, 0x0c, 0xa2, 0x77, 0x16, 0x22, 0xaf, 0x13, 0x46, 0xa5, 0x12, 0xa1
    dc.b    0x63, 0xa6, 0x0c, 0xa2, 0x7c, 0x66, 0xa4, 0x13, 0xa0, 0x91, 0xa5, 0x1a, 0xa1, 0xad, 0x13, 0x46
    dc.b    0xa5, 0x12, 0xa1, 0x5e, 0xa6, 0x0c, 0xa2, 0x81, 0x66, 0xa4, 0x13, 0xa0, 0x8f, 0xa5, 0x1a, 0xa1
    dc.b    0xab, 0x15, 0x20, 0x8e, 0x46, 0xa5, 0x12, 0xa1, 0x59, 0xa6, 0x0c, 0xa2, 0x86, 0x66, 0xa4, 0x13
    dc.b    0xa0, 0x8d, 0xa5, 0x1a, 0xa1, 0xa9, 0x0f, 0x42, 0xa5, 0x12, 0xa1, 0x54, 0x66, 0xa4, 0x13, 0xa0
    dc.b    0x8b, 0xa5, 0x1a, 0xa1, 0xa7, 0x0a, 0x24, 0x8d, 0xa1, 0x14, 0x42, 0xa6, 0x0c, 0xa2, 0x81, 0x1d
    dc.b    0x42, 0xa5, 0x12, 0xa1, 0x59, 0x80, 0x02, 0x42, 0xa6, 0x0b, 0xa2, 0xff, 0x80, 0xf2, 0x42, 0xa6
    dc.b    0x0c, 0xa2, 0x04, 0x66, 0xa4, 0x13, 0xa0, 0x8d, 0xa5, 0x1a, 0xa1, 0xa9, 0x15, 0x20, 0xa3, 0x46
    dc.b    0xa5, 0x12, 0xa1, 0x5e, 0xa6, 0x0c, 0xa2, 0x09, 0x66, 0xa4, 0x13, 0xa0, 0x8f, 0xa5, 0x1a, 0xa1
    dc.b    0xab, 0x0f, 0x42, 0xa5, 0x12, 0xa1, 0x63, 0x66, 0xa4, 0x13, 0xa0, 0x91, 0xa5, 0x1a, 0xa1, 0xad
    dc.b    0x15, 0x20, 0x8e, 0x46, 0xa5, 0x12, 0xa1, 0x68, 0xa6, 0x0c, 0xa2, 0x04, 0x66, 0xa4, 0x13, 0xa0
    dc.b    0x93, 0xa5, 0x1a, 0xa1, 0xaf, 0x06, 0x42, 0xa6, 0x0b, 0xa2, 0xff, 0x16, 0x22, 0x8f, 0xa1, 0x46
    dc.b    0xa5, 0x12, 0xa1, 0x63, 0xa6, 0x0b, 0xa2, 0xfa, 0x66, 0xa4, 0x13, 0xa0, 0x91, 0xa5, 0x1a, 0xa1
    dc.b    0xad, 0x13, 0x46, 0xa5, 0x12, 0xa1, 0x5e, 0xa6, 0x0b, 0xa2, 0xf5, 0x66, 0xa4, 0x13, 0xa0, 0x8f
    dc.b    0xa5, 0x1a, 0xa1, 0xab, 0x12, 0x22, 0xaf, 0x13, 0x42, 0xa5, 0x12, 0xa1, 0x59, 0x66, 0xa4, 0x13
    dc.b    0xa0, 0x8d, 0xa5, 0x1a, 0xa1, 0xa9, 0x13, 0x46, 0xa5, 0x12, 0xa1, 0x54, 0xa6, 0x0b, 0xa2, 0xfa
    dc.b    0x66, 0xa4, 0x13, 0xa0, 0x8b, 0xa5, 0x1a, 0xa1, 0xa7, 0x08, 0x20, 0x8e, 0x42, 0xa6, 0x0b, 0xa2
    dc.b    0xff, 0x13, 0x46, 0xa5, 0x12, 0xa1, 0x59, 0xa6, 0x0c, 0xa2, 0x04, 0x66, 0xa4, 0x13, 0xa0, 0x8d
    dc.b    0xa5, 0x1a, 0xa1, 0xa9, 0x17, 0x24, 0x8d, 0xa1, 0x14, 0x46, 0xa5, 0x12, 0xa1, 0x5e, 0xa6, 0x0c
    dc.b    0xa2, 0x09, 0x66, 0xa4, 0x13, 0xa0, 0x8f, 0xa5, 0x1a, 0xa1, 0xab, 0x0f, 0x42, 0xa5, 0x12, 0xa1
    dc.b    0x63, 0x66, 0xa4, 0x13, 0xa0, 0x91, 0xa5, 0x1a, 0xa1, 0xad, 0x15, 0x20, 0xa3, 0x46, 0xa5, 0x12
    dc.b    0xa1, 0x68, 0xa6, 0x0c, 0xa2, 0x04, 0x66, 0xa4, 0x13, 0xa0, 0x93, 0xa5, 0x1a, 0xa1, 0xaf, 0x06
    dc.b    0x42, 0xa6, 0x0b, 0xa2, 0xff, 0x15, 0x20, 0x8e, 0x46, 0xa5, 0x12, 0xa1, 0x63, 0xa6, 0x0b, 0xa2
    dc.b    0xfa, 0x66, 0xa4, 0x13, 0xa0, 0x91, 0xa5, 0x1a, 0xa1, 0xad, 0x20, 0x22, 0xaf, 0x12, 0x42, 0xa5
    dc.b    0x12, 0xa1, 0x5e, 0x80, 0x02, 0x42, 0xa6, 0x12, 0xa2, 0x5e, 0x80, 0xf2, 0x42, 0xa6, 0x12, 0xa2
    dc.b    0x63, 0x66, 0xa4, 0x13, 0xa0, 0x8f, 0xa5, 0x1a, 0xa1, 0xab, 0x17, 0x24, 0x8f, 0xa1, 0x13, 0x46
    dc.b    0xa5, 0x12, 0xa1, 0x59, 0xa6, 0x12, 0xa2, 0x68, 0x66, 0xa4, 0x13, 0xa0, 0x8d, 0xa5, 0x1a, 0xa1
    dc.b    0xa9, 0x0f, 0x42, 0xa5, 0x12, 0xa1, 0x54, 0x66, 0xa4, 0x13, 0xa0, 0x8b, 0xa5, 0x1a, 0xa1, 0xa7
    dc.b    0x06, 0x42, 0xa6, 0x12, 0xa2, 0x63, 0x13, 0x46, 0xa5, 0x12, 0xa1, 0x59, 0xa6, 0x12, 0xa2, 0x5e
    dc.b    0x66, 0xa4, 0x13, 0xa0, 0x8d, 0xa5, 0x1a, 0xa1, 0xa9, 0x19, 0x24, 0x8e, 0xaf, 0x12, 0x46, 0xa5
    dc.b    0x12, 0xa1, 0x5e, 0xa6, 0x12, 0xa2, 0x59, 0x66, 0xa4, 0x13, 0xa0, 0x8f, 0xa5, 0x1a, 0xa1, 0xab
    dc.b    0xb8, 0x02, 0x13, 0x46, 0xa5, 0x12, 0xa1, 0x63, 0xa6, 0x12, 0xa2, 0x54, 0x66, 0xa4, 0x13, 0xa0
    dc.b    0x91, 0xa5, 0x1a, 0xa1, 0xad, 0x12, 0x22, 0x8d, 0xad, 0x42, 0xa5, 0x12, 0xa1, 0x68, 0x66, 0xa4
    dc.b    0x13, 0xa0, 0x93, 0xa5, 0x1a, 0xa1, 0xaf, 0x0b, 0x20, 0xf2, 0x82, 0x00, 0xf0, 0x42, 0xa6, 0x12
    dc.b    0xa2, 0x59, 0x15, 0x30, 0xff, 0x46, 0xa5, 0x12, 0xa1, 0x63, 0xa6, 0x12, 0xa2, 0x5e, 0x66, 0xa4
    dc.b    0x13, 0xa0, 0x91, 0xa5, 0x1a, 0xa1, 0xad, 0x13, 0x46, 0xa5, 0x12, 0xa1, 0x5e, 0xa6, 0x12, 0xa2
    dc.b    0x63, 0x66, 0xa4, 0x13, 0xa0, 0x8f, 0xa5, 0x1a, 0xa1, 0xab, 0x16, 0x22, 0x8e, 0xaf, 0x46, 0xa5
    dc.b    0x12, 0xa1, 0x59, 0xa6, 0x12, 0xa2, 0x68, 0x66, 0xa4, 0x13, 0xa0, 0x8d, 0xa5, 0x1a, 0xa1, 0xa9
    dc.b    0x0f, 0x42, 0xa5, 0x12, 0xa1, 0x54, 0x66, 0xa4, 0x13, 0xa0, 0x8b, 0xa5, 0x1a, 0xa1, 0xa7, 0x0a
    dc.b    0x24, 0x8f, 0xa1, 0x13, 0x42, 0xa6, 0x12, 0xa2, 0x63, 0x13, 0x46, 0xa5, 0x12, 0xa1, 0x59, 0xa6
    dc.b    0x12, 0xa2, 0x5e, 0x66, 0xa4, 0x13, 0xa0, 0x8d, 0xa5, 0x1a, 0xa1, 0xa9, 0x13, 0x46, 0xa5, 0x12
    dc.b    0xa1, 0x5e, 0xa6, 0x12, 0xa2, 0x59, 0x66, 0xa4, 0x13, 0xa0, 0x8f, 0xa5, 0x1a, 0xa1, 0xab, 0x13
    dc.b    0x46, 0xa5, 0x12, 0xa1, 0x63, 0xa6, 0x12, 0xa2, 0x54, 0x66, 0xa4, 0x13, 0xa0, 0x91, 0xa5, 0x1a
    dc.b    0xa1, 0xad, 0x13, 0x24, 0x8e, 0xaf, 0x12, 0x42, 0xa5, 0x12, 0xa1, 0x68, 0x66, 0xa4, 0x13, 0xa0
    dc.b    0x93, 0xa5, 0x1a, 0xa1, 0xaf, 0x06, 0x42, 0xa6, 0x12, 0xa2, 0x59, 0x16, 0x22, 0x8d, 0xad, 0x46
    dc.b    0xa5, 0x12, 0xa1, 0x63, 0xa6, 0x12, 0xa2, 0x5e, 0x66, 0xa4, 0x13, 0xa0, 0x91, 0xa5, 0x1a, 0xa1
    dc.b    0xad, 0x13, 0x46, 0xa5, 0x12, 0xa1, 0x5e, 0xa6, 0x12, 0xa2, 0x63, 0x66, 0xa4, 0x13, 0xa0, 0x8f
    dc.b    0xa5, 0x1a, 0xa1, 0xab, 0x13, 0x46, 0xa5, 0x12, 0xa1, 0x59, 0xa6, 0x12, 0xa2, 0x68, 0x66, 0xa4
    dc.b    0x13, 0xa0, 0x8d, 0xa5, 0x1a, 0xa1, 0xa9, 0x0f, 0x42, 0xa5, 0x12, 0xa1, 0x54, 0x66, 0xa4, 0x13
    dc.b    0xa0, 0x8b, 0xa5, 0x1a, 0xa1, 0xa7, 0x09, 0x22, 0x8e, 0xaf, 0x42, 0xa6, 0x12, 0xa2, 0x63, 0x13
    dc.b    0x46, 0xa5, 0x12, 0xa1, 0x59, 0xa6, 0x12, 0xa2, 0x5e, 0x66, 0xa4, 0x13, 0xa0, 0x8d, 0xa5, 0x1a
    dc.b    0xa1, 0xa9, 0x17, 0x24, 0x8f, 0xa1, 0x13, 0x46, 0xa5, 0x12, 0xa1, 0x5e, 0xa6, 0x12, 0xa2, 0x59
    dc.b    0x66, 0xa4, 0x13, 0xa0, 0x8f, 0xa5, 0x1a, 0xa1, 0xab, 0x13, 0x46, 0xa5, 0x12, 0xa1, 0x63, 0xa6
    dc.b    0x12, 0xa2, 0x54, 0x66, 0xa4, 0x13, 0xa0, 0x91, 0xa5, 0x1a, 0xa1, 0xad, 0x0f, 0x42, 0xa5, 0x12
    dc.b    0xa1, 0x68, 0x66, 0xa4, 0x13, 0xa0, 0x93, 0xa5, 0x1a, 0xa1, 0xaf, 0x06, 0x42, 0xa6, 0x12, 0xa2
    dc.b    0x59, 0x17, 0x24, 0x8e, 0xaf, 0x12, 0x46, 0xa5, 0x12, 0xa1, 0x63, 0xa6, 0x12, 0xa2, 0x5e, 0x66
    dc.b    0xa4, 0x13, 0xa0, 0x91, 0xa5, 0x1a, 0xa1, 0xad, 0x13, 0x46, 0xa5, 0x12, 0xa1, 0x5e, 0xa6, 0x12
    dc.b    0xa2, 0x63, 0x66, 0xa4, 0x13, 0xa0, 0x8f, 0xa5, 0x1a, 0xa1, 0xab, 0x16, 0x22, 0x8d, 0xad, 0x46
    dc.b    0xa5, 0x12, 0xa1, 0x59, 0xa6, 0x12, 0xa2, 0x68, 0x66, 0xa4, 0x13, 0xa0, 0x8d, 0xa5, 0x1a, 0xa1
    dc.b    0xa9, 0x0f, 0x42, 0xa5, 0x12, 0xa1, 0x54, 0x66, 0xa4, 0x13, 0xa0, 0x8b, 0xa5, 0x1a, 0xa1, 0xa7
    dc.b    0x06, 0x42, 0xa6, 0x12, 0xa2, 0x63, 0x13, 0x46, 0xa5, 0x12, 0xa1, 0x59, 0xa6, 0x12, 0xa2, 0x5e
    dc.b    0x66, 0xa4, 0x13, 0xa0, 0x8d, 0xa5, 0x1a, 0xa1, 0xa9, 0x16, 0x22, 0x8e, 0xaf, 0x46, 0xa5, 0x12
    dc.b    0xa1, 0x5e, 0xa6, 0x12, 0xa2, 0x59, 0x66, 0xa4, 0x13, 0xa0, 0x8f, 0xa5, 0x1a, 0xa1, 0xab, 0x13
    dc.b    0x46, 0xa5, 0x12, 0xa1, 0x63, 0xa6, 0x12, 0xa2, 0x54, 0x66, 0xa4, 0x13, 0xa0, 0x91, 0xa5, 0x1a
    dc.b    0xa1, 0xad, 0x15, 0x24, 0x8f, 0xa1, 0x13, 0x42, 0xa5, 0x12, 0xa1, 0x68, 0x66, 0xa4, 0x13, 0xa0
    dc.b    0x93, 0xa5, 0x1a, 0xa1, 0xaf, 0xb8, 0x02, 0x06, 0x42, 0xa6, 0x12, 0xa2, 0x59, 0x13, 0x46, 0xa5
    dc.b    0x12, 0xa1, 0x63, 0xa6, 0x12, 0xa2, 0x5e, 0x66, 0xa4, 0x13, 0xa0, 0x91, 0xa5, 0x1a, 0xa1, 0xad
    dc.b    0x1a, 0x24, 0x83, 0x15, 0xf2, 0x82, 0x00, 0xf0, 0x46, 0xa5, 0x12, 0xa1, 0x5e, 0xa6, 0x12, 0xa2
    dc.b    0x63, 0x66, 0xa4, 0x13, 0xa0, 0x8f, 0xa5, 0x1a, 0xa1, 0xab, 0x19, 0x30, 0xff, 0x24, 0x84, 0xaf
    dc.b    0x12, 0x46, 0xa5, 0x12, 0xa1, 0x59, 0xa6, 0x12, 0xa2, 0x68, 0x66, 0xa4, 0x13, 0xa0, 0x8d, 0xa5
    dc.b    0x1a, 0xa1, 0xa9, 0x0f, 0x42, 0xa5, 0x12, 0xa1, 0x54, 0x66, 0xa4, 0x13, 0xa0, 0x8b, 0xa5, 0x1a
    dc.b    0xa1, 0xa7, 0x08, 0x20, 0xad, 0x42, 0xa6, 0x12, 0xa2, 0x63, 0x13, 0x46, 0xa5, 0x12, 0xa1, 0x59
    dc.b    0xa6, 0x12, 0xa2, 0x5e, 0x66, 0xa4, 0x13, 0xa0, 0x8d, 0xa5, 0x1a, 0xa1, 0xa9, 0x15, 0x20, 0x83
    dc.b    0x46, 0xa5, 0x12, 0xa1, 0x5e, 0xa6, 0x12, 0xa2, 0x59, 0x66, 0xa4, 0x13, 0xa0, 0x8f, 0xa5, 0x1a
    dc.b    0xa1, 0xab, 0x13, 0x46, 0xa5, 0x12, 0xa1, 0x63, 0xa6, 0x12, 0xa2, 0x54, 0x66, 0xa4, 0x13, 0xa0
    dc.b    0x91, 0xa5, 0x1a, 0xa1, 0xad, 0x12, 0x22, 0x82, 0xaf, 0x42, 0xa5, 0x12, 0xa1, 0x68, 0x66, 0xa4
    dc.b    0x13, 0xa0, 0x93, 0xa5, 0x1a, 0xa1, 0xaf, 0x06, 0x42, 0xa6, 0x12, 0xa2, 0x59, 0x16, 0x22, 0xa1
    dc.b    0x13, 0x46, 0xa5, 0x12, 0xa1, 0x63, 0xa6, 0x12, 0xa2, 0x5e, 0x66, 0xa4, 0x13, 0xa0, 0x91, 0xa5
    dc.b    0x1a, 0xa1, 0xad, 0x13, 0x46, 0xa5, 0x12, 0xa1, 0x5e, 0xa6, 0x12, 0xa2, 0x63, 0x66, 0xa4, 0x13
    dc.b    0xa0, 0x8f, 0xa5, 0x1a, 0xa1, 0xab, 0x15, 0x20, 0x83, 0x46, 0xa5, 0x12, 0xa1, 0x59, 0xa6, 0x12
    dc.b    0xa2, 0x68, 0x66, 0xa4, 0x13, 0xa0, 0x8d, 0xa5, 0x1a, 0xa1, 0xa9, 0x0f, 0x42, 0xa5, 0x12, 0xa1
    dc.b    0x54, 0x66, 0xa4, 0x13, 0xa0, 0x8b, 0xa5, 0x1a, 0xa1, 0xa7, 0x0a, 0x24, 0x84, 0xaf, 0x12, 0x42
    dc.b    0xa6, 0x12, 0xa2, 0x63, 0x13, 0x46, 0xa5, 0x12, 0xa1, 0x59, 0xa6, 0x12, 0xa2, 0x5e, 0x66, 0xa4
    dc.b    0x13, 0xa0, 0x8d, 0xa5, 0x1a, 0xa1, 0xa9, 0x15, 0x20, 0xad, 0x46, 0xa5, 0x12, 0xa1, 0x5e, 0xa6
    dc.b    0x12, 0xa2, 0x59, 0x66, 0xa4, 0x13, 0xa0, 0x8f, 0xa5, 0x1a, 0xa1, 0xab, 0x15, 0x20, 0xf2, 0x46
    dc.b    0xa5, 0x12, 0xa1, 0x63, 0xa6, 0x12, 0xa2, 0x54, 0x66, 0xa4, 0x13, 0xa0, 0x91, 0xa5, 0x1a, 0xa1
    dc.b    0xad, 0x13, 0x30, 0xff, 0x20, 0x83, 0x42, 0xa5, 0x12, 0xa1, 0x68, 0x66, 0xa4, 0x13, 0xa0, 0x93
    dc.b    0xa5, 0x1a, 0xa1, 0xaf, 0x06, 0x42, 0xa6, 0x12, 0xa2, 0x59, 0x16, 0x22, 0x82, 0xaf, 0x46, 0xa5
    dc.b    0x12, 0xa1, 0x63, 0xa6, 0x12, 0xa2, 0x5e, 0x66, 0xa4, 0x13, 0xa0, 0x91, 0xa5, 0x1a, 0xa1, 0xad
    dc.b    0x13, 0x46, 0xa5, 0x12, 0xa1, 0x5e, 0xa6, 0x12, 0xa2, 0x63, 0x66, 0xa4, 0x13, 0xa0, 0x8f, 0xa5
    dc.b    0x1a, 0xa1, 0xab, 0x16, 0x22, 0xa1, 0x13, 0x46, 0xa5, 0x12, 0xa1, 0x59, 0xa6, 0x12, 0xa2, 0x68
    dc.b    0x66, 0xa4, 0x13, 0xa0, 0x8d, 0xa5, 0x1a, 0xa1, 0xa9, 0x0f, 0x42, 0xa5, 0x12, 0xa1, 0x54, 0x66
    dc.b    0xa4, 0x13, 0xa0, 0x8b, 0xa5, 0x1a, 0xa1, 0xa7, 0x08, 0x20, 0x83, 0x42, 0xa6, 0x12, 0xa2, 0x63
    dc.b    0x17, 0x24, 0xa4, 0x15, 0xf2, 0x46, 0xa5, 0x12, 0xa1, 0x59, 0xa6, 0x12, 0xa2, 0x5e, 0x66, 0xa4
    dc.b    0x13, 0xa0, 0x8d, 0xa5, 0x1a, 0xa1, 0xa9, 0x18, 0x30, 0xff, 0x22, 0x84, 0xa6, 0x46, 0xa5, 0x12
    dc.b    0xa1, 0x5e, 0xa6, 0x12, 0xa2, 0x59, 0x66, 0xa4, 0x13, 0xa0, 0x8f, 0xa5, 0x1a, 0xa1, 0xab, 0x13
    dc.b    0x46, 0xa5, 0x12, 0xa1, 0x63, 0xa6, 0x12, 0xa2, 0x54, 0x66, 0xa4, 0x13, 0xa0, 0x91, 0xa5, 0x1a
    dc.b    0xa1, 0xad, 0x0f, 0x42, 0xa5, 0x12, 0xa1, 0x68, 0x66, 0xa4, 0x13, 0xa0, 0x93, 0xa5, 0x1a, 0xa1
    dc.b    0xaf, 0x06, 0x42, 0xa6, 0x12, 0xa2, 0x59, 0x18, 0x22, 0x83, 0xa4, 0x46, 0xa5, 0x12, 0xa1, 0x63
    dc.b    0xa6, 0x12, 0xa2, 0x5e, 0x66, 0xa4, 0x13, 0xa0, 0x91, 0xa5, 0x1a, 0xa1, 0xad, 0xb8, 0x01, 0x13
    dc.b    0x46, 0xa5, 0x12, 0xa1, 0x5e, 0xa6, 0x12, 0xa2, 0x63, 0x66, 0xa4, 0x13, 0xa0, 0x8f, 0xa5, 0x1a
    dc.b    0xa1, 0xab, 0x16, 0x22, 0x82, 0xa2, 0x46, 0xa5, 0x12, 0xa1, 0x59, 0xa6, 0x12, 0xa2, 0x68, 0x66
    dc.b    0xa4, 0x13, 0xa0, 0x8d, 0xa5, 0x1a, 0xa1, 0xa9, 0x12, 0x82, 0x00, 0xf0, 0x42, 0xa5, 0x12, 0xa1
    dc.b    0x54, 0x66, 0xa4, 0x13, 0xa0, 0x8b, 0xa5, 0x1a, 0xa1, 0xa7, 0x06, 0x42, 0xa6, 0x12, 0xa2, 0x63
    dc.b    0x13, 0x46, 0xa5, 0x12, 0xa1, 0x59, 0xa6, 0x12, 0xa2, 0x5e, 0x66, 0xa4, 0x13, 0xa0, 0x8d, 0xa5
    dc.b    0x1a, 0xa1, 0xa9, 0x16, 0x22, 0x83, 0xa4, 0x46, 0xa5, 0x12, 0xa1, 0x5e, 0xa6, 0x12, 0xa2, 0x59
    dc.b    0x66, 0xa4, 0x13, 0xa0, 0x8f, 0xa5, 0x1a, 0xa1, 0xab, 0x13, 0x46, 0xa5, 0x12, 0xa1, 0x63, 0xa6
    dc.b    0x12, 0xa2, 0x54, 0x66, 0xa4, 0x13, 0xa0, 0x91, 0xa5, 0x1a, 0xa1, 0xad, 0x12, 0x22, 0x84, 0xa6
    dc.b    0x42, 0xa5, 0x12, 0xa1, 0x68, 0x66, 0xa4, 0x13, 0xa0, 0x93, 0xa5, 0x1a, 0xa1, 0xaf, 0x06, 0x42
    dc.b    0xa6, 0x12, 0xa2, 0x59, 0x13, 0x46, 0xa5, 0x12, 0xa1, 0x63, 0xa6, 0x12, 0xa2, 0x5e, 0x66, 0xa4
    dc.b    0x13, 0xa0, 0x91, 0xa5, 0x1a, 0xa1, 0xad, 0x13, 0x46, 0xa5, 0x12, 0xa1, 0x5e, 0xa6, 0x12, 0xa2
    dc.b    0x63, 0x66, 0xa4, 0x13, 0xa0, 0x8f, 0xa5, 0x1a, 0xa1, 0xab, 0x16, 0x22, 0x83, 0xa4, 0x46, 0xa5
    dc.b    0x12, 0xa1, 0x59, 0xa6, 0x12, 0xa2, 0x68, 0x66, 0xa4, 0x13, 0xa0, 0x8d, 0xa5, 0x1a, 0xa1, 0xa9
    dc.b    0x0f, 0x42, 0xa5, 0x12, 0xa1, 0x54, 0x66, 0xa4, 0x13, 0xa0, 0x8b, 0xa5, 0x1a, 0xa1, 0xa7, 0x09
    dc.b    0x22, 0x82, 0xa2, 0x42, 0xa6, 0x12, 0xa2, 0x63, 0x13, 0x46, 0xa5, 0x12, 0xa1, 0x59, 0xa6, 0x12
    dc.b    0xa2, 0x5e, 0x66, 0xa4, 0x13, 0xa0, 0x8d, 0xa5, 0x1a, 0xa1, 0xa9, 0x13, 0x46, 0xa5, 0x12, 0xa1
    dc.b    0x5e, 0xa6, 0x12, 0xa2, 0x59, 0x66, 0xa4, 0x13, 0xa0, 0x8f, 0xa5, 0x1a, 0xa1, 0xab, 0x13, 0x46
    dc.b    0xa5, 0x12, 0xa1, 0x63, 0xa6, 0x12, 0xa2, 0x54, 0x66, 0xa4, 0x13, 0xa0, 0x91, 0xa5, 0x1a, 0xa1
    dc.b    0xad, 0x12, 0x22, 0x83, 0xa4, 0x42, 0xa5, 0x12, 0xa1, 0x68, 0x66, 0xa4, 0x13, 0xa0, 0x93, 0xa5
    dc.b    0x1a, 0xa1, 0xaf, 0x15, 0x20, 0xf2, 0x80, 0x01, 0x42, 0xa5, 0x12, 0xa1, 0x5e, 0x80, 0xf1, 0x46
    dc.b    0xa5, 0x12, 0xa1, 0x63, 0xa6, 0x12, 0xa2, 0x59, 0x18, 0x30, 0xff, 0x22, 0x84, 0xa6, 0x46, 0xa5
    dc.b    0x12, 0xa1, 0x68, 0xa6, 0x12, 0xa2, 0x5e, 0x66, 0xa4, 0x13, 0xa0, 0x91, 0xa5, 0x1a, 0xa1, 0xad
    dc.b    0x0f, 0x42, 0xa6, 0x12, 0xa2, 0x63, 0x66, 0xa4, 0x13, 0xa0, 0x8f, 0xa5, 0x1a, 0xa1, 0xab, 0x13
    dc.b    0x46, 0xa5, 0x12, 0xa1, 0x63, 0xa6, 0x12, 0xa2, 0x68, 0x66, 0xa4, 0x13, 0xa0, 0x8d, 0xa5, 0x1a
    dc.b    0xa1, 0xa9, 0x0f, 0x42, 0xa5, 0x12, 0xa1, 0x5e, 0x66, 0xa4, 0x13, 0xa0, 0x8b, 0xa5, 0x1a, 0xa1
    dc.b    0xa7, 0x0d, 0x22, 0x83, 0xa4, 0x46, 0xa5, 0x12, 0xa1, 0x59, 0xa6, 0x12, 0xa2, 0x63, 0x13, 0x46
    dc.b    0xa5, 0x12, 0xa1, 0x54, 0xa6, 0x12, 0xa2, 0x5e, 0x66, 0xa4, 0x13, 0xa0, 0x8d, 0xa5, 0x1a, 0xa1
    dc.b    0xa9, 0x12, 0x22, 0x82, 0xa2, 0x42, 0xa6, 0x12, 0xa2, 0x59, 0x66, 0xa4, 0x13, 0xa0, 0x8f, 0xa5
    dc.b    0x1a, 0xa1, 0xab, 0x1c, 0x80, 0x01, 0x42, 0xa5, 0x13, 0xa1, 0x8f, 0x80, 0xf1, 0x46, 0xa5, 0x13
    dc.b    0xa1, 0x94, 0xa6, 0x12, 0xa2, 0x54, 0x66, 0xa4, 0x13, 0xa0, 0x91, 0xa5, 0x1a, 0xa1, 0xad, 0x0f
    dc.b    0x42, 0xa5, 0x13, 0xa1, 0x99, 0x66, 0xa4, 0x13, 0xa0, 0x93, 0xa5, 0x1a, 0xa1, 0xaf, 0x06, 0x42
    dc.b    0xa6, 0x12, 0xa2, 0x59, 0x16, 0x22, 0x83, 0xa4, 0x46, 0xa5, 0x13, 0xa1, 0x94, 0xa6, 0x12, 0xa2
    dc.b    0x5e, 0x66, 0xa4, 0x13, 0xa0, 0x91, 0xa5, 0x1a, 0xa1, 0xad, 0x13, 0x46, 0xa5, 0x13, 0xa1, 0x8f
    dc.b    0xa6, 0x12, 0xa2, 0x63, 0x66, 0xa4, 0x13, 0xa0, 0x8f, 0xa5, 0x1a, 0xa1, 0xab, 0x18, 0x22, 0x84
    dc.b    0xa6, 0x46, 0xa5, 0x13, 0xa1, 0x8a, 0xa6, 0x12, 0xa2, 0x68, 0x66, 0xa4, 0x13, 0xa0, 0x8d, 0xa5
    dc.b    0x1a, 0xa1, 0xa9, 0xb8, 0x02, 0x0f, 0x42, 0xa5, 0x13, 0xa1, 0x85, 0x66, 0xa4, 0x13, 0xa0, 0x8b
    dc.b    0xa5, 0x1a, 0xa1, 0xa7, 0x06, 0x42, 0xa6, 0x12, 0xa2, 0x63, 0x22, 0x24, 0x8e, 0x12, 0xf2, 0x84
    dc.b    0x00, 0xf0, 0x01, 0x42, 0xa5, 0x13, 0xa1, 0x8f, 0x80, 0xf1, 0x46, 0xa5, 0x13, 0xa1, 0x94, 0xa6
    dc.b    0x12, 0xa2, 0x5e, 0x66, 0xa4, 0x13, 0xa0, 0x8d, 0xa5, 0x1a, 0xa1, 0xa9, 0x18, 0x30, 0xff, 0x22
    dc.b    0x8f, 0xa4, 0x46, 0xa5, 0x13, 0xa1, 0x99, 0xa6, 0x12, 0xa2, 0x59, 0x66, 0xa4, 0x13, 0xa0, 0x8f
    dc.b    0xa5, 0x1a, 0xa1, 0xab, 0x0f, 0x42, 0xa6, 0x12, 0xa2, 0x54, 0x66, 0xa4, 0x13, 0xa0, 0x91, 0xa5
    dc.b    0x1a, 0xa1, 0xad, 0x11, 0x20, 0xa2, 0x42, 0xa5, 0x13, 0xa1, 0x94, 0x66, 0xa4, 0x13, 0xa0, 0x93
    dc.b    0xa5, 0x1a, 0xa1, 0xaf, 0x0a, 0x46, 0xa5, 0x13, 0xa1, 0x8f, 0xa6, 0x12, 0xa2, 0x59, 0x15, 0x20
    dc.b    0x8e, 0x46, 0xa5, 0x13, 0xa1, 0x8a, 0xa6, 0x12, 0xa2, 0x5e, 0x66, 0xa4, 0x13, 0xa0, 0x91, 0xa5
    dc.b    0x1a, 0xa1, 0xad, 0x13, 0x46, 0xa5, 0x13, 0xa1, 0x85, 0xa6, 0x12, 0xa2, 0x63, 0x66, 0xa4, 0x13
    dc.b    0xa0, 0x8f, 0xa5, 0x1a, 0xa1, 0xab, 0x12, 0x22, 0x8d, 0xa4, 0x42, 0xa6, 0x12, 0xa2, 0x68, 0x66
    dc.b    0xa4, 0x13, 0xa0, 0x8d, 0xa5, 0x1a, 0xa1, 0xa9, 0x1d, 0x42, 0xa5, 0x13, 0xa1, 0x8a, 0x80, 0x02
    dc.b    0x42, 0xa6, 0x12, 0xa2, 0x5e, 0x80, 0xf2, 0x42, 0xa6, 0x12, 0xa2, 0x63, 0x66, 0xa4, 0x13, 0xa0
    dc.b    0x8b, 0xa5, 0x1a, 0xa1, 0xa7, 0x0c, 0x20, 0xa6, 0x46, 0xa5, 0x13, 0xa1, 0x8f, 0xa6, 0x12, 0xa2
    dc.b    0x68, 0x0f, 0x42, 0xa5, 0x13, 0xa1, 0x94, 0x66, 0xa4, 0x13, 0xa0, 0x8d, 0xa5, 0x1a, 0xa1, 0xa9
    dc.b    0x15, 0x20, 0x8e, 0x46, 0xa5, 0x13, 0xa1, 0x99, 0xa6, 0x12, 0xa2, 0x63, 0x66, 0xa4, 0x13, 0xa0
    dc.b    0x8f, 0xa5, 0x1a, 0xa1, 0xab, 0x0f, 0x42, 0xa6, 0x12, 0xa2, 0x5e, 0x66, 0xa4, 0x13, 0xa0, 0x91
    dc.b    0xa5, 0x1a, 0xa1, 0xad, 0x16, 0x22, 0x8f, 0xa4, 0x46, 0xa5, 0x13, 0xa1, 0x94, 0xa6, 0x12, 0xa2
    dc.b    0x59, 0x66, 0xa4, 0x13, 0xa0, 0x93, 0xa5, 0x1a, 0xa1, 0xaf, 0x0a, 0x46, 0xa5, 0x13, 0xa1, 0x8f
    dc.b    0xa6, 0x12, 0xa2, 0x54, 0x11, 0x20, 0xa2, 0x42, 0xa5, 0x13, 0xa1, 0x8a, 0x66, 0xa4, 0x13, 0xa0
    dc.b    0x91, 0xa5, 0x1a, 0xa1, 0xad, 0x1f, 0x20, 0xf2, 0x42, 0xa5, 0x13, 0xa1, 0x85, 0x80, 0x02, 0x42
    dc.b    0xa6, 0x13, 0xa2, 0x8f, 0x80, 0xf2, 0x42, 0xa6, 0x13, 0xa2, 0x94, 0x66, 0xa4, 0x13, 0xa0, 0x8f
    dc.b    0xa5, 0x1a, 0xa1, 0xab, 0x13, 0x30, 0xff, 0x20, 0x8e, 0x42, 0xa6, 0x13, 0xa2, 0x99, 0x66, 0xa4
    dc.b    0x13, 0xa0, 0x8d, 0xa5, 0x1a, 0xa1, 0xa9, 0x0f, 0x42, 0xa5, 0x13, 0xa1, 0x8a, 0x66, 0xa4, 0x13
    dc.b    0xa0, 0x8b, 0xa5, 0x1a, 0xa1, 0xa7, 0x0d, 0x22, 0x8d, 0xa4, 0x46, 0xa5, 0x13, 0xa1, 0x8f, 0xa6
    dc.b    0x13, 0xa2, 0x94, 0x13, 0x46, 0xa5, 0x13, 0xa1, 0x94, 0xa6, 0x13, 0xa2, 0x8f, 0x66, 0xa4, 0x13
    dc.b    0xa0, 0x8d, 0xa5, 0x1a, 0xa1, 0xa9, 0x15, 0x20, 0xa6, 0x46, 0xa5, 0x13, 0xa1, 0x99, 0xa6, 0x13
    dc.b    0xa2, 0x8a, 0x66, 0xa4, 0x13, 0xa0, 0x8f, 0xa5, 0x1a, 0xa1, 0xab, 0x0f, 0x42, 0xa6, 0x13, 0xa2
    dc.b    0x85, 0x66, 0xa4, 0x13, 0xa0, 0x91, 0xa5, 0x1a, 0xa1, 0xad, 0x11, 0x20, 0x8e, 0x42, 0xa5, 0x13
    dc.b    0xa1, 0x94, 0x66, 0xa4, 0x13, 0xa0, 0x93, 0xa5, 0x1a, 0xa1, 0xaf, 0x18, 0x24, 0xaf, 0x12, 0xf2
    dc.b    0x42, 0xa5, 0x13, 0xa1, 0x8f, 0x80, 0x02, 0x42, 0xa6, 0x13, 0xa2, 0x8f, 0x80, 0xf2, 0x42, 0xa6
    dc.b    0x13, 0xa2, 0x94, 0x19, 0x30, 0xff, 0x24, 0x8f, 0xa1, 0x13, 0x46, 0xa5, 0x13, 0xa1, 0x8a, 0xa6
    dc.b    0x13, 0xa2, 0x99, 0x66, 0xa4, 0x13, 0xa0, 0x91, 0xa5, 0x1a, 0xa1, 0xad, 0x0f, 0x42, 0xa5, 0x13
    dc.b    0xa1, 0x85, 0x66, 0xa4, 0x13, 0xa0, 0x8f, 0xa5, 0x1a, 0xa1, 0xab, 0x0f, 0x42, 0xa6, 0x13, 0xa2
    dc.b    0x94, 0x66, 0xa4, 0x13, 0xa0, 0x8d, 0xa5, 0x1a, 0xa1, 0xa9, 0x13, 0x46, 0xa5, 0x13, 0xa1, 0x8a
    dc.b    0xa6, 0x13, 0xa2, 0x8f, 0x66, 0xa4, 0x13, 0xa0, 0x8b, 0xa5, 0x1a, 0xa1, 0xa7, 0x10, 0x24, 0x8e
    dc.b    0xaf, 0x12, 0x46, 0xa5, 0x13, 0xa1, 0x8f, 0xa6, 0x13, 0xa2, 0x8a, 0xb8, 0x02, 0x13, 0x46, 0xa5
    dc.b    0x13, 0xa1, 0x94, 0xa6, 0x13, 0xa2, 0x85, 0x66, 0xa4, 0x13, 0xa0, 0x8d, 0xa5, 0x1a, 0xa1, 0xa9
    dc.b    0x12, 0x22, 0x8d, 0xad, 0x42, 0xa5, 0x13, 0xa1, 0x99, 0x66, 0xa4, 0x13, 0xa0, 0x8f, 0xa5, 0x1a
    dc.b    0xa1, 0xab, 0x16, 0x24, 0x8f, 0x0e, 0xf2, 0x82, 0x00, 0xf0, 0x42, 0xa6, 0x13, 0xa2, 0x8a, 0x66
    dc.b    0xa4, 0x13, 0xa0, 0x91, 0xa5, 0x1a, 0xa1, 0xad, 0x18, 0x30, 0xff, 0x22, 0x80, 0x0f, 0x46, 0xa5
    dc.b    0x13, 0xa1, 0x94, 0xa6, 0x13, 0xa2, 0x8f, 0x66, 0xa4, 0x13, 0xa0, 0x93, 0xa5, 0x1a, 0xa1, 0xaf
    dc.b    0x0a, 0x46, 0xa5, 0x13, 0xa1, 0x8f, 0xa6, 0x13, 0xa2, 0x94, 0x15, 0x20, 0xaf, 0x46, 0xa5, 0x13
    dc.b    0xa1, 0x8a, 0xa6, 0x13, 0xa2, 0x99, 0x66, 0xa4, 0x13, 0xa0, 0x91, 0xa5, 0x1a, 0xa1, 0xad, 0x0f
    dc.b    0x42, 0xa5, 0x13, 0xa1, 0x85, 0x66, 0xa4, 0x13, 0xa0, 0x8f, 0xa5, 0x1a, 0xa1, 0xab, 0x14, 0x26
    dc.b    0x8f, 0x0e, 0xa1, 0x13, 0x42, 0xa6, 0x13, 0xa2, 0x94, 0x66, 0xa4, 0x13, 0xa0, 0x8d, 0xa5, 0x1a
    dc.b    0xa1, 0xa9, 0x13, 0x46, 0xa5, 0x13, 0xa1, 0x8a, 0xa6, 0x13, 0xa2, 0x8f, 0x66, 0xa4, 0x13, 0xa0
    dc.b    0x8b, 0xa5, 0x1a, 0xa1, 0xa7, 0x0c, 0x20, 0x8e, 0x46, 0xa5, 0x13, 0xa1, 0x8f, 0xa6, 0x13, 0xa2
    dc.b    0x8a, 0x13, 0x46, 0xa5, 0x13, 0xa1, 0x94, 0xa6, 0x13, 0xa2, 0x85, 0x66, 0xa4, 0x13, 0xa0, 0x8d
    dc.b    0xa5, 0x1a, 0xa1, 0xa9, 0x12, 0x22, 0xaf, 0x12, 0x42, 0xa5, 0x13, 0xa1, 0x99, 0x66, 0xa4, 0x13
    dc.b    0xa0, 0x8f, 0xa5, 0x1a, 0xa1, 0xab, 0x0f, 0x42, 0xa6, 0x13, 0xa2, 0x8a, 0x66, 0xa4, 0x13, 0xa0
    dc.b    0x91, 0xa5, 0x1a, 0xa1, 0xad, 0x16, 0x22, 0x8f, 0xad, 0x46, 0xa5, 0x13, 0xa1, 0x94, 0xa6, 0x13
    dc.b    0xa2, 0x8f, 0x66, 0xa4, 0x13, 0xa0, 0x93, 0xa5, 0x1a, 0xa1, 0xaf, 0x0a, 0x46, 0xa5, 0x13, 0xa1
    dc.b    0x8f, 0xa6, 0x13, 0xa2, 0x94, 0x16, 0x22, 0x80, 0x0f, 0x46, 0xa5, 0x13, 0xa1, 0x8a, 0xa6, 0x13
    dc.b    0xa2, 0x99, 0x66, 0xa4, 0x13, 0xa0, 0x91, 0xa5, 0x1a, 0xa1, 0xad, 0x0f, 0x42, 0xa5, 0x13, 0xa1
    dc.b    0x85, 0x66, 0xa4, 0x13, 0xa0, 0x8f, 0xa5, 0x1a, 0xa1, 0xab, 0x11, 0x20, 0xaf, 0x42, 0xa6, 0x13
    dc.b    0xa2, 0x94, 0x66, 0xa4, 0x13, 0xa0, 0x8d, 0xa5, 0x1a, 0xa1, 0xa9, 0x15, 0x20, 0xf2, 0x46, 0xa5
    dc.b    0x13, 0xa1, 0x8a, 0xa6, 0x13, 0xa2, 0x8f, 0x66, 0xa4, 0x13, 0xa0, 0x8b, 0xa5, 0x1a, 0xa1, 0xa7
    dc.b    0x11, 0x30, 0xff, 0x26, 0x8f, 0x0e, 0xa1, 0x13, 0x46, 0xa5, 0x13, 0xa1, 0x8f, 0xa6, 0x13, 0xa2
    dc.b    0x8a, 0x13, 0x46, 0xa5, 0x13, 0xa1, 0x94, 0xa6, 0x13, 0xa2, 0x85, 0x66, 0xa4, 0x13, 0xa0, 0x8d
    dc.b    0xa5, 0x1a, 0xa1, 0xa9, 0x11, 0x20, 0x8e, 0x42, 0xa5, 0x13, 0xa1, 0x99, 0x66, 0xa4, 0x13, 0xa0
    dc.b    0x8f, 0xa5, 0x1a, 0xa1, 0xab, 0x0f, 0x42, 0xa6, 0x13, 0xa2, 0x8a, 0x66, 0xa4, 0x13, 0xa0, 0x91
    dc.b    0xa5, 0x1a, 0xa1, 0xad, 0x16, 0x22, 0xaf, 0x12, 0x46, 0xa5, 0x13, 0xa1, 0x94, 0xa6, 0x13, 0xa2
    dc.b    0x8f, 0x66, 0xa4, 0x13, 0xa0, 0x93, 0xa5, 0x1a, 0xa1, 0xaf, 0x0a, 0x46, 0xa5, 0x13, 0xa1, 0x8f
    dc.b    0xa6, 0x13, 0xa2, 0x94, 0x16, 0x22, 0x8f, 0xad, 0x46, 0xa5, 0x13, 0xa1, 0x8a, 0xa6, 0x13, 0xa2
    dc.b    0x99, 0x66, 0xa4, 0x13, 0xa0, 0x91, 0xa5, 0x1a, 0xa1, 0xad, 0x13, 0x24, 0xa0, 0x0f, 0xf2, 0x42
    dc.b    0xa5, 0x13, 0xa1, 0x85, 0x66, 0xa4, 0x13, 0xa0, 0x8f, 0xa5, 0x1a, 0xa1, 0xab, 0x15, 0x30, 0xff
    dc.b    0x24, 0x80, 0x0f, 0xa2, 0x42, 0xa6, 0x13, 0xa2, 0x94, 0x66, 0xa4, 0x13, 0xa0, 0x8d, 0xa5, 0x1a
    dc.b    0xa1, 0xa9, 0x13, 0x46, 0xa5, 0x13, 0xa1, 0x8a, 0xa6, 0x13, 0xa2, 0x8f, 0x66, 0xa4, 0x13, 0xa0
    dc.b    0x8b, 0xa5, 0x1a, 0xa1, 0xa7, 0x0a, 0x46, 0xa5, 0x13, 0xa1, 0x8f, 0xa6, 0x13, 0xa2, 0x8a, 0x13
    dc.b    0x46, 0xa5, 0x13, 0xa1, 0x94, 0xa6, 0x13, 0xa2, 0x85, 0x66, 0xa4, 0x13, 0xa0, 0x8d, 0xa5, 0x1a
    dc.b    0xa1, 0xa9, 0x15, 0x24, 0x8f, 0x0e, 0xa0, 0x42, 0xa5, 0x13, 0xa1, 0x99, 0x66, 0xa4, 0x13, 0xa0
    dc.b    0x8f, 0xa5, 0x1a, 0xa1, 0xab, 0xb8, 0x02, 0x0f, 0x42, 0xa6, 0x13, 0xa2, 0x8a, 0x66, 0xa4, 0x13
    dc.b    0xa0, 0x91, 0xa5, 0x1a, 0xa1, 0xad, 0x17, 0x24, 0x8e, 0xae, 0x0e, 0x46, 0xa5, 0x13, 0xa1, 0x94
    dc.b    0xa6, 0x13, 0xa2, 0x8f, 0x66, 0xa4, 0x13, 0xa0, 0x93, 0xa5, 0x1a, 0xa1, 0xaf, 0x11, 0x24, 0x89
    dc.b    0x0c, 0xf0, 0x82, 0x00, 0xf0, 0x46, 0xa5, 0x13, 0xa1, 0x8f, 0xa6, 0x13, 0xa2, 0x94, 0x15, 0x20
    dc.b    0x8a, 0x46, 0xa5, 0x13, 0xa1, 0x8a, 0xa6, 0x13, 0xa2, 0x99, 0x66, 0xa4, 0x13, 0xa0, 0x91, 0xa5
    dc.b    0x1a, 0xa1, 0xad, 0x11, 0x20, 0xf2, 0x42, 0xa5, 0x13, 0xa1, 0x85, 0x66, 0xa4, 0x13, 0xa0, 0x8f
    dc.b    0xa5, 0x1a, 0xa1, 0xab, 0x14, 0x30, 0xf3, 0x22, 0xa0, 0x0f, 0x42, 0xa6, 0x13, 0xa2, 0x94, 0x66
    dc.b    0xa4, 0x13, 0xa0, 0x8d, 0xa5, 0x1a, 0xa1, 0xa9, 0x15, 0x20, 0xf4, 0x46, 0xa5, 0x13, 0xa1, 0x8a
    dc.b    0xa6, 0x13, 0xa2, 0x8f, 0x66, 0xa4, 0x13, 0xa0, 0x8b, 0xa5, 0x1a, 0xa1, 0xa7, 0x0f, 0x22, 0x89
    dc.b    0xa2, 0x46, 0xa5, 0x13, 0xa1, 0x8f, 0xa6, 0x13, 0xa2, 0x8a, 0xb8, 0x01, 0x15, 0x30, 0xf5, 0x46
    dc.b    0xa5, 0x13, 0xa1, 0x94, 0xa6, 0x13, 0xa2, 0x85, 0x66, 0xa4, 0x13, 0xa0, 0x8d, 0xa5, 0x1a, 0xa1
    dc.b    0xa9, 0x11, 0x20, 0x88, 0x42, 0xa5, 0x13, 0xa1, 0x99, 0x66, 0xa4, 0x13, 0xa0, 0x8f, 0xa5, 0x1a
    dc.b    0xa1, 0xab, 0x14, 0x20, 0xf2, 0x82, 0x00, 0xf0, 0x42, 0xa6, 0x13, 0xa2, 0x8a, 0x66, 0xa4, 0x13
    dc.b    0xa0, 0x91, 0xa5, 0x1a, 0xa1, 0xad, 0x17, 0x30, 0xff, 0x20, 0xa0, 0x46, 0xa5, 0x13, 0xa1, 0x94
    dc.b    0xa6, 0x13, 0xa2, 0x8f, 0x66, 0xa4, 0x13, 0xa0, 0x93, 0xa5, 0x1a, 0xa1, 0xaf, 0x0a, 0x46, 0xa5
    dc.b    0x13, 0xa1, 0x8f, 0xa6, 0x13, 0xa2, 0x94, 0x17, 0x24, 0x89, 0xae, 0x0e, 0x46, 0xa5, 0x13, 0xa1
    dc.b    0x8a, 0xa6, 0x13, 0xa2, 0x99, 0x66, 0xa4, 0x13, 0xa0, 0x91, 0xa5, 0x1a, 0xa1, 0xad, 0x0f, 0x42
    dc.b    0xa5, 0x13, 0xa1, 0x85, 0x66, 0xa4, 0x13, 0xa0, 0x8f, 0xa5, 0x1a, 0xa1, 0xab, 0x13, 0x20, 0x8a
    dc.b    0x42, 0xa6, 0x13, 0xa2, 0x94, 0x66, 0xa4, 0x13, 0xa0, 0x8d, 0xa5, 0x1a, 0xa1, 0xa9, 0xb8, 0x01
    dc.b    0x13, 0x46, 0xa5, 0x13, 0xa1, 0x8a, 0xa6, 0x13, 0xa2, 0x8f, 0x66, 0xa4, 0x13, 0xa0, 0x8b, 0xa5
    dc.b    0x1a, 0xa1, 0xa7, 0x0d, 0x22, 0xa0, 0x0f, 0x46, 0xa5, 0x13, 0xa1, 0x8f, 0xa6, 0x13, 0xa2, 0x8a
    dc.b    0x1e, 0x20, 0xf2, 0x80, 0x00, 0x42, 0xa4, 0x23, 0xa0, 0x8f, 0x80, 0xf0, 0x46, 0xa5, 0x13, 0xa1
    dc.b    0x94, 0xa6, 0x13, 0xa2, 0x85, 0x66, 0xa4, 0x13, 0xa0, 0x8d, 0xa5, 0x1a, 0xa1, 0xa9, 0x14, 0x30
    dc.b    0xff, 0x22, 0x89, 0xa2, 0x42, 0xa5, 0x13, 0xa1, 0x99, 0x66, 0xa4, 0x13, 0xa0, 0x8f, 0xa5, 0x1a
    dc.b    0xa1, 0xab, 0x0f, 0x42, 0xa6, 0x13, 0xa2, 0x8a, 0x66, 0xa4, 0x13, 0xa0, 0x91, 0xa5, 0x1a, 0xa1
    dc.b    0xad, 0x15, 0x20, 0x88, 0x46, 0xa5, 0x13, 0xa1, 0x94, 0xa6, 0x13, 0xa2, 0x8f, 0x66, 0xa4, 0x13
    dc.b    0xa0, 0x93, 0xa5, 0x1a, 0xa1, 0xaf, 0x0a, 0x46, 0xa5, 0x13, 0xa1, 0x8f, 0xa6, 0x13, 0xa2, 0x94
    dc.b    0x15, 0x20, 0xa0, 0x46, 0xa5, 0x13, 0xa1, 0x8a, 0xa6, 0x13, 0xa2, 0x99, 0x66, 0xa4, 0x13, 0xa0
    dc.b    0x91, 0xa5, 0x1a, 0xa1, 0xad, 0x0f, 0x42, 0xa5, 0x13, 0xa1, 0x85, 0x66, 0xa4, 0x13, 0xa0, 0x8f
    dc.b    0xa5, 0x1a, 0xa1, 0xab, 0x13, 0x24, 0x89, 0xae, 0x0e, 0x42, 0xa6, 0x13, 0xa2, 0x94, 0x66, 0xa4
    dc.b    0x13, 0xa0, 0x8d, 0xa5, 0x1a, 0xa1, 0xa9, 0x1f, 0x22, 0xaa, 0x0c, 0x80, 0x00, 0x42, 0xa4, 0x1b
    dc.b    0xa0, 0x8f, 0x80, 0xf0, 0x46, 0xa5, 0x13, 0xa1, 0x8a, 0xa6, 0x13, 0xa2, 0x8f, 0x66, 0xa4, 0x13
    dc.b    0xa0, 0x8b, 0xa5, 0x1a, 0xa1, 0xa7, 0x0d, 0x22, 0x8a, 0xac, 0x46, 0xa5, 0x13, 0xa1, 0x8f, 0xa6
    dc.b    0x13, 0xa2, 0x8a, 0x13, 0x46, 0xa5, 0x13, 0xa1, 0x94, 0xa6, 0x13, 0xa2, 0x85, 0x66, 0xa4, 0x13
    dc.b    0xa0, 0x8d, 0xa5, 0x1a, 0xa1, 0xa9, 0x0f, 0x42, 0xa5, 0x13, 0xa1, 0x99, 0x66, 0xa4, 0x13, 0xa0
    dc.b    0x8f, 0xa5, 0x1a, 0xa1, 0xab, 0x0f, 0x42, 0xa6, 0x13, 0xa2, 0x8a, 0x66, 0xa4, 0x13, 0xa0, 0x91
    dc.b    0xa5, 0x1a, 0xa1, 0xad, 0x18, 0x22, 0x89, 0xaa, 0x46, 0xa5, 0x13, 0xa1, 0x94, 0xa6, 0x13, 0xa2
    dc.b    0x8f, 0x66, 0xa4, 0x13, 0xa0, 0x93, 0xa5, 0x1a, 0xa1, 0xaf, 0xb8, 0x01, 0x0a, 0x46, 0xa5, 0x13
    dc.b    0xa1, 0x8f, 0xa6, 0x13, 0xa2, 0x94, 0x16, 0x22, 0x88, 0xa8, 0x46, 0xa5, 0x13, 0xa1, 0x8a, 0xa6
    dc.b    0x13, 0xa2, 0x99, 0x66, 0xa4, 0x13, 0xa0, 0x91, 0xa5, 0x1a, 0xa1, 0xad, 0x12, 0x24, 0x87, 0x09
    dc.b    0xf2, 0x84, 0x00, 0xf0, 0x01, 0x66, 0xa4, 0x13, 0xa0, 0x8f, 0xa5, 0x1a, 0xa1, 0xab, 0x13, 0x30
    dc.b    0xff, 0x20, 0x88, 0x42, 0xa6, 0x13, 0xa2, 0x94, 0x66, 0xa4, 0x13, 0xa0, 0x8d, 0xa5, 0x1a, 0xa1
    dc.b    0xa9, 0x0f, 0x42, 0xa6, 0x13, 0xa2, 0x8f, 0x66, 0xa4, 0x13, 0xa0, 0x8b, 0xa5, 0x1a, 0xa1, 0xa7
    dc.b    0x08, 0x20, 0xaa, 0x42, 0xa6, 0x13, 0xa2, 0x8a, 0x0f, 0x42, 0xa6, 0x13, 0xa2, 0x85, 0x66, 0xa4
    dc.b    0x13, 0xa0, 0x8d, 0xa5, 0x1a, 0xa1, 0xa9, 0x0d, 0x22, 0x87, 0xac, 0x66, 0xa4, 0x13, 0xa0, 0x8f
    dc.b    0xa5, 0x1a, 0xa1, 0xab, 0x0f, 0x42, 0xa6, 0x13, 0xa2, 0x8a, 0x66, 0xa4, 0x13, 0xa0, 0x91, 0xa5
    dc.b    0x1a, 0xa1, 0xad, 0x11, 0x20, 0x86, 0x42, 0xa6, 0x13, 0xa2, 0x8f, 0x66, 0xa4, 0x13, 0xa0, 0x93
    dc.b    0xa5, 0x1a, 0xa1, 0xaf, 0x09, 0x82, 0x00, 0xf0, 0x42, 0xa6, 0x13, 0xa2, 0x94, 0x11, 0x20, 0xaa
    dc.b    0x42, 0xa6, 0x13, 0xa2, 0x99, 0x66, 0xa4, 0x13, 0xa0, 0x91, 0xa5, 0x1a, 0xa1, 0xad, 0x0a, 0x66
    dc.b    0xa4, 0x13, 0xa0, 0x8f, 0xa5, 0x1a, 0xa1, 0xab, 0x12, 0x22, 0x87, 0xa8, 0x42, 0xa6, 0x13, 0xa2
    dc.b    0x94, 0x66, 0xa4, 0x13, 0xa0, 0x8d, 0xa5, 0x1a, 0xa1, 0xa9, 0x0f, 0x42, 0xa6, 0x13, 0xa2, 0x8f
    dc.b    0x66, 0xa4, 0x13, 0xa0, 0x8b, 0xa5, 0x1a, 0xa1, 0xa7, 0x0a, 0x20, 0x88, 0x42, 0xa6, 0x13, 0xa2
    dc.b    0x8a, 0xb8, 0x01, 0x0f, 0x42, 0xa6, 0x13, 0xa2, 0x85, 0x66, 0xa4, 0x13, 0xa0, 0x8d, 0xa5, 0x1a
    dc.b    0xa1, 0xa9, 0x0c, 0x20, 0xaa, 0x66, 0xa4, 0x13, 0xa0, 0x8f, 0xa5, 0x1a, 0xa1, 0xab, 0x1a, 0x20
    dc.b    0xf2, 0x80, 0x00, 0x42, 0xa4, 0x23, 0xa0, 0x8f, 0x80, 0xf0, 0x42, 0xa6, 0x13, 0xa2, 0x8a, 0x66
    dc.b    0xa4, 0x13, 0xa0, 0x91, 0xa5, 0x1a, 0xa1, 0xad, 0x14, 0x30, 0xff, 0x22, 0x87, 0xac, 0x42, 0xa6
    dc.b    0x13, 0xa2, 0x8f, 0x66, 0xa4, 0x13, 0xa0, 0x93, 0xa5, 0x1a, 0xa1, 0xaf, 0x06, 0x42, 0xa6, 0x13
    dc.b    0xa2, 0x94, 0x11, 0x20, 0x86, 0x42, 0xa6, 0x13, 0xa2, 0x99, 0x66, 0xa4, 0x13, 0xa0, 0x91, 0xa5
    dc.b    0x1a, 0xa1, 0xad, 0x0a, 0x66, 0xa4, 0x13, 0xa0, 0x8f, 0xa5, 0x1a, 0xa1, 0xab, 0x13, 0x20, 0xaa
    dc.b    0x42, 0xa6, 0x13, 0xa2, 0x94, 0x66, 0xa4, 0x13, 0xa0, 0x8d, 0xa5, 0x1a, 0xa1, 0xa9, 0xb8, 0x01
    dc.b    0x0f, 0x42, 0xa6, 0x13, 0xa2, 0x8f, 0x66, 0xa4, 0x13, 0xa0, 0x8b, 0xa5, 0x1a, 0xa1, 0xa7, 0x09
    dc.b    0x22, 0x87, 0xa8, 0x42, 0xa6, 0x13, 0xa2, 0x8a, 0x18, 0x24, 0xa8, 0x09, 0xf2, 0x80, 0x00, 0x42
    dc.b    0xa4, 0x1b, 0xa0, 0x8f, 0x82, 0xf0, 0x02, 0x66, 0xa4, 0x13, 0xa0, 0x8d, 0xa5, 0x1a, 0xa1, 0xa9
    dc.b    0x0f, 0x30, 0xff, 0x22, 0x88, 0xaa, 0x66, 0xa4, 0x13, 0xa0, 0x8f, 0xa5, 0x1a, 0xa1, 0xab, 0x0a
    dc.b    0x66, 0xa4, 0x13, 0xa0, 0x91, 0xa5, 0x1a, 0xa1, 0xad, 0x0a, 0x66, 0xa4, 0x13, 0xa0, 0x93, 0xa5
    dc.b    0x1a, 0xa1, 0xaf, 0x01, 0x0f, 0x22, 0x87, 0xa8, 0x66, 0xa4, 0x13, 0xa0, 0x91, 0xa5, 0x1a, 0xa1
    dc.b    0xad, 0xb8, 0x03, 0x0a, 0x66, 0xa4, 0x13, 0xa0, 0x8f, 0xa5, 0x1a, 0xa1, 0xab, 0x0d, 0x22, 0x86
    dc.b    0xa6, 0x66, 0xa4, 0x13, 0xa0, 0x8d, 0xa5, 0x1a, 0xa1, 0xa9, 0x3a, 0x2a, 0x8e, 0x0b, 0xa3, 0x0e
    dc.b    0xb6, 0xf2, 0x80, 0x00, 0x42, 0xa4, 0x1a, 0xa0, 0x5e, 0x82, 0xf0, 0x01, 0x42, 0xa5, 0x0b, 0xa1
    dc.b    0x8f, 0x80, 0xf1, 0x42, 0xa5, 0x0b, 0xa1, 0x94, 0x80, 0x04, 0x62, 0xa4, 0x1a, 0xa0, 0x5e, 0x80
    dc.b    0xf4, 0x62, 0xa4, 0x1a, 0xa0, 0x60, 0x80, 0x05, 0x62, 0xa5, 0x1b, 0xa1, 0x8f, 0x80, 0xf5, 0x62
    dc.b    0xa5, 0x1b, 0xa1, 0x91, 0x14, 0x30, 0xff, 0x22, 0x8f, 0xa5, 0x42, 0xa5, 0x0b, 0xa1, 0x99, 0x66
    dc.b    0xa4, 0x1a, 0xa0, 0x62, 0xa5, 0x1b, 0xa1, 0x93, 0x01, 0x0f, 0x42, 0xa5, 0x0b, 0xa1, 0x94, 0x66
    dc.b    0xa4, 0x1a, 0xa0, 0x60, 0xa5, 0x1b, 0xa1, 0x91, 0x0f, 0x42, 0xa5, 0x0b, 0xa1, 0x8f, 0x66, 0xa4
    dc.b    0x1a, 0xa0, 0x5e, 0xa5, 0x1b, 0xa1, 0x8f, 0x12, 0x22, 0x8e, 0xa3, 0x42, 0xa5, 0x0b, 0xa1, 0x8a
    dc.b    0x66, 0xa4, 0x1a, 0xa0, 0x5c, 0xa5, 0x1b, 0xa1, 0x8d, 0x0f, 0x42, 0xa5, 0x0b, 0xa1, 0x85, 0x66
    dc.b    0xa4, 0x1a, 0xa0, 0x5a, 0xa5, 0x1b, 0xa1, 0x8b, 0x04, 0x22, 0x8d, 0xa1, 0x1a, 0x20, 0xf2, 0x80
    dc.b    0x01, 0x42, 0xa5, 0x12, 0xa1, 0x5e, 0x80, 0xf1, 0x42, 0xa5, 0x12, 0xa1, 0x63, 0x66, 0xa4, 0x1a
    dc.b    0xa0, 0x5c, 0xa5, 0x1b, 0xa1, 0x8d, 0x11, 0x30, 0xff, 0x42, 0xa5, 0x12, 0xa1, 0x68, 0x66, 0xa4
    dc.b    0x1a, 0xa0, 0x5e, 0xa5, 0x1b, 0xa1, 0x8f, 0x0a, 0x66, 0xa4, 0x1a, 0xa0, 0x60, 0xa5, 0x1b, 0xa1
    dc.b    0x91, 0x12, 0x22, 0x8e, 0xa3, 0x42, 0xa5, 0x12, 0xa1, 0x63, 0x66, 0xa4, 0x1a, 0xa0, 0x62, 0xa5
    dc.b    0x1b, 0xa1, 0x93, 0x06, 0x42, 0xa5, 0x12, 0xa1, 0x5e, 0x12, 0x22, 0x8f, 0xa5, 0x42, 0xa5, 0x12
    dc.b    0xa1, 0x59, 0x66, 0xa4, 0x1a, 0xa0, 0x60, 0xa5, 0x1b, 0xa1, 0x91, 0x0f, 0x42, 0xa5, 0x12, 0xa1
    dc.b    0x54, 0x66, 0xa4, 0x1a, 0xa0, 0x5e, 0xa5, 0x1b, 0xa1, 0x8f, 0x0a, 0x66, 0xa4, 0x1a, 0xa0, 0x5c
    dc.b    0xa5, 0x1b, 0xa1, 0x8d, 0x22, 0x20, 0xf2, 0x80, 0x00, 0x42, 0xa4, 0x22, 0xa0, 0x5e, 0x82, 0xf0
    dc.b    0x01, 0x42, 0xa5, 0x12, 0xa1, 0xd3, 0x80, 0xf1, 0x42, 0xa5, 0x12, 0xa1, 0xd8, 0x66, 0xa4, 0x1a
    dc.b    0xa0, 0x5a, 0xa5, 0x1b, 0xa1, 0x8b, 0x0b, 0x30, 0xff, 0x22, 0x8e, 0xa3, 0x42, 0xa5, 0x12, 0xa1
    dc.b    0xdd, 0x0a, 0x66, 0xa4, 0x1a, 0xa0, 0x5c, 0xa5, 0x1b, 0xa1, 0x8d, 0x12, 0x22, 0x8d, 0xa1, 0x42
    dc.b    0xa5, 0x12, 0xa1, 0xd8, 0x66, 0xa4, 0x1a, 0xa0, 0x5e, 0xa5, 0x1b, 0xa1, 0x8f, 0x0f, 0x42, 0xa5
    dc.b    0x12, 0xa1, 0xd3, 0x66, 0xa4, 0x1a, 0xa0, 0x60, 0xa5, 0x1b, 0xa1, 0x91, 0x11, 0x80, 0x00, 0x42
    dc.b    0xa5, 0x12, 0xa1, 0xce, 0x66, 0xa4, 0x1a, 0xa0, 0x62, 0xa5, 0x1b, 0xa1, 0x93, 0x06, 0x42, 0xa5
    dc.b    0x12, 0xa1, 0xc9, 0x0d, 0x22, 0x8e, 0xa3, 0x66, 0xa4, 0x1a, 0xa0, 0x60, 0xa5, 0x1b, 0xa1, 0x91
    dc.b    0x30, 0x20, 0xf2, 0x80, 0x00, 0x42, 0xa4, 0x1a, 0xa0, 0x5e, 0x82, 0xf0, 0x01, 0x42, 0xa5, 0x13
    dc.b    0xa1, 0x8f, 0x80, 0xf1, 0x42, 0xa5, 0x13, 0xa1, 0x94, 0x80, 0x02, 0x42, 0xa6, 0x0b, 0xa2, 0x8f
    dc.b    0x80, 0xf2, 0x42, 0xa6, 0x0b, 0xa2, 0x94, 0x66, 0xa4, 0x1a, 0xa0, 0x5e, 0xa5, 0x1b, 0xa1, 0x8f
    dc.b    0x18, 0x30, 0xff, 0x22, 0x8f, 0xa5, 0x46, 0xa5, 0x13, 0xa1, 0x99, 0xa6, 0x0b, 0xa2, 0x99, 0x66
    dc.b    0xa4, 0x1a, 0xa0, 0x5c, 0xa5, 0x1b, 0xa1, 0x8d, 0x0a, 0x66, 0xa4, 0x1a, 0xa0, 0x5a, 0xa5, 0x1b
    dc.b    0xa1, 0x8b, 0x0a, 0x46, 0xa5, 0x13, 0xa1, 0x94, 0xa6, 0x0b, 0xa2, 0x94, 0x13, 0x46, 0xa5, 0x13
    dc.b    0xa1, 0x8f, 0xa6, 0x0b, 0xa2, 0x8f, 0x66, 0xa4, 0x1a, 0xa0, 0x5c, 0xa5, 0x1b, 0xa1, 0x8d, 0x18
    dc.b    0x22, 0x8e, 0xa3, 0x46, 0xa5, 0x13, 0xa1, 0x8a, 0xa6, 0x0b, 0xa2, 0x8a, 0x66, 0xa4, 0x1a, 0xa0
    dc.b    0x5e, 0xa5, 0x1b, 0xa1, 0x8f, 0xb8, 0x01, 0x13, 0x46, 0xa5, 0x13, 0xa1, 0x85, 0xa6, 0x0b, 0xa2
    dc.b    0x85, 0x66, 0xa4, 0x1a, 0xa0, 0x60, 0xa5, 0x1b, 0xa1, 0x91, 0x0d, 0x22, 0x8d, 0xa1, 0x66, 0xa4
    dc.b    0x1a, 0xa0, 0x62, 0xa5, 0x1b, 0xa1, 0x93, 0x23, 0x26, 0x89, 0x0c, 0xa3, 0xf2, 0x82, 0x00, 0x01
    dc.b    0x42, 0xa5, 0x13, 0xa1, 0x2d, 0x80, 0xf1, 0x42, 0xa5, 0x13, 0xa1, 0x32, 0x80, 0x02, 0x42, 0xa6
    dc.b    0x12, 0xa2, 0x5e, 0x80, 0xf2, 0x42, 0xa6, 0x12, 0xa2, 0x63, 0x18, 0x30, 0xff, 0x22, 0x8a, 0xa5
    dc.b    0x46, 0xa5, 0x13, 0xa1, 0x37, 0xa6, 0x12, 0xa2, 0x68, 0x66, 0xa4, 0x1a, 0xa0, 0x60, 0xa5, 0x1b
    dc.b    0xa1, 0x91, 0x0a, 0x66, 0xa4, 0x1a, 0xa0, 0x5e, 0xa5, 0x1b, 0xa1, 0x8f, 0x13, 0x46, 0xa5, 0x13
    dc.b    0xa1, 0x32, 0xa6, 0x12, 0xa2, 0x63, 0x66, 0xa4, 0x1a, 0xa0, 0x5c, 0xa5, 0x1b, 0xa1, 0x8d, 0x13
    dc.b    0x46, 0xa5, 0x13, 0xa1, 0x2d, 0xa6, 0x12, 0xa2, 0x5e, 0x66, 0xa4, 0x1a, 0xa0, 0x5a, 0xa5, 0x1b
    dc.b    0xa1, 0x8b, 0x0d, 0x22, 0x89, 0xa3, 0x46, 0xa5, 0x13, 0xa1, 0x28, 0xa6, 0x12, 0xa2, 0x59, 0x13
    dc.b    0x46, 0xa5, 0x13, 0xa1, 0x23, 0xa6, 0x12, 0xa2, 0x54, 0x66, 0xa4, 0x1a, 0xa0, 0x5c, 0xa5, 0x1b
    dc.b    0xa1, 0x8d, 0x0d, 0x22, 0x88, 0xa1, 0x66, 0xa4, 0x1a, 0xa0, 0x5e, 0xa5, 0x1b, 0xa1, 0x8f, 0x30
    dc.b    0x20, 0xf2, 0x80, 0x00, 0x42, 0xa4, 0x22, 0xa0, 0x5e, 0x82, 0xf0, 0x01, 0x42, 0xa5, 0x12, 0xa1
    dc.b    0x5e, 0x80, 0xf1, 0x42, 0xa5, 0x12, 0xa1, 0x63, 0x80, 0x02, 0x42, 0xa6, 0x12, 0xa2, 0xd3, 0x80
    dc.b    0xf2, 0x42, 0xa6, 0x12, 0xa2, 0xd8, 0x66, 0xa4, 0x1a, 0xa0, 0x60, 0xa5, 0x1b, 0xa1, 0x91, 0x15
    dc.b    0x30, 0xff, 0x46, 0xa5, 0x12, 0xa1, 0x68, 0xa6, 0x12, 0xa2, 0xdd, 0x66, 0xa4, 0x1a, 0xa0, 0x62
    dc.b    0xa5, 0x1b, 0xa1, 0x93, 0x01, 0x16, 0x22, 0x89, 0xa3, 0x46, 0xa5, 0x12, 0xa1, 0x63, 0xa6, 0x12
    dc.b    0xa2, 0xd8, 0x66, 0xa4, 0x1a, 0xa0, 0x60, 0xa5, 0x1b, 0xa1, 0x91, 0x13, 0x46, 0xa5, 0x12, 0xa1
    dc.b    0x5e, 0xa6, 0x12, 0xa2, 0xd3, 0x66, 0xa4, 0x1a, 0xa0, 0x5e, 0xa5, 0x1b, 0xa1, 0x8f, 0x18, 0x22
    dc.b    0x8a, 0xa5, 0x46, 0xa5, 0x12, 0xa1, 0x59, 0xa6, 0x12, 0xa2, 0xce, 0x66, 0xa4, 0x1a, 0xa0, 0x5c
    dc.b    0xa5, 0x1b, 0xa1, 0x8d, 0xb8, 0x02, 0x13, 0x46, 0xa5, 0x12, 0xa1, 0x54, 0xa6, 0x12, 0xa2, 0xc9
    dc.b    0x66, 0xa4, 0x1a, 0xa0, 0x5a, 0xa5, 0x1b, 0xa1, 0x8b, 0x01, 0x28, 0x20, 0xf2, 0x80, 0x01, 0x42
    dc.b    0xa5, 0x1a, 0xa1, 0x5e, 0x80, 0xf1, 0x42, 0xa5, 0x1a, 0xa1, 0x63, 0x80, 0x02, 0x42, 0xa6, 0x13
    dc.b    0xa2, 0x8f, 0x80, 0xf2, 0x42, 0xa6, 0x13, 0xa2, 0x94, 0x66, 0xa4, 0x1a, 0xa0, 0x5c, 0xa5, 0x1b
    dc.b    0xa1, 0x8d, 0x18, 0x30, 0xff, 0x22, 0x89, 0xa3, 0x46, 0xa5, 0x1a, 0xa1, 0x68, 0xa6, 0x13, 0xa2
    dc.b    0x99, 0x66, 0xa4, 0x1a, 0xa0, 0x5e, 0xa5, 0x1b, 0xa1, 0x8f, 0x0a, 0x66, 0xa4, 0x1a, 0xa0, 0x60
    dc.b    0xa5, 0x1b, 0xa1, 0x91, 0x16, 0x22, 0x88, 0xa1, 0x46, 0xa5, 0x1a, 0xa1, 0x63, 0xa6, 0x13, 0xa2
    dc.b    0x94, 0x66, 0xa4, 0x1a, 0xa0, 0x62, 0xa5, 0x1b, 0xa1, 0x93, 0x0a, 0x46, 0xa5, 0x1a, 0xa1, 0x5e
    dc.b    0xa6, 0x13, 0xa2, 0x8f, 0x13, 0x46, 0xa5, 0x1a, 0xa1, 0x59, 0xa6, 0x13, 0xa2, 0x8a, 0x66, 0xa4
    dc.b    0x1a, 0xa0, 0x60, 0xa5, 0x1b, 0xa1, 0x91, 0x13, 0x46, 0xa5, 0x1a, 0xa1, 0x54, 0xa6, 0x13, 0xa2
    dc.b    0x85, 0x66, 0xa4, 0x1a, 0xa0, 0x5e, 0xa5, 0x1b, 0xa1, 0x8f, 0x0d, 0x22, 0x89, 0xa3, 0x66, 0xa4
    dc.b    0x1a, 0xa0, 0x5c, 0xa5, 0x1b, 0xa1, 0x8d, 0x2a, 0x20, 0xf2, 0x84, 0x00, 0xf0, 0x01, 0x42, 0xa5
    dc.b    0x12, 0xa1, 0x5e, 0x80, 0xf1, 0x42, 0xa5, 0x12, 0xa1, 0x63, 0x80, 0x02, 0x42, 0xa6, 0x13, 0xa2
    dc.b    0x2d, 0x80, 0xf2, 0x42, 0xa6, 0x13, 0xa2, 0x32, 0x66, 0xa4, 0x1a, 0xa0, 0x5a, 0xa5, 0x1b, 0xa1
    dc.b    0x8b, 0x0f, 0x30, 0xff, 0x22, 0x8a, 0xa5, 0x46, 0xa5, 0x12, 0xa1, 0x68, 0xa6, 0x13, 0xa2, 0x37
    dc.b    0x0a, 0x66, 0xa4, 0x1a, 0xa0, 0x5c, 0xa5, 0x1b, 0xa1, 0x8d, 0x13, 0x46, 0xa5, 0x12, 0xa1, 0x63
    dc.b    0xa6, 0x13, 0xa2, 0x32, 0x66, 0xa4, 0x1a, 0xa0, 0x5e, 0xa5, 0x1b, 0xa1, 0x8f, 0x13, 0x46, 0xa5
    dc.b    0x12, 0xa1, 0x5e, 0xa6, 0x13, 0xa2, 0x2d, 0x66, 0xa4, 0x1a, 0xa0, 0x60, 0xa5, 0x1b, 0xa1, 0x91
    dc.b    0x1a, 0x22, 0x89, 0xa3, 0x80, 0x00, 0x46, 0xa5, 0x12, 0xa1, 0x59, 0xa6, 0x13, 0xa2, 0x28, 0x66
    dc.b    0xa4, 0x1a, 0xa0, 0x62, 0xa5, 0x1b, 0xa1, 0x93, 0xb8, 0x02, 0x0a, 0x46, 0xa5, 0x12, 0xa1, 0x54
    dc.b    0xa6, 0x13, 0xa2, 0x23, 0x0d, 0x22, 0x88, 0xa1, 0x66, 0xa4, 0x1a, 0xa0, 0x60, 0xa5, 0x1b, 0xa1
    dc.b    0x91, 0x33, 0x26, 0x89, 0x0a, 0xa3, 0xf2, 0x80, 0x00, 0x42, 0xa4, 0x1a, 0xa0, 0x5e, 0x82, 0xf0
    dc.b    0x01, 0x42, 0xa5, 0x12, 0xa1, 0xd3, 0x80, 0xf1, 0x42, 0xa5, 0x12, 0xa1, 0xd8, 0x80, 0x02, 0x42
    dc.b    0xa6, 0x12, 0xa2, 0x5e, 0x80, 0xf2, 0x42, 0xa6, 0x12, 0xa2, 0x63, 0x66, 0xa4, 0x1a, 0xa0, 0x5e
    dc.b    0xa5, 0x1b, 0xa1, 0x8f, 0x18, 0x30, 0xff, 0x22, 0x8a, 0xa5, 0x46, 0xa5, 0x12, 0xa1, 0xdd, 0xa6
    dc.b    0x12, 0xa2, 0x68, 0x66, 0xa4, 0x1a, 0xa0, 0x5c, 0xa5, 0x1b, 0xa1, 0x8d, 0x0a, 0x66, 0xa4, 0x1a
    dc.b    0xa0, 0x5a, 0xa5, 0x1b, 0xa1, 0x8b, 0x0a, 0x46, 0xa5, 0x12, 0xa1, 0xd8, 0xa6, 0x12, 0xa2, 0x63
    dc.b    0x13, 0x46, 0xa5, 0x12, 0xa1, 0xd3, 0xa6, 0x12, 0xa2, 0x5e, 0x66, 0xa4, 0x1a, 0xa0, 0x5c, 0xa5
    dc.b    0x1b, 0xa1, 0x8d, 0x16, 0x22, 0x89, 0xa3, 0x46, 0xa5, 0x12, 0xa1, 0xce, 0xa6, 0x12, 0xa2, 0x59
    dc.b    0x66, 0xa4, 0x1a, 0xa0, 0x5e, 0xa5, 0x1b, 0xa1, 0x8f, 0x13, 0x46, 0xa5, 0x12, 0xa1, 0xc9, 0xa6
    dc.b    0x12, 0xa2, 0x54, 0x66, 0xa4, 0x1a, 0xa0, 0x60, 0xa5, 0x1b, 0xa1, 0x91, 0x0d, 0x22, 0x88, 0xa1
    dc.b    0x66, 0xa4, 0x1a, 0xa0, 0x62, 0xa5, 0x1b, 0xa1, 0x93, 0x1f, 0x20, 0xf2, 0x80, 0x01, 0x42, 0xa5
    dc.b    0x12, 0xa1, 0x5e, 0x80, 0xf1, 0x42, 0xa5, 0x12, 0xa1, 0x63, 0x80, 0x02, 0x42, 0xa6, 0x1a, 0xa2
    dc.b    0x5e, 0x80, 0xf2, 0x42, 0xa6, 0x1a, 0xa2, 0x63, 0x15, 0x30, 0xff, 0x46, 0xa5, 0x12, 0xa1, 0x68
    dc.b    0xa6, 0x1a, 0xa2, 0x68, 0x66, 0xa4, 0x1a, 0xa0, 0x60, 0xa5, 0x1b, 0xa1, 0x91, 0x0a, 0x66, 0xa4
    dc.b    0x1a, 0xa0, 0x5e, 0xa5, 0x1b, 0xa1, 0x8f, 0x16, 0x22, 0x89, 0xa3, 0x46, 0xa5, 0x12, 0xa1, 0x63
    dc.b    0xa6, 0x1a, 0xa2, 0x63, 0x66, 0xa4, 0x1a, 0xa0, 0x5c, 0xa5, 0x1b, 0xa1, 0x8d, 0x13, 0x46, 0xa5
    dc.b    0x12, 0xa1, 0x5e, 0xa6, 0x1a, 0xa2, 0x5e, 0x66, 0xa4, 0x1a, 0xa0, 0x5a, 0xa5, 0x1b, 0xa1, 0x8b
    dc.b    0x0d, 0x22, 0x8a, 0xa5, 0x46, 0xa5, 0x12, 0xa1, 0x59, 0xa6, 0x1a, 0xa2, 0x59, 0x13, 0x46, 0xa5
    dc.b    0x12, 0xa1, 0x54, 0xa6, 0x1a, 0xa2, 0x54, 0x66, 0xa4, 0x1a, 0xa0, 0x5c, 0xa5, 0x1b, 0xa1, 0x8d
    dc.b    0x0a, 0x66, 0xa4, 0x1a, 0xa0, 0x5e, 0xa5, 0x1b, 0xa1, 0x8f, 0x30, 0x20, 0xf2, 0x80, 0x00, 0x42
    dc.b    0xa4, 0x22, 0xa0, 0x5e, 0x82, 0xf0, 0x01, 0x42, 0xa5, 0x1a, 0xa1, 0x5e, 0x80, 0xf1, 0x42, 0xa5
    dc.b    0x1a, 0xa1, 0x63, 0x80, 0x02, 0x42, 0xa6, 0x12, 0xa2, 0x5e, 0x80, 0xf2, 0x42, 0xa6, 0x12, 0xa2
    dc.b    0x63, 0x66, 0xa4, 0x1a, 0xa0, 0x60, 0xa5, 0x1b, 0xa1, 0x91, 0x18, 0x30, 0xff, 0x22, 0x89, 0xa3
    dc.b    0x46, 0xa5, 0x1a, 0xa1, 0x68, 0xa6, 0x12, 0xa2, 0x68, 0x66, 0xa4, 0x1a, 0xa0, 0x62, 0xa5, 0x1b
    dc.b    0xa1, 0x93, 0x01, 0x16, 0x22, 0x88, 0xa1, 0x46, 0xa5, 0x1a, 0xa1, 0x63, 0xa6, 0x12, 0xa2, 0x63
    dc.b    0x66, 0xa4, 0x1a, 0xa0, 0x60, 0xa5, 0x1b, 0xa1, 0x91, 0x13, 0x46, 0xa5, 0x1a, 0xa1, 0x5e, 0xa6
    dc.b    0x12, 0xa2, 0x5e, 0x66, 0xa4, 0x1a, 0xa0, 0x5e, 0xa5, 0x1b, 0xa1, 0x8f, 0x17, 0x80, 0x00, 0x46
    dc.b    0xa5, 0x1a, 0xa1, 0x59, 0xa6, 0x12, 0xa2, 0x59, 0x66, 0xa4, 0x1a, 0xa0, 0x5c, 0xa5, 0x1b, 0xa1
    dc.b    0x8d, 0xb8, 0x02, 0x13, 0x46, 0xa5, 0x1a, 0xa1, 0x54, 0xa6, 0x12, 0xa2, 0x54, 0x66, 0xa4, 0x1a
    dc.b    0xa0, 0x5a, 0xa5, 0x1b, 0xa1, 0x8b, 0x04, 0x22, 0x89, 0xa3, 0x30, 0x20, 0xf2, 0x80, 0x00, 0x42
    dc.b    0xa4, 0x1a, 0xa0, 0x5e, 0x82, 0xf0, 0x01, 0x42, 0xa5, 0x12, 0xa1, 0x5e, 0x80, 0xf1, 0x42, 0xa5
    dc.b    0x12, 0xa1, 0x63, 0x80, 0x02, 0x42, 0xa6, 0x12, 0xa2, 0xd3, 0x80, 0xf2, 0x42, 0xa6, 0x12, 0xa2
    dc.b    0xd8, 0x66, 0xa4, 0x1a, 0xa0, 0x5c, 0xa5, 0x1b, 0xa1, 0x8d, 0x18, 0x30, 0xff, 0x22, 0x8a, 0xa5
    dc.b    0x46, 0xa5, 0x12, 0xa1, 0x68, 0xa6, 0x12, 0xa2, 0xdd, 0x66, 0xa4, 0x1a, 0xa0, 0x5e, 0xa5, 0x1b
    dc.b    0xa1, 0x8f, 0x0a, 0x66, 0xa4, 0x1a, 0xa0, 0x60, 0xa5, 0x1b, 0xa1, 0x91, 0x13, 0x46, 0xa5, 0x12
    dc.b    0xa1, 0x63, 0xa6, 0x12, 0xa2, 0xd8, 0x66, 0xa4, 0x1a, 0xa0, 0x62, 0xa5, 0x1b, 0xa1, 0x93, 0x0a
    dc.b    0x46, 0xa5, 0x12, 0xa1, 0x5e, 0xa6, 0x12, 0xa2, 0xd3, 0x18, 0x22, 0x89, 0xa3, 0x46, 0xa5, 0x12
    dc.b    0xa1, 0x59, 0xa6, 0x12, 0xa2, 0xce, 0x66, 0xa4, 0x1a, 0xa0, 0x60, 0xa5, 0x1b, 0xa1, 0x91, 0xb8
    dc.b    0x01, 0x13, 0x46, 0xa5, 0x12, 0xa1, 0x54, 0xa6, 0x12, 0xa2, 0xc9, 0x66, 0xa4, 0x1a, 0xa0, 0x5e
    dc.b    0xa5, 0x1b, 0xa1, 0x8f, 0x0d, 0x22, 0x88, 0xa1, 0x66, 0xa4, 0x1a, 0xa0, 0x5c, 0xa5, 0x1b, 0xa1
    dc.b    0x8d, 0x2d, 0x28, 0x89, 0x0c, 0xa0, 0x0f, 0xf2, 0x82, 0x00, 0x01, 0x42, 0xa5, 0x13, 0xa1, 0x2d
    dc.b    0x80, 0xf1, 0x42, 0xa5, 0x13, 0xa1, 0x32, 0x80, 0x02, 0x42, 0xa6, 0x12, 0xa2, 0x5e, 0x80, 0xf2
    dc.b    0x42, 0xa6, 0x12, 0xa2, 0x63, 0x66, 0xa4, 0x1a, 0xa0, 0x5a, 0xa5, 0x1b, 0xa1, 0x8b, 0x0f, 0x30
    dc.b    0xff, 0x22, 0x8a, 0xa2, 0x46, 0xa5, 0x13, 0xa1, 0x37, 0xa6, 0x12, 0xa2, 0x68, 0x0a, 0x66, 0xa4
    dc.b    0x1a, 0xa0, 0x5c, 0xa5, 0x1b, 0xa1, 0x8d, 0x13, 0x46, 0xa5, 0x13, 0xa1, 0x32, 0xa6, 0x12, 0xa2
    dc.b    0x63, 0x66, 0xa4, 0x1a, 0xa0, 0x5e, 0xa5, 0x1b, 0xa1, 0x8f, 0x13, 0x46, 0xa5, 0x13, 0xa1, 0x2d
    dc.b    0xa6, 0x12, 0xa2, 0x5e, 0x66, 0xa4, 0x1a, 0xa0, 0x60, 0xa5, 0x1b, 0xa1, 0x91, 0x18, 0x22, 0x89
    dc.b    0xa0, 0x46, 0xa5, 0x13, 0xa1, 0x28, 0xa6, 0x12, 0xa2, 0x59, 0x66, 0xa4, 0x1a, 0xa0, 0x62, 0xa5
    dc.b    0x1b, 0xa1, 0x93, 0xb8, 0x02, 0x0a, 0x46, 0xa5, 0x13, 0xa1, 0x23, 0xa6, 0x12, 0xa2, 0x54, 0x0e
    dc.b    0x24, 0x88, 0xae, 0x0e, 0x66, 0xa4, 0x1a, 0xa0, 0x60, 0xa5, 0x1b, 0xa1, 0x91, 0x2a, 0x20, 0xf2
    dc.b    0x84, 0x00, 0xf0, 0x01, 0x42, 0xa5, 0x12, 0xa1, 0xab, 0x80, 0xf1, 0x42, 0xa5, 0x12, 0xa1, 0xb0
    dc.b    0x80, 0x02, 0x42, 0xa6, 0x1a, 0xa2, 0x5e, 0x80, 0xf2, 0x42, 0xa6, 0x1a, 0xa2, 0x63, 0x66, 0xa4
    dc.b    0x1a, 0xa0, 0x5e, 0xa5, 0x1b, 0xa1, 0x8f, 0x15, 0x30, 0xff, 0x46, 0xa5, 0x12, 0xa1, 0xb5, 0xa6
    dc.b    0x1a, 0xa2, 0x68, 0x66, 0xa4, 0x1a, 0xa0, 0x5c, 0xa5, 0x1b, 0xa1, 0x8d, 0x0a, 0x66, 0xa4, 0x1a
    dc.b    0xa0, 0x5a, 0xa5, 0x1b, 0xa1, 0x8b, 0x0e, 0x24, 0x89, 0xa0, 0x0f, 0x46, 0xa5, 0x12, 0xa1, 0xb0
    dc.b    0xa6, 0x1a, 0xa2, 0x63, 0x13, 0x46, 0xa5, 0x12, 0xa1, 0xab, 0xa6, 0x1a, 0xa2, 0x5e, 0x66, 0xa4
    dc.b    0x1a, 0xa0, 0x5c, 0xa5, 0x1b, 0xa1, 0x8d, 0x16, 0x22, 0x8a, 0xa2, 0x46, 0xa5, 0x12, 0xa1, 0xa6
    dc.b    0xa6, 0x1a, 0xa2, 0x59, 0x66, 0xa4, 0x1a, 0xa0, 0x5e, 0xa5, 0x1b, 0xa1, 0x8f, 0x13, 0x46, 0xa5
    dc.b    0x12, 0xa1, 0xa1, 0xa6, 0x1a, 0xa2, 0x54, 0x66, 0xa4, 0x1a, 0xa0, 0x60, 0xa5, 0x1b, 0xa1, 0x91
    dc.b    0x0a, 0x66, 0xa4, 0x1a, 0xa0, 0x62, 0xa5, 0x1b, 0xa1, 0x93, 0x27, 0x20, 0xf0, 0x80, 0x00, 0x42
    dc.b    0xa4, 0x22, 0xa0, 0x5e, 0x82, 0xf0, 0x01, 0x42, 0xa5, 0x14, 0xa1, 0x7c, 0x80, 0xf1, 0x42, 0xa5
    dc.b    0x14, 0xa1, 0x81, 0x80, 0x02, 0x42, 0xa6, 0x12, 0xa2, 0x5e, 0x80, 0xf2, 0x42, 0xa6, 0x12, 0xa2
    dc.b    0x63, 0x16, 0x22, 0x89, 0xa0, 0x46, 0xa5, 0x14, 0xa1, 0x86, 0xa6, 0x12, 0xa2, 0x68, 0x66, 0xa4
    dc.b    0x1a, 0xa0, 0x60, 0xa5, 0x1b, 0xa1, 0x91, 0x0c, 0x20, 0xf2, 0x66, 0xa4, 0x1a, 0xa0, 0x5e, 0xa5
    dc.b    0x1b, 0xa1, 0x8f, 0x19, 0x30, 0xf3, 0x24, 0x88, 0xae, 0x0e, 0x46, 0xa5, 0x14, 0xa1, 0x81, 0xa6
    dc.b    0x12, 0xa2, 0x63, 0x66, 0xa4, 0x1a, 0xa0, 0x5c, 0xa5, 0x1b, 0xa1, 0x8d, 0x15, 0x20, 0xf4, 0x46
    dc.b    0xa5, 0x14, 0xa1, 0x7c, 0xa6, 0x12, 0xa2, 0x5e, 0x66, 0xa4, 0x1a, 0xa0, 0x5a, 0xa5, 0x1b, 0xa1
    dc.b    0x8b, 0x0c, 0x46, 0xa5, 0x14, 0xa1, 0x77, 0xa6, 0x12, 0xa2, 0x59, 0xb8, 0x02, 0x15, 0x30, 0xf5
    dc.b    0x46, 0xa5, 0x14, 0xa1, 0x72, 0xa6, 0x12, 0xa2, 0x54, 0x66, 0xa4, 0x1a, 0xa0, 0x5c, 0xa5, 0x1b
    dc.b    0xa1, 0x8d, 0x0e, 0x24, 0x89, 0xa0, 0x0f, 0x66, 0xa4, 0x1a, 0xa0, 0x5e, 0xa5, 0x1b, 0xa1, 0x8f
    dc.b    0x26, 0x80, 0x01, 0x42, 0xa5, 0x12, 0xa1, 0xab, 0x80, 0xf1, 0x42, 0xa5, 0x12, 0xa1, 0xb0, 0x80
    dc.b    0x02, 0x42, 0xa6, 0x13, 0xa2, 0x2d, 0x80, 0xf2, 0x42, 0xa6, 0x13, 0xa2, 0x32, 0x66, 0xa4, 0x1a
    dc.b    0xa0, 0x60, 0xa5, 0x1b, 0xa1, 0x91, 0x17, 0x24, 0x8a, 0xa2, 0xf6, 0x46, 0xa5, 0x12, 0xa1, 0xb5
    dc.b    0xa6, 0x13, 0xa2, 0x37, 0x66, 0xa4, 0x1a, 0xa0, 0x62, 0xa5, 0x1b, 0xa1, 0x93, 0x01, 0x13, 0x46
    dc.b    0xa5, 0x12, 0xa1, 0xb0, 0xa6, 0x13, 0xa2, 0x32, 0x66, 0xa4, 0x1a, 0xa0, 0x60, 0xa5, 0x1b, 0xa1
    dc.b    0x91, 0x13, 0x46, 0xa5, 0x12, 0xa1, 0xab, 0xa6, 0x13, 0xa2, 0x2d, 0x66, 0xa4, 0x1a, 0xa0, 0x5e
    dc.b    0xa5, 0x1b, 0xa1, 0x8f, 0x18, 0x22, 0x89, 0xa0, 0x46, 0xa5, 0x12, 0xa1, 0xa6, 0xa6, 0x13, 0xa2
    dc.b    0x28, 0x66, 0xa4, 0x1a, 0xa0, 0x5c, 0xa5, 0x1b, 0xa1, 0x8d, 0xb8, 0x02, 0x13, 0x46, 0xa5, 0x12
    dc.b    0xa1, 0xa1, 0xa6, 0x13, 0xa2, 0x23, 0x66, 0xa4, 0x1a, 0xa0, 0x5a, 0xa5, 0x1b, 0xa1, 0x8b, 0x05
    dc.b    0x24, 0x88, 0xae, 0x0e, 0x47, 0x28, 0x8e, 0x0b, 0xae, 0x11, 0xf2, 0x80, 0x00, 0x42, 0xa4, 0x13
    dc.b    0xa0, 0xc5, 0x82, 0xf0, 0x01, 0x42, 0xa5, 0x0b, 0xa1, 0x8f, 0x80, 0xf1, 0x42, 0xa5, 0x0b, 0xa1
    dc.b    0x94, 0x80, 0x02, 0x42, 0xa6, 0x12, 0xa2, 0xab, 0x80, 0xf2, 0x42, 0xa6, 0x12, 0xa2, 0xb0, 0x80
    dc.b    0x04, 0x62, 0xa4, 0x13, 0xa0, 0xc5, 0x80, 0xf4, 0x62, 0xa4, 0x13, 0xa0, 0xc7, 0x80, 0x05, 0x62
    dc.b    0xa5, 0x1a, 0xa1, 0xd3, 0x80, 0xf5, 0x62, 0xa5, 0x1a, 0xa1, 0xd5, 0x19, 0x30, 0xff, 0x24, 0x8f
    dc.b    0xa0, 0x12, 0x46, 0xa5, 0x0b, 0xa1, 0x99, 0xa6, 0x12, 0xa2, 0xb5, 0x66, 0xa4, 0x13, 0xa0, 0xc9
    dc.b    0xa5, 0x1a, 0xa1, 0xd7, 0x01, 0x13, 0x46, 0xa5, 0x0b, 0xa1, 0x94, 0xa6, 0x12, 0xa2, 0xb0, 0x66
    dc.b    0xa4, 0x13, 0xa0, 0xc7, 0xa5, 0x1a, 0xa1, 0xd5, 0x13, 0x46, 0xa5, 0x0b, 0xa1, 0x8f, 0xa6, 0x12
    dc.b    0xa2, 0xab, 0x66, 0xa4, 0x13, 0xa0, 0xc5, 0xa5, 0x1a, 0xa1, 0xd3, 0x17, 0x24, 0x8e, 0xae, 0x11
    dc.b    0x46, 0xa5, 0x0b, 0xa1, 0x8a, 0xa6, 0x12, 0xa2, 0xa6, 0x66, 0xa4, 0x13, 0xa0, 0xc3, 0xa5, 0x1a
    dc.b    0xa1, 0xd1, 0x13, 0x46, 0xa5, 0x0b, 0xa1, 0x85, 0xa6, 0x12, 0xa2, 0xa1, 0x66, 0xa4, 0x13, 0xa0
    dc.b    0xc1, 0xa5, 0x1a, 0xa1, 0xcf, 0x04, 0x22, 0x8d, 0xac, 0x29, 0x20, 0xf2, 0x82, 0x00, 0x01, 0x42
    dc.b    0xa5, 0x12, 0xa1, 0x5e, 0x80, 0xf1, 0x42, 0xa5, 0x12, 0xa1, 0x63, 0x80, 0x02, 0x42, 0xa6, 0x14
    dc.b    0xa2, 0x7c, 0x80, 0xf2, 0x42, 0xa6, 0x14, 0xa2, 0x81, 0x66, 0xa4, 0x13, 0xa0, 0xc3, 0xa5, 0x1a
    dc.b    0xa1, 0xd1, 0x15, 0x30, 0xff, 0x46, 0xa5, 0x12, 0xa1, 0x68, 0xa6, 0x14, 0xa2, 0x86, 0x66, 0xa4
    dc.b    0x13, 0xa0, 0xc5, 0xa5, 0x1a, 0xa1, 0xd3, 0x0a, 0x66, 0xa4, 0x13, 0xa0, 0xc7, 0xa5, 0x1a, 0xa1
    dc.b    0xd5, 0x16, 0x22, 0x8e, 0xae, 0x46, 0xa5, 0x12, 0xa1, 0x63, 0xa6, 0x14, 0xa2, 0x81, 0x66, 0xa4
    dc.b    0x13, 0xa0, 0xc9, 0xa5, 0x1a, 0xa1, 0xd7, 0x0a, 0x46, 0xa5, 0x12, 0xa1, 0x5e, 0xa6, 0x14, 0xa2
    dc.b    0x7c, 0x17, 0x24, 0x8f, 0xa0, 0x12, 0x46, 0xa5, 0x12, 0xa1, 0x59, 0xa6, 0x14, 0xa2, 0x77, 0x66
    dc.b    0xa4, 0x13, 0xa0, 0xc7, 0xa5, 0x1a, 0xa1, 0xd5, 0x13, 0x46, 0xa5, 0x12, 0xa1, 0x54, 0xa6, 0x14
    dc.b    0xa2, 0x72, 0x66, 0xa4, 0x13, 0xa0, 0xc5, 0xa5, 0x1a, 0xa1, 0xd3, 0x0a, 0x66, 0xa4, 0x13, 0xa0
    dc.b    0xc3, 0xa5, 0x1a, 0xa1, 0xd1, 0x30, 0x20, 0xf2, 0x80, 0x00, 0x42, 0xa4, 0x1b, 0xa0, 0xc5, 0x82
    dc.b    0xf0, 0x01, 0x42, 0xa5, 0x12, 0xa1, 0xd3, 0x80, 0xf1, 0x42, 0xa5, 0x12, 0xa1, 0xd8, 0x80, 0x02
    dc.b    0x42, 0xa6, 0x12, 0xa2, 0xab, 0x80, 0xf2, 0x42, 0xa6, 0x12, 0xa2, 0xb0, 0x66, 0xa4, 0x13, 0xa0
    dc.b    0xc1, 0xa5, 0x1a, 0xa1, 0xcf, 0x10, 0x30, 0xff, 0x24, 0x8e, 0xae, 0x11, 0x46, 0xa5, 0x12, 0xa1
    dc.b    0xdd, 0xa6, 0x12, 0xa2, 0xb5, 0x0a, 0x66, 0xa4, 0x13, 0xa0, 0xc3, 0xa5, 0x1a, 0xa1, 0xd1, 0x16
    dc.b    0x22, 0x8d, 0xac, 0x46, 0xa5, 0x12, 0xa1, 0xd8, 0xa6, 0x12, 0xa2, 0xb0, 0x66, 0xa4, 0x13, 0xa0
    dc.b    0xc5, 0xa5, 0x1a, 0xa1, 0xd3, 0x13, 0x46, 0xa5, 0x12, 0xa1, 0xd3, 0xa6, 0x12, 0xa2, 0xab, 0x66
    dc.b    0xa4, 0x13, 0xa0, 0xc7, 0xa5, 0x1a, 0xa1, 0xd5, 0x13, 0x46, 0xa5, 0x12, 0xa1, 0xce, 0xa6, 0x12
    dc.b    0xa2, 0xa6, 0x66, 0xa4, 0x13, 0xa0, 0xc9, 0xa5, 0x1a, 0xa1, 0xd7, 0x0a, 0x46, 0xa5, 0x12, 0xa1
    dc.b    0xc9, 0xa6, 0x12, 0xa2, 0xa1, 0x0d, 0x22, 0x8e, 0xae, 0x66, 0xa4, 0x13, 0xa0, 0xc7, 0xa5, 0x1a
    dc.b    0xa1, 0xd5, 0x28, 0x20, 0xf2, 0x80, 0x01, 0x42, 0xa5, 0x13, 0xa1, 0x8f, 0x80, 0xf1, 0x42, 0xa5
    dc.b    0x13, 0xa1, 0x94, 0x80, 0x02, 0x42, 0xa6, 0x0b, 0xa2, 0x8f, 0x80, 0xf2, 0x42, 0xa6, 0x0b, 0xa2
    dc.b    0x94, 0x66, 0xa4, 0x13, 0xa0, 0xc5, 0xa5, 0x1a, 0xa1, 0xd3, 0x19, 0x30, 0xff, 0x24, 0x8f, 0xa0
    dc.b    0x12, 0x46, 0xa5, 0x13, 0xa1, 0x99, 0xa6, 0x0b, 0xa2, 0x99, 0x66, 0xa4, 0x13, 0xa0, 0xc3, 0xa5
    dc.b    0x1a, 0xa1, 0xd1, 0x0a, 0x66, 0xa4, 0x13, 0xa0, 0xc1, 0xa5, 0x1a, 0xa1, 0xcf, 0x0a, 0x46, 0xa5
    dc.b    0x13, 0xa1, 0x94, 0xa6, 0x0b, 0xa2, 0x94, 0x13, 0x46, 0xa5, 0x13, 0xa1, 0x8f, 0xa6, 0x0b, 0xa2
    dc.b    0x8f, 0x66, 0xa4, 0x13, 0xa0, 0xc3, 0xa5, 0x1a, 0xa1, 0xd1, 0x19, 0x24, 0x8e, 0xae, 0x11, 0x46
    dc.b    0xa5, 0x13, 0xa1, 0x8a, 0xa6, 0x0b, 0xa2, 0x8a, 0x66, 0xa4, 0x13, 0xa0, 0xc5, 0xa5, 0x1a, 0xa1
    dc.b    0xd3, 0xb8, 0x01, 0x13, 0x46, 0xa5, 0x13, 0xa1, 0x85, 0xa6, 0x0b, 0xa2, 0x85, 0x66, 0xa4, 0x13
    dc.b    0xa0, 0xc7, 0xa5, 0x1a, 0xa1, 0xd5, 0x0d, 0x22, 0x8d, 0xac, 0x66, 0xa4, 0x13, 0xa0, 0xc9, 0xa5
    dc.b    0x1a, 0xa1, 0xd7, 0x23, 0x26, 0x89, 0x0c, 0xae, 0xf2, 0x82, 0x00, 0x01, 0x42, 0xa5, 0x13, 0xa1
    dc.b    0x2d, 0x80, 0xf1, 0x42, 0xa5, 0x13, 0xa1, 0x32, 0x80, 0x02, 0x42, 0xa6, 0x12, 0xa2, 0x5e, 0x80
    dc.b    0xf2, 0x42, 0xa6, 0x12, 0xa2, 0x63, 0x19, 0x30, 0xff, 0x24, 0x8a, 0xa0, 0x12, 0x46, 0xa5, 0x13
    dc.b    0xa1, 0x37, 0xa6, 0x12, 0xa2, 0x68, 0x66, 0xa4, 0x13, 0xa0, 0xc7, 0xa5, 0x1a, 0xa1, 0xd5, 0x0a
    dc.b    0x66, 0xa4, 0x13, 0xa0, 0xc5, 0xa5, 0x1a, 0xa1, 0xd3, 0x13, 0x46, 0xa5, 0x13, 0xa1, 0x32, 0xa6
    dc.b    0x12, 0xa2, 0x63, 0x66, 0xa4, 0x13, 0xa0, 0xc3, 0xa5, 0x1a, 0xa1, 0xd1, 0x13, 0x46, 0xa5, 0x13
    dc.b    0xa1, 0x2d, 0xa6, 0x12, 0xa2, 0x5e, 0x66, 0xa4, 0x13, 0xa0, 0xc1, 0xa5, 0x1a, 0xa1, 0xcf, 0x0e
    dc.b    0x24, 0x89, 0xae, 0x11, 0x46, 0xa5, 0x13, 0xa1, 0x28, 0xa6, 0x12, 0xa2, 0x59, 0x13, 0x46, 0xa5
    dc.b    0x13, 0xa1, 0x23, 0xa6, 0x12, 0xa2, 0x54, 0x66, 0xa4, 0x13, 0xa0, 0xc3, 0xa5, 0x1a, 0xa1, 0xd1
    dc.b    0x0d, 0x22, 0x88, 0xac, 0x66, 0xa4, 0x13, 0xa0, 0xc5, 0xa5, 0x1a, 0xa1, 0xd3, 0x30, 0x20, 0xf2
    dc.b    0x80, 0x00, 0x42, 0xa4, 0x13, 0xa0, 0xc5, 0x82, 0xf0, 0x01, 0x42, 0xa5, 0x12, 0xa1, 0x5e, 0x80
    dc.b    0xf1, 0x42, 0xa5, 0x12, 0xa1, 0x63, 0x80, 0x02, 0x42, 0xa6, 0x12, 0xa2, 0xd3, 0x80, 0xf2, 0x42
    dc.b    0xa6, 0x12, 0xa2, 0xd8, 0x66, 0xa4, 0x13, 0xa0, 0xc7, 0xa5, 0x1a, 0xa1, 0xd5, 0x15, 0x30, 0xff
    dc.b    0x46, 0xa5, 0x12, 0xa1, 0x68, 0xa6, 0x12, 0xa2, 0xdd, 0x66, 0xa4, 0x13, 0xa0, 0xc9, 0xa5, 0x1a
    dc.b    0xa1, 0xd7, 0x01, 0x16, 0x22, 0x89, 0xae, 0x46, 0xa5, 0x12, 0xa1, 0x63, 0xa6, 0x12, 0xa2, 0xd8
    dc.b    0x66, 0xa4, 0x13, 0xa0, 0xc7, 0xa5, 0x1a, 0xa1, 0xd5, 0x13, 0x46, 0xa5, 0x12, 0xa1, 0x5e, 0xa6
    dc.b    0x12, 0xa2, 0xd3, 0x66, 0xa4, 0x13, 0xa0, 0xc5, 0xa5, 0x1a, 0xa1, 0xd3, 0x19, 0x24, 0x8a, 0xa0
    dc.b    0x12, 0x46, 0xa5, 0x12, 0xa1, 0x59, 0xa6, 0x12, 0xa2, 0xce, 0x66, 0xa4, 0x13, 0xa0, 0xc3, 0xa5
    dc.b    0x1a, 0xa1, 0xd1, 0xb8, 0x02, 0x13, 0x46, 0xa5, 0x12, 0xa1, 0x54, 0xa6, 0x12, 0xa2, 0xc9, 0x66
    dc.b    0xa4, 0x13, 0xa0, 0xc1, 0xa5, 0x1a, 0xa1, 0xcf, 0x01, 0x28, 0x20, 0xf2, 0x80, 0x01, 0x42, 0xa5
    dc.b    0x1a, 0xa1, 0x5e, 0x80, 0xf1, 0x42, 0xa5, 0x1a, 0xa1, 0x63, 0x80, 0x02, 0x42, 0xa6, 0x13, 0xa2
    dc.b    0x8f, 0x80, 0xf2, 0x42, 0xa6, 0x13, 0xa2, 0x94, 0x66, 0xa4, 0x13, 0xa0, 0xc3, 0xa5, 0x1a, 0xa1
    dc.b    0xd1, 0x19, 0x30, 0xff, 0x24, 0x89, 0xae, 0x11, 0x46, 0xa5, 0x1a, 0xa1, 0x68, 0xa6, 0x13, 0xa2
    dc.b    0x99, 0x66, 0xa4, 0x13, 0xa0, 0xc5, 0xa5, 0x1a, 0xa1, 0xd3, 0x0a, 0x66, 0xa4, 0x13, 0xa0, 0xc7
    dc.b    0xa5, 0x1a, 0xa1, 0xd5, 0x16, 0x22, 0x88, 0xac, 0x46, 0xa5, 0x1a, 0xa1, 0x63, 0xa6, 0x13, 0xa2
    dc.b    0x94, 0x66, 0xa4, 0x13, 0xa0, 0xc9, 0xa5, 0x1a, 0xa1, 0xd7, 0x0a, 0x46, 0xa5, 0x1a, 0xa1, 0x5e
    dc.b    0xa6, 0x13, 0xa2, 0x8f, 0x13, 0x46, 0xa5, 0x1a, 0xa1, 0x59, 0xa6, 0x13, 0xa2, 0x8a, 0x66, 0xa4
    dc.b    0x13, 0xa0, 0xc7, 0xa5, 0x1a, 0xa1, 0xd5, 0x13, 0x46, 0xa5, 0x1a, 0xa1, 0x54, 0xa6, 0x13, 0xa2
    dc.b    0x85, 0x66, 0xa4, 0x13, 0xa0, 0xc5, 0xa5, 0x1a, 0xa1, 0xd3, 0x0d, 0x22, 0x89, 0xae, 0x66, 0xa4
    dc.b    0x13, 0xa0, 0xc3, 0xa5, 0x1a, 0xa1, 0xd1, 0x28, 0x20, 0xf2, 0x80, 0x01, 0x42, 0xa5, 0x12, 0xa1
    dc.b    0x5e, 0x80, 0xf1, 0x42, 0xa5, 0x12, 0xa1, 0x63, 0x80, 0x02, 0x42, 0xa6, 0x13, 0xa2, 0x2d, 0x80
    dc.b    0xf2, 0x42, 0xa6, 0x13, 0xa2, 0x32, 0x66, 0xa4, 0x13, 0xa0, 0xc1, 0xa5, 0x1a, 0xa1, 0xcf, 0x10
    dc.b    0x30, 0xff, 0x24, 0x8a, 0xa0, 0x12, 0x46, 0xa5, 0x12, 0xa1, 0x68, 0xa6, 0x13, 0xa2, 0x37, 0x0a
    dc.b    0x66, 0xa4, 0x13, 0xa0, 0xc3, 0xa5, 0x1a, 0xa1, 0xd1, 0x13, 0x46, 0xa5, 0x12, 0xa1, 0x63, 0xa6
    dc.b    0x13, 0xa2, 0x32, 0x66, 0xa4, 0x13, 0xa0, 0xc5, 0xa5, 0x1a, 0xa1, 0xd3, 0x13, 0x46, 0xa5, 0x12
    dc.b    0xa1, 0x5e, 0xa6, 0x13, 0xa2, 0x2d, 0x66, 0xa4, 0x13, 0xa0, 0xc7, 0xa5, 0x1a, 0xa1, 0xd5, 0x19
    dc.b    0x24, 0x89, 0xae, 0x11, 0x46, 0xa5, 0x12, 0xa1, 0x59, 0xa6, 0x13, 0xa2, 0x28, 0x66, 0xa4, 0x13
    dc.b    0xa0, 0xc9, 0xa5, 0x1a, 0xa1, 0xd7, 0xb8, 0x02, 0x0a, 0x46, 0xa5, 0x12, 0xa1, 0x54, 0xa6, 0x13
    dc.b    0xa2, 0x23, 0x0d, 0x22, 0x88, 0xac, 0x66, 0xa4, 0x13, 0xa0, 0xc7, 0xa5, 0x1a, 0xa1, 0xd5, 0x47
    dc.b    0x28, 0x89, 0x0a, 0xa3, 0x0e, 0xf2, 0x80, 0x00, 0x42, 0xa4, 0x13, 0xa0, 0x5c, 0x82, 0xf0, 0x01
    dc.b    0x42, 0xa5, 0x12, 0xa1, 0xd3, 0x80, 0xf1, 0x42, 0xa5, 0x12, 0xa1, 0xd8, 0x80, 0x02, 0x42, 0xa6
    dc.b    0x12, 0xa2, 0x5e, 0x80, 0xf2, 0x42, 0xa6, 0x12, 0xa2, 0x63, 0x80, 0x04, 0x62, 0xa4, 0x13, 0xa0
    dc.b    0x5c, 0x80, 0xf4, 0x62, 0xa4, 0x13, 0xa0, 0x5e, 0x80, 0x05, 0x62, 0xa5, 0x1a, 0xa1, 0x84, 0x80
    dc.b    0xf5, 0x62, 0xa5, 0x1a, 0xa1, 0x86, 0x18, 0x30, 0xff, 0x22, 0x8a, 0xa5, 0x46, 0xa5, 0x12, 0xa1
    dc.b    0xdd, 0xa6, 0x12, 0xa2, 0x68, 0x66, 0xa4, 0x13, 0xa0, 0x60, 0xa5, 0x1a, 0xa1, 0x88, 0x01, 0x13
    dc.b    0x46, 0xa5, 0x12, 0xa1, 0xd8, 0xa6, 0x12, 0xa2, 0x63, 0x66, 0xa4, 0x13, 0xa0, 0x5e, 0xa5, 0x1a
    dc.b    0xa1, 0x86, 0x13, 0x46, 0xa5, 0x12, 0xa1, 0xd3, 0xa6, 0x12, 0xa2, 0x5e, 0x66, 0xa4, 0x13, 0xa0
    dc.b    0x5c, 0xa5, 0x1a, 0xa1, 0x84, 0x16, 0x22, 0x89, 0xa3, 0x46, 0xa5, 0x12, 0xa1, 0xce, 0xa6, 0x12
    dc.b    0xa2, 0x59, 0x66, 0xa4, 0x13, 0xa0, 0x5a, 0xa5, 0x1a, 0xa1, 0x82, 0x13, 0x46, 0xa5, 0x12, 0xa1
    dc.b    0xc9, 0xa6, 0x12, 0xa2, 0x54, 0x66, 0xa4, 0x13, 0xa0, 0x58, 0xa5, 0x1a, 0xa1, 0x80, 0x04, 0x22
    dc.b    0x88, 0xa1, 0x28, 0x20, 0xf2, 0x80, 0x01, 0x42, 0xa5, 0x12, 0xa1, 0x5e, 0x80, 0xf1, 0x42, 0xa5
    dc.b    0x12, 0xa1, 0x63, 0x80, 0x02, 0x42, 0xa6, 0x1a, 0xa2, 0x5e, 0x80, 0xf2, 0x42, 0xa6, 0x1a, 0xa2
    dc.b    0x63, 0x66, 0xa4, 0x13, 0xa0, 0x5a, 0xa5, 0x1a, 0xa1, 0x82, 0x15, 0x30, 0xff, 0x46, 0xa5, 0x12
    dc.b    0xa1, 0x68, 0xa6, 0x1a, 0xa2, 0x68, 0x66, 0xa4, 0x13, 0xa0, 0x5c, 0xa5, 0x1a, 0xa1, 0x84, 0x0a
    dc.b    0x66, 0xa4, 0x13, 0xa0, 0x5e, 0xa5, 0x1a, 0xa1, 0x86, 0x16, 0x22, 0x89, 0xa3, 0x46, 0xa5, 0x12
    dc.b    0xa1, 0x63, 0xa6, 0x1a, 0xa2, 0x63, 0x66, 0xa4, 0x13, 0xa0, 0x60, 0xa5, 0x1a, 0xa1, 0x88, 0x0a
    dc.b    0x46, 0xa5, 0x12, 0xa1, 0x5e, 0xa6, 0x1a, 0xa2, 0x5e, 0x16, 0x22, 0x8a, 0xa5, 0x46, 0xa5, 0x12
    dc.b    0xa1, 0x59, 0xa6, 0x1a, 0xa2, 0x59, 0x66, 0xa4, 0x13, 0xa0, 0x5e, 0xa5, 0x1a, 0xa1, 0x86, 0x13
    dc.b    0x46, 0xa5, 0x12, 0xa1, 0x54, 0xa6, 0x1a, 0xa2, 0x54, 0x66, 0xa4, 0x13, 0xa0, 0x5c, 0xa5, 0x1a
    dc.b    0xa1, 0x84, 0x0a, 0x66, 0xa4, 0x13, 0xa0, 0x5a, 0xa5, 0x1a, 0xa1, 0x82, 0x30, 0x20, 0xf2, 0x80
    dc.b    0x00, 0x42, 0xa4, 0x1b, 0xa0, 0x5c, 0x82, 0xf0, 0x01, 0x42, 0xa5, 0x1a, 0xa1, 0x5e, 0x80, 0xf1
    dc.b    0x42, 0xa5, 0x1a, 0xa1, 0x63, 0x80, 0x02, 0x42, 0xa6, 0x12, 0xa2, 0x5e, 0x80, 0xf2, 0x42, 0xa6
    dc.b    0x12, 0xa2, 0x63, 0x66, 0xa4, 0x13, 0xa0, 0x58, 0xa5, 0x1a, 0xa1, 0x80, 0x0f, 0x30, 0xff, 0x22
    dc.b    0x89, 0xa3, 0x46, 0xa5, 0x1a, 0xa1, 0x68, 0xa6, 0x12, 0xa2, 0x68, 0x0a, 0x66, 0xa4, 0x13, 0xa0
    dc.b    0x5a, 0xa5, 0x1a, 0xa1, 0x82, 0x16, 0x22, 0x88, 0xa1, 0x46, 0xa5, 0x1a, 0xa1, 0x63, 0xa6, 0x12
    dc.b    0xa2, 0x63, 0x66, 0xa4, 0x13, 0xa0, 0x5c, 0xa5, 0x1a, 0xa1, 0x84, 0x13, 0x46, 0xa5, 0x1a, 0xa1
    dc.b    0x5e, 0xa6, 0x12, 0xa2, 0x5e, 0x66, 0xa4, 0x13, 0xa0, 0x5e, 0xa5, 0x1a, 0xa1, 0x86, 0x17, 0x80
    dc.b    0x00, 0x46, 0xa5, 0x1a, 0xa1, 0x59, 0xa6, 0x12, 0xa2, 0x59, 0x66, 0xa4, 0x13, 0xa0, 0x60, 0xa5
    dc.b    0x1a, 0xa1, 0x88, 0xb8, 0x02, 0x0a, 0x46, 0xa5, 0x1a, 0xa1, 0x54, 0xa6, 0x12, 0xa2, 0x54, 0x0d
    dc.b    0x22, 0x89, 0xa3, 0x66, 0xa4, 0x13, 0xa0, 0x5e, 0xa5, 0x1a, 0xa1, 0x86, 0x28, 0x20, 0xf2, 0x80
    dc.b    0x01, 0x42, 0xa5, 0x12, 0xa1, 0x5e, 0x80, 0xf1, 0x42, 0xa5, 0x12, 0xa1, 0x63, 0x80, 0x02, 0x42
    dc.b    0xa6, 0x12, 0xa2, 0xd3, 0x80, 0xf2, 0x42, 0xa6, 0x12, 0xa2, 0xd8, 0x66, 0xa4, 0x13, 0xa0, 0x5c
    dc.b    0xa5, 0x1a, 0xa1, 0x84, 0x18, 0x30, 0xff, 0x22, 0x8a, 0xa5, 0x46, 0xa5, 0x12, 0xa1, 0x68, 0xa6
    dc.b    0x12, 0xa2, 0xdd, 0x66, 0xa4, 0x13, 0xa0, 0x5a, 0xa5, 0x1a, 0xa1, 0x82, 0x0a, 0x66, 0xa4, 0x13
    dc.b    0xa0, 0x58, 0xa5, 0x1a, 0xa1, 0x80, 0x0a, 0x46, 0xa5, 0x12, 0xa1, 0x63, 0xa6, 0x12, 0xa2, 0xd8
    dc.b    0x13, 0x46, 0xa5, 0x12, 0xa1, 0x5e, 0xa6, 0x12, 0xa2, 0xd3, 0x66, 0xa4, 0x13, 0xa0, 0x5a, 0xa5
    dc.b    0x1a, 0xa1, 0x82, 0x18, 0x22, 0x89, 0xa3, 0x46, 0xa5, 0x12, 0xa1, 0x59, 0xa6, 0x12, 0xa2, 0xce
    dc.b    0x66, 0xa4, 0x13, 0xa0, 0x5c, 0xa5, 0x1a, 0xa1, 0x84, 0xb8, 0x01, 0x13, 0x46, 0xa5, 0x12, 0xa1
    dc.b    0x54, 0xa6, 0x12, 0xa2, 0xc9, 0x66, 0xa4, 0x13, 0xa0, 0x5e, 0xa5, 0x1a, 0xa1, 0x86, 0x0d, 0x22
    dc.b    0x88, 0xa1, 0x66, 0xa4, 0x13, 0xa0, 0x60, 0xa5, 0x1a, 0xa1, 0x88, 0x47, 0x28, 0x89, 0x0c, 0xa0
    dc.b    0x0f, 0xf2, 0x80, 0x00, 0x42, 0xa4, 0x13, 0xa0, 0x8f, 0x82, 0xf0, 0x01, 0x42, 0xa5, 0x12, 0xa1
    dc.b    0xab, 0x80, 0xf1, 0x42, 0xa5, 0x12, 0xa1, 0xb0, 0x80, 0x02, 0x42, 0xa6, 0x12, 0xa2, 0x5e, 0x80
    dc.b    0xf2, 0x42, 0xa6, 0x12, 0xa2, 0x63, 0x80, 0x04, 0x62, 0xa4, 0x13, 0xa0, 0x8f, 0x80, 0xf4, 0x62
    dc.b    0xa4, 0x13, 0xa0, 0x91, 0x80, 0x05, 0x62, 0xa5, 0x1a, 0xa1, 0xab, 0x80, 0xf5, 0x62, 0xa5, 0x1a
    dc.b    0xa1, 0xad, 0x18, 0x30, 0xff, 0x22, 0x8a, 0xa2, 0x46, 0xa5, 0x12, 0xa1, 0xb5, 0xa6, 0x12, 0xa2
    dc.b    0x68, 0x66, 0xa4, 0x13, 0xa0, 0x93, 0xa5, 0x1a, 0xa1, 0xaf, 0x01, 0x13, 0x46, 0xa5, 0x12, 0xa1
    dc.b    0xb0, 0xa6, 0x12, 0xa2, 0x63, 0x66, 0xa4, 0x13, 0xa0, 0x91, 0xa5, 0x1a, 0xa1, 0xad, 0x13, 0x46
    dc.b    0xa5, 0x12, 0xa1, 0xab, 0xa6, 0x12, 0xa2, 0x5e, 0x66, 0xa4, 0x13, 0xa0, 0x8f, 0xa5, 0x1a, 0xa1
    dc.b    0xab, 0x18, 0x22, 0x89, 0xa0, 0x46, 0xa5, 0x12, 0xa1, 0xa6, 0xa6, 0x12, 0xa2, 0x59, 0x66, 0xa4
    dc.b    0x13, 0xa0, 0x8d, 0xa5, 0x1a, 0xa1, 0xa9, 0xb8, 0x02, 0x13, 0x46, 0xa5, 0x12, 0xa1, 0xa1, 0xa6
    dc.b    0x12, 0xa2, 0x54, 0x66, 0xa4, 0x13, 0xa0, 0x8b, 0xa5, 0x1a, 0xa1, 0xa7, 0x05, 0x24, 0x88, 0xae
    dc.b    0x0e, 0x28, 0x20, 0xf2, 0x80, 0x01, 0x42, 0xa5, 0x0c, 0xa1, 0x7c, 0x80, 0xf1, 0x42, 0xa5, 0x0c
    dc.b    0xa1, 0x81, 0x80, 0x02, 0x42, 0xa6, 0x1a, 0xa2, 0x5e, 0x80, 0xf2, 0x42, 0xa6, 0x1a, 0xa2, 0x63
    dc.b    0x66, 0xa4, 0x13, 0xa0, 0x8d, 0xa5, 0x1a, 0xa1, 0xa9, 0x15, 0x30, 0xff, 0x46, 0xa5, 0x0c, 0xa1
    dc.b    0x86, 0xa6, 0x1a, 0xa2, 0x68, 0x66, 0xa4, 0x13, 0xa0, 0x8f, 0xa5, 0x1a, 0xa1, 0xab, 0x0a, 0x66
    dc.b    0xa4, 0x13, 0xa0, 0x91, 0xa5, 0x1a, 0xa1, 0xad, 0x17, 0x24, 0x89, 0xa0, 0x0f, 0x46, 0xa5, 0x0c
    dc.b    0xa1, 0x81, 0xa6, 0x1a, 0xa2, 0x63, 0x66, 0xa4, 0x13, 0xa0, 0x93, 0xa5, 0x1a, 0xa1, 0xaf, 0x0a
    dc.b    0x46, 0xa5, 0x0c, 0xa1, 0x7c, 0xa6, 0x1a, 0xa2, 0x5e, 0x16, 0x22, 0x8a, 0xa2, 0x46, 0xa5, 0x0c
    dc.b    0xa1, 0x77, 0xa6, 0x1a, 0xa2, 0x59, 0x66, 0xa4, 0x13, 0xa0, 0x91, 0xa5, 0x1a, 0xa1, 0xad, 0x13
    dc.b    0x46, 0xa5, 0x0c, 0xa1, 0x72, 0xa6, 0x1a, 0xa2, 0x54, 0x66, 0xa4, 0x13, 0xa0, 0x8f, 0xa5, 0x1a
    dc.b    0xa1, 0xab, 0x0a, 0x66, 0xa4, 0x13, 0xa0, 0x8d, 0xa5, 0x1a, 0xa1, 0xa9, 0x30, 0x20, 0xf0, 0x80
    dc.b    0x00, 0x42, 0xa4, 0x1b, 0xa0, 0x8f, 0x82, 0xf0, 0x01, 0x42, 0xa5, 0x14, 0xa1, 0x7c, 0x80, 0xf1
    dc.b    0x42, 0xa5, 0x14, 0xa1, 0x81, 0x80, 0x02, 0x42, 0xa6, 0x12, 0xa2, 0x5e, 0x80, 0xf2, 0x42, 0xa6
    dc.b    0x12, 0xa2, 0x63, 0x66, 0xa4, 0x13, 0xa0, 0x8b, 0xa5, 0x1a, 0xa1, 0xa7, 0x0d, 0x22, 0x89, 0xa0
    dc.b    0x46, 0xa5, 0x14, 0xa1, 0x86, 0xa6, 0x12, 0xa2, 0x68, 0x0c, 0x20, 0xf2, 0x66, 0xa4, 0x13, 0xa0
    dc.b    0x8d, 0xa5, 0x1a, 0xa1, 0xa9, 0x19, 0x30, 0xf3, 0x24, 0x88, 0xae, 0x0e, 0x46, 0xa5, 0x14, 0xa1
    dc.b    0x81, 0xa6, 0x12, 0xa2, 0x63, 0x66, 0xa4, 0x13, 0xa0, 0x8f, 0xa5, 0x1a, 0xa1, 0xab, 0x15, 0x20
    dc.b    0xf4, 0x46, 0xa5, 0x14, 0xa1, 0x7c, 0xa6, 0x12, 0xa2, 0x5e, 0x66, 0xa4, 0x13, 0xa0, 0x91, 0xa5
    dc.b    0x1a, 0xa1, 0xad, 0x17, 0x80, 0x00, 0x46, 0xa5, 0x14, 0xa1, 0x77, 0xa6, 0x12, 0xa2, 0x59, 0x66
    dc.b    0xa4, 0x13, 0xa0, 0x93, 0xa5, 0x1a, 0xa1, 0xaf, 0xb8, 0x02, 0x0c, 0x30, 0xf5, 0x46, 0xa5, 0x14
    dc.b    0xa1, 0x72, 0xa6, 0x12, 0xa2, 0x54, 0x0e, 0x24, 0x89, 0xa0, 0x0f, 0x66, 0xa4, 0x13, 0xa0, 0x91
    dc.b    0xa5, 0x1a, 0xa1, 0xad, 0x26, 0x80, 0x01, 0x42, 0xa5, 0x0c, 0xa1, 0x7c, 0x80, 0xf1, 0x42, 0xa5
    dc.b    0x0c, 0xa1, 0x81, 0x80, 0x02, 0x42, 0xa6, 0x12, 0xa2, 0xab, 0x80, 0xf2, 0x42, 0xa6, 0x12, 0xa2
    dc.b    0xb0, 0x66, 0xa4, 0x13, 0xa0, 0x8f, 0xa5, 0x1a, 0xa1, 0xab, 0x17, 0x24, 0x8a, 0xa2, 0xf6, 0x46
    dc.b    0xa5, 0x0c, 0xa1, 0x86, 0xa6, 0x12, 0xa2, 0xb5, 0x66, 0xa4, 0x13, 0xa0, 0x8d, 0xa5, 0x1a, 0xa1
    dc.b    0xa9, 0x0a, 0x66, 0xa4, 0x13, 0xa0, 0x8b, 0xa5, 0x1a, 0xa1, 0xa7, 0x0a, 0x46, 0xa5, 0x0c, 0xa1
    dc.b    0x81, 0xa6, 0x12, 0xa2, 0xb0, 0x13, 0x46, 0xa5, 0x0c, 0xa1, 0x7c, 0xa6, 0x12, 0xa2, 0xab, 0x66
    dc.b    0xa4, 0x13, 0xa0, 0x8d, 0xa5, 0x1a, 0xa1, 0xa9, 0x18, 0x22, 0x89, 0xa0, 0x46, 0xa5, 0x0c, 0xa1
    dc.b    0x77, 0xa6, 0x12, 0xa2, 0xa6, 0x66, 0xa4, 0x13, 0xa0, 0x8f, 0xa5, 0x1a, 0xa1, 0xab, 0xb8, 0x02
    dc.b    0x13, 0x46, 0xa5, 0x0c, 0xa1, 0x72, 0xa6, 0x12, 0xa2, 0xa1, 0x66, 0xa4, 0x13, 0xa0, 0x91, 0xa5
    dc.b    0x1a, 0xa1, 0xad, 0x0e, 0x24, 0x88, 0xae, 0x0e, 0x66, 0xa4, 0x13, 0xa0, 0x93, 0xa5, 0x1a, 0xa1
    dc.b    0xaf, 0x46, 0x26, 0x8e, 0x0b, 0xa3, 0xf2, 0x80, 0x00, 0x42, 0xa4, 0x1a, 0xa0, 0x5e, 0x82, 0xf0
    dc.b    0x01, 0x42, 0xa5, 0x0b, 0xa1, 0x8f, 0x80, 0xf1, 0x42, 0xa5, 0x0b, 0xa1, 0x94, 0x80, 0x02, 0x42
    dc.b    0xa6, 0x0c, 0xa2, 0x7c, 0x80, 0xf2, 0x42, 0xa6, 0x0c, 0xa2, 0x81, 0x80, 0x04, 0x62, 0xa4, 0x1a
    dc.b    0xa0, 0x5e, 0x80, 0xf4, 0x62, 0xa4, 0x1a, 0xa0, 0x60, 0x80, 0x05, 0x62, 0xa5, 0x1b, 0xa1, 0x8f
    dc.b    0x80, 0xf5, 0x62, 0xa5, 0x1b, 0xa1, 0x91, 0x18, 0x30, 0xff, 0x22, 0x8f, 0xa5, 0x46, 0xa5, 0x0b
    dc.b    0xa1, 0x99, 0xa6, 0x0c, 0xa2, 0x86, 0x66, 0xa4, 0x1a, 0xa0, 0x62, 0xa5, 0x1b, 0xa1, 0x93, 0x01
    dc.b    0x13, 0x46, 0xa5, 0x0b, 0xa1, 0x94, 0xa6, 0x0c, 0xa2, 0x81, 0x66, 0xa4, 0x1a, 0xa0, 0x60, 0xa5
    dc.b    0x1b, 0xa1, 0x91, 0x13, 0x46, 0xa5, 0x0b, 0xa1, 0x8f, 0xa6, 0x0c, 0xa2, 0x7c, 0x66, 0xa4, 0x1a
    dc.b    0xa0, 0x5e, 0xa5, 0x1b, 0xa1, 0x8f, 0x16, 0x22, 0x8e, 0xa3, 0x46, 0xa5, 0x0b, 0xa1, 0x8a, 0xa6
    dc.b    0x0c, 0xa2, 0x77, 0x66, 0xa4, 0x1a, 0xa0, 0x5c, 0xa5, 0x1b, 0xa1, 0x8d, 0x13, 0x46, 0xa5, 0x0b
    dc.b    0xa1, 0x85, 0xa6, 0x0c, 0xa2, 0x72, 0x66, 0xa4, 0x1a, 0xa0, 0x5a, 0xa5, 0x1b, 0xa1, 0x8b, 0x04
    dc.b    0x22, 0x8d, 0xa1, 0x28, 0x20, 0xf2, 0x80, 0x01, 0x42, 0xa5, 0x12, 0xa1, 0x5e, 0x80, 0xf1, 0x42
    dc.b    0xa5, 0x12, 0xa1, 0x63, 0x80, 0x02, 0x42, 0xa6, 0x14, 0xa2, 0x7c, 0x80, 0xf2, 0x42, 0xa6, 0x14
    dc.b    0xa2, 0x81, 0x66, 0xa4, 0x1a, 0xa0, 0x5c, 0xa5, 0x1b, 0xa1, 0x8d, 0x15, 0x30, 0xff, 0x46, 0xa5
    dc.b    0x12, 0xa1, 0x68, 0xa6, 0x14, 0xa2, 0x86, 0x66, 0xa4, 0x1a, 0xa0, 0x5e, 0xa5, 0x1b, 0xa1, 0x8f
    dc.b    0x0a, 0x66, 0xa4, 0x1a, 0xa0, 0x60, 0xa5, 0x1b, 0xa1, 0x91, 0x16, 0x22, 0x8e, 0xa3, 0x46, 0xa5
    dc.b    0x12, 0xa1, 0x63, 0xa6, 0x14, 0xa2, 0x81, 0x66, 0xa4, 0x1a, 0xa0, 0x62, 0xa5, 0x1b, 0xa1, 0x93
    dc.b    0x0a, 0x46, 0xa5, 0x12, 0xa1, 0x5e, 0xa6, 0x14, 0xa2, 0x7c, 0x16, 0x22, 0x8f, 0xa5, 0x46, 0xa5
    dc.b    0x12, 0xa1, 0x59, 0xa6, 0x14, 0xa2, 0x77, 0x66, 0xa4, 0x1a, 0xa0, 0x60, 0xa5, 0x1b, 0xa1, 0x91
    dc.b    0x13, 0x46, 0xa5, 0x12, 0xa1, 0x54, 0xa6, 0x14, 0xa2, 0x72, 0x66, 0xa4, 0x1a, 0xa0, 0x5e, 0xa5
    dc.b    0x1b, 0xa1, 0x8f, 0x0a, 0x66, 0xa4, 0x1a, 0xa0, 0x5c, 0xa5, 0x1b, 0xa1, 0x8d, 0x30, 0x20, 0xf2
    dc.b    0x80, 0x00, 0x42, 0xa4, 0x22, 0xa0, 0x5e, 0x82, 0xf0, 0x01, 0x42, 0xa5, 0x12, 0xa1, 0xd3, 0x80
    dc.b    0xf1, 0x42, 0xa5, 0x12, 0xa1, 0xd8, 0x80, 0x02, 0x42, 0xa6, 0x0c, 0xa2, 0x7c, 0x80, 0xf2, 0x42
    dc.b    0xa6, 0x0c, 0xa2, 0x81, 0x66, 0xa4, 0x1a, 0xa0, 0x5a, 0xa5, 0x1b, 0xa1, 0x8b, 0x0f, 0x30, 0xff
    dc.b    0x22, 0x8e, 0xa3, 0x46, 0xa5, 0x12, 0xa1, 0xdd, 0xa6, 0x0c, 0xa2, 0x86, 0x0a, 0x66, 0xa4, 0x1a
    dc.b    0xa0, 0x5c, 0xa5, 0x1b, 0xa1, 0x8d, 0x16, 0x22, 0x8d, 0xa1, 0x46, 0xa5, 0x12, 0xa1, 0xd8, 0xa6
    dc.b    0x0c, 0xa2, 0x81, 0x66, 0xa4, 0x1a, 0xa0, 0x5e, 0xa5, 0x1b, 0xa1, 0x8f, 0x13, 0x46, 0xa5, 0x12
    dc.b    0xa1, 0xd3, 0xa6, 0x0c, 0xa2, 0x7c, 0x66, 0xa4, 0x1a, 0xa0, 0x60, 0xa5, 0x1b, 0xa1, 0x91, 0x15
    dc.b    0x80, 0x00, 0x46, 0xa5, 0x12, 0xa1, 0xce, 0xa6, 0x0c, 0xa2, 0x77, 0x66, 0xa4, 0x1a, 0xa0, 0x62
    dc.b    0xa5, 0x1b, 0xa1, 0x93, 0x0a, 0x46, 0xa5, 0x12, 0xa1, 0xc9, 0xa6, 0x0c, 0xa2, 0x72, 0x0d, 0x22
    dc.b    0x8e, 0xa3, 0x66, 0xa4, 0x1a, 0xa0, 0x60, 0xa5, 0x1b, 0xa1, 0x91, 0x30, 0x20, 0xf2, 0x80, 0x00
    dc.b    0x42, 0xa4, 0x1a, 0xa0, 0x5e, 0x82, 0xf0, 0x01, 0x42, 0xa5, 0x13, 0xa1, 0x8f, 0x80, 0xf1, 0x42
    dc.b    0xa5, 0x13, 0xa1, 0x94, 0x80, 0x02, 0x42, 0xa6, 0x0b, 0xa2, 0x8f, 0x80, 0xf2, 0x42, 0xa6, 0x0b
    dc.b    0xa2, 0x94, 0x66, 0xa4, 0x1a, 0xa0, 0x5e, 0xa5, 0x1b, 0xa1, 0x8f, 0x18, 0x30, 0xff, 0x22, 0x8f
    dc.b    0xa5, 0x46, 0xa5, 0x13, 0xa1, 0x99, 0xa6, 0x0b, 0xa2, 0x99, 0x66, 0xa4, 0x1a, 0xa0, 0x5c, 0xa5
    dc.b    0x1b, 0xa1, 0x8d, 0x0a, 0x66, 0xa4, 0x1a, 0xa0, 0x5a, 0xa5, 0x1b, 0xa1, 0x8b, 0x0a, 0x46, 0xa5
    dc.b    0x13, 0xa1, 0x94, 0xa6, 0x0b, 0xa2, 0x94, 0x13, 0x46, 0xa5, 0x13, 0xa1, 0x8f, 0xa6, 0x0b, 0xa2
    dc.b    0x8f, 0x66, 0xa4, 0x1a, 0xa0, 0x5c, 0xa5, 0x1b, 0xa1, 0x8d, 0x18, 0x22, 0x8e, 0xa3, 0x46, 0xa5
    dc.b    0x13, 0xa1, 0x8a, 0xa6, 0x0b, 0xa2, 0x8a, 0x66, 0xa4, 0x1a, 0xa0, 0x5e, 0xa5, 0x1b, 0xa1, 0x8f
    dc.b    0xb8, 0x01, 0x13, 0x46, 0xa5, 0x13, 0xa1, 0x85, 0xa6, 0x0b, 0xa2, 0x85, 0x66, 0xa4, 0x1a, 0xa0
    dc.b    0x60, 0xa5, 0x1b, 0xa1, 0x91, 0x0d, 0x22, 0x8d, 0xa1, 0x66, 0xa4, 0x1a, 0xa0, 0x62, 0xa5, 0x1b
    dc.b    0xa1, 0x93, 0x23, 0x26, 0x89, 0x0c, 0xa3, 0xf2, 0x82, 0x00, 0x01, 0x42, 0xa5, 0x13, 0xa1, 0x2d
    dc.b    0x80, 0xf1, 0x42, 0xa5, 0x13, 0xa1, 0x32, 0x80, 0x02, 0x42, 0xa6, 0x12, 0xa2, 0x5e, 0x80, 0xf2
    dc.b    0x42, 0xa6, 0x12, 0xa2, 0x63, 0x18, 0x30, 0xff, 0x22, 0x8a, 0xa5, 0x46, 0xa5, 0x13, 0xa1, 0x37
    dc.b    0xa6, 0x12, 0xa2, 0x68, 0x66, 0xa4, 0x1a, 0xa0, 0x60, 0xa5, 0x1b, 0xa1, 0x91, 0x0a, 0x66, 0xa4
    dc.b    0x1a, 0xa0, 0x5e, 0xa5, 0x1b, 0xa1, 0x8f, 0x13, 0x46, 0xa5, 0x13, 0xa1, 0x32, 0xa6, 0x12, 0xa2
    dc.b    0x63, 0x66, 0xa4, 0x1a, 0xa0, 0x5c, 0xa5, 0x1b, 0xa1, 0x8d, 0x13, 0x46, 0xa5, 0x13, 0xa1, 0x2d
    dc.b    0xa6, 0x12, 0xa2, 0x5e, 0x66, 0xa4, 0x1a, 0xa0, 0x5a, 0xa5, 0x1b, 0xa1, 0x8b, 0x0d, 0x22, 0x89
    dc.b    0xa3, 0x46, 0xa5, 0x13, 0xa1, 0x28, 0xa6, 0x12, 0xa2, 0x59, 0x13, 0x46, 0xa5, 0x13, 0xa1, 0x23
    dc.b    0xa6, 0x12, 0xa2, 0x54, 0x66, 0xa4, 0x1a, 0xa0, 0x5c, 0xa5, 0x1b, 0xa1, 0x8d, 0x0d, 0x22, 0x88
    dc.b    0xa1, 0x66, 0xa4, 0x1a, 0xa0, 0x5e, 0xa5, 0x1b, 0xa1, 0x8f, 0x30, 0x20, 0xf2, 0x80, 0x00, 0x42
    dc.b    0xa4, 0x22, 0xa0, 0x5e, 0x82, 0xf0, 0x01, 0x42, 0xa5, 0x12, 0xa1, 0x5e, 0x80, 0xf1, 0x42, 0xa5
    dc.b    0x12, 0xa1, 0x63, 0x80, 0x02, 0x42, 0xa6, 0x12, 0xa2, 0xd3, 0x80, 0xf2, 0x42, 0xa6, 0x12, 0xa2
    dc.b    0xd8, 0x66, 0xa4, 0x1a, 0xa0, 0x60, 0xa5, 0x1b, 0xa1, 0x91, 0x15, 0x30, 0xff, 0x46, 0xa5, 0x12
    dc.b    0xa1, 0x68, 0xa6, 0x12, 0xa2, 0xdd, 0x66, 0xa4, 0x1a, 0xa0, 0x62, 0xa5, 0x1b, 0xa1, 0x93, 0x01
    dc.b    0x16, 0x22, 0x89, 0xa3, 0x46, 0xa5, 0x12, 0xa1, 0x63, 0xa6, 0x12, 0xa2, 0xd8, 0x66, 0xa4, 0x1a
    dc.b    0xa0, 0x60, 0xa5, 0x1b, 0xa1, 0x91, 0x13, 0x46, 0xa5, 0x12, 0xa1, 0x5e, 0xa6, 0x12, 0xa2, 0xd3
    dc.b    0x66, 0xa4, 0x1a, 0xa0, 0x5e, 0xa5, 0x1b, 0xa1, 0x8f, 0x18, 0x22, 0x8a, 0xa5, 0x46, 0xa5, 0x12
    dc.b    0xa1, 0x59, 0xa6, 0x12, 0xa2, 0xce, 0x66, 0xa4, 0x1a, 0xa0, 0x5c, 0xa5, 0x1b, 0xa1, 0x8d, 0xb8
    dc.b    0x02, 0x13, 0x46, 0xa5, 0x12, 0xa1, 0x54, 0xa6, 0x12, 0xa2, 0xc9, 0x66, 0xa4, 0x1a, 0xa0, 0x5a
    dc.b    0xa5, 0x1b, 0xa1, 0x8b, 0x01, 0x28, 0x20, 0xf2, 0x80, 0x01, 0x42, 0xa5, 0x1a, 0xa1, 0x5e, 0x80
    dc.b    0xf1, 0x42, 0xa5, 0x1a, 0xa1, 0x63, 0x80, 0x02, 0x42, 0xa6, 0x13, 0xa2, 0x8f, 0x80, 0xf2, 0x42
    dc.b    0xa6, 0x13, 0xa2, 0x94, 0x66, 0xa4, 0x1a, 0xa0, 0x5c, 0xa5, 0x1b, 0xa1, 0x8d, 0x18, 0x30, 0xff
    dc.b    0x22, 0x89, 0xa3, 0x46, 0xa5, 0x1a, 0xa1, 0x68, 0xa6, 0x13, 0xa2, 0x99, 0x66, 0xa4, 0x1a, 0xa0
    dc.b    0x5e, 0xa5, 0x1b, 0xa1, 0x8f, 0x0a, 0x66, 0xa4, 0x1a, 0xa0, 0x60, 0xa5, 0x1b, 0xa1, 0x91, 0x16
    dc.b    0x22, 0x88, 0xa1, 0x46, 0xa5, 0x1a, 0xa1, 0x63, 0xa6, 0x13, 0xa2, 0x94, 0x66, 0xa4, 0x1a, 0xa0
    dc.b    0x62, 0xa5, 0x1b, 0xa1, 0x93, 0x0a, 0x46, 0xa5, 0x1a, 0xa1, 0x5e, 0xa6, 0x13, 0xa2, 0x8f, 0x13
    dc.b    0x46, 0xa5, 0x1a, 0xa1, 0x59, 0xa6, 0x13, 0xa2, 0x8a, 0x66, 0xa4, 0x1a, 0xa0, 0x60, 0xa5, 0x1b
    dc.b    0xa1, 0x91, 0x13, 0x46, 0xa5, 0x1a, 0xa1, 0x54, 0xa6, 0x13, 0xa2, 0x85, 0x66, 0xa4, 0x1a, 0xa0
    dc.b    0x5e, 0xa5, 0x1b, 0xa1, 0x8f, 0x0d, 0x22, 0x89, 0xa3, 0x66, 0xa4, 0x1a, 0xa0, 0x5c, 0xa5, 0x1b
    dc.b    0xa1, 0x8d, 0x2a, 0x20, 0xf2, 0x84, 0x00, 0xf0, 0x01, 0x42, 0xa5, 0x12, 0xa1, 0x5e, 0x80, 0xf1
    dc.b    0x42, 0xa5, 0x12, 0xa1, 0x63, 0x80, 0x02, 0x42, 0xa6, 0x13, 0xa2, 0x2d, 0x80, 0xf2, 0x42, 0xa6
    dc.b    0x13, 0xa2, 0x32, 0x66, 0xa4, 0x1a, 0xa0, 0x5a, 0xa5, 0x1b, 0xa1, 0x8b, 0x0f, 0x30, 0xff, 0x22
    dc.b    0x8a, 0xa5, 0x46, 0xa5, 0x12, 0xa1, 0x68, 0xa6, 0x13, 0xa2, 0x37, 0x0a, 0x66, 0xa4, 0x1a, 0xa0
    dc.b    0x5c, 0xa5, 0x1b, 0xa1, 0x8d, 0x13, 0x46, 0xa5, 0x12, 0xa1, 0x63, 0xa6, 0x13, 0xa2, 0x32, 0x66
    dc.b    0xa4, 0x1a, 0xa0, 0x5e, 0xa5, 0x1b, 0xa1, 0x8f, 0x13, 0x46, 0xa5, 0x12, 0xa1, 0x5e, 0xa6, 0x13
    dc.b    0xa2, 0x2d, 0x66, 0xa4, 0x1a, 0xa0, 0x60, 0xa5, 0x1b, 0xa1, 0x91, 0x1a, 0x22, 0x89, 0xa3, 0x80
    dc.b    0x00, 0x46, 0xa5, 0x12, 0xa1, 0x59, 0xa6, 0x13, 0xa2, 0x28, 0x66, 0xa4, 0x1a, 0xa0, 0x62, 0xa5
    dc.b    0x1b, 0xa1, 0x93, 0xb8, 0x02, 0x0a, 0x46, 0xa5, 0x12, 0xa1, 0x54, 0xa6, 0x13, 0xa2, 0x23, 0x0d
    dc.b    0x22, 0x88, 0xa1, 0x66, 0xa4, 0x1a, 0xa0, 0x60, 0xa5, 0x1b, 0xa1, 0x91, 0x33, 0x26, 0x89, 0x0a
    dc.b    0xa3, 0xf2, 0x80, 0x00, 0x42, 0xa4, 0x1a, 0xa0, 0x5e, 0x82, 0xf0, 0x01, 0x42, 0xa5, 0x12, 0xa1
    dc.b    0xd3, 0x80, 0xf1, 0x42, 0xa5, 0x12, 0xa1, 0xd8, 0x80, 0x02, 0x42, 0xa6, 0x12, 0xa2, 0x5e, 0x80
    dc.b    0xf2, 0x42, 0xa6, 0x12, 0xa2, 0x63, 0x66, 0xa4, 0x1a, 0xa0, 0x5e, 0xa5, 0x1b, 0xa1, 0x8f, 0x18
    dc.b    0x30, 0xff, 0x22, 0x8a, 0xa5, 0x46, 0xa5, 0x12, 0xa1, 0xdd, 0xa6, 0x12, 0xa2, 0x68, 0x66, 0xa4
    dc.b    0x1a, 0xa0, 0x5c, 0xa5, 0x1b, 0xa1, 0x8d, 0x0a, 0x66, 0xa4, 0x1a, 0xa0, 0x5a, 0xa5, 0x1b, 0xa1
    dc.b    0x8b, 0x0a, 0x46, 0xa5, 0x12, 0xa1, 0xd8, 0xa6, 0x12, 0xa2, 0x63, 0x13, 0x46, 0xa5, 0x12, 0xa1
    dc.b    0xd3, 0xa6, 0x12, 0xa2, 0x5e, 0x66, 0xa4, 0x1a, 0xa0, 0x5c, 0xa5, 0x1b, 0xa1, 0x8d, 0x16, 0x22
    dc.b    0x89, 0xa3, 0x46, 0xa5, 0x12, 0xa1, 0xce, 0xa6, 0x12, 0xa2, 0x59, 0x66, 0xa4, 0x1a, 0xa0, 0x5e
    dc.b    0xa5, 0x1b, 0xa1, 0x8f, 0x13, 0x46, 0xa5, 0x12, 0xa1, 0xc9, 0xa6, 0x12, 0xa2, 0x54, 0x66, 0xa4
    dc.b    0x1a, 0xa0, 0x60, 0xa5, 0x1b, 0xa1, 0x91, 0x0d, 0x22, 0x88, 0xa1, 0x66, 0xa4, 0x1a, 0xa0, 0x62
    dc.b    0xa5, 0x1b, 0xa1, 0x93, 0x1f, 0x20, 0xf2, 0x80, 0x01, 0x42, 0xa5, 0x12, 0xa1, 0x5e, 0x80, 0xf1
    dc.b    0x42, 0xa5, 0x12, 0xa1, 0x63, 0x80, 0x02, 0x42, 0xa6, 0x1a, 0xa2, 0x5e, 0x80, 0xf2, 0x42, 0xa6
    dc.b    0x1a, 0xa2, 0x63, 0x15, 0x30, 0xff, 0x46, 0xa5, 0x12, 0xa1, 0x68, 0xa6, 0x1a, 0xa2, 0x68, 0x66
    dc.b    0xa4, 0x1a, 0xa0, 0x60, 0xa5, 0x1b, 0xa1, 0x91, 0x0a, 0x66, 0xa4, 0x1a, 0xa0, 0x5e, 0xa5, 0x1b
    dc.b    0xa1, 0x8f, 0x16, 0x22, 0x89, 0xa3, 0x46, 0xa5, 0x12, 0xa1, 0x63, 0xa6, 0x1a, 0xa2, 0x63, 0x66
    dc.b    0xa4, 0x1a, 0xa0, 0x5c, 0xa5, 0x1b, 0xa1, 0x8d, 0x13, 0x46, 0xa5, 0x12, 0xa1, 0x5e, 0xa6, 0x1a
    dc.b    0xa2, 0x5e, 0x66, 0xa4, 0x1a, 0xa0, 0x5a, 0xa5, 0x1b, 0xa1, 0x8b, 0x0d, 0x22, 0x8a, 0xa5, 0x46
    dc.b    0xa5, 0x12, 0xa1, 0x59, 0xa6, 0x1a, 0xa2, 0x59, 0x13, 0x46, 0xa5, 0x12, 0xa1, 0x54, 0xa6, 0x1a
    dc.b    0xa2, 0x54, 0x66, 0xa4, 0x1a, 0xa0, 0x5c, 0xa5, 0x1b, 0xa1, 0x8d, 0x0a, 0x66, 0xa4, 0x1a, 0xa0
    dc.b    0x5e, 0xa5, 0x1b, 0xa1, 0x8f, 0x30, 0x20, 0xf2, 0x80, 0x00, 0x42, 0xa4, 0x22, 0xa0, 0x5e, 0x82
    dc.b    0xf0, 0x01, 0x42, 0xa5, 0x1a, 0xa1, 0x5e, 0x80, 0xf1, 0x42, 0xa5, 0x1a, 0xa1, 0x63, 0x80, 0x02
    dc.b    0x42, 0xa6, 0x12, 0xa2, 0x5e, 0x80, 0xf2, 0x42, 0xa6, 0x12, 0xa2, 0x63, 0x66, 0xa4, 0x1a, 0xa0
    dc.b    0x60, 0xa5, 0x1b, 0xa1, 0x91, 0x18, 0x30, 0xff, 0x22, 0x89, 0xa3, 0x46, 0xa5, 0x1a, 0xa1, 0x68
    dc.b    0xa6, 0x12, 0xa2, 0x68, 0x66, 0xa4, 0x1a, 0xa0, 0x62, 0xa5, 0x1b, 0xa1, 0x93, 0x01, 0x16, 0x22
    dc.b    0x88, 0xa1, 0x46, 0xa5, 0x1a, 0xa1, 0x63, 0xa6, 0x12, 0xa2, 0x63, 0x66, 0xa4, 0x1a, 0xa0, 0x60
    dc.b    0xa5, 0x1b, 0xa1, 0x91, 0x13, 0x46, 0xa5, 0x1a, 0xa1, 0x5e, 0xa6, 0x12, 0xa2, 0x5e, 0x66, 0xa4
    dc.b    0x1a, 0xa0, 0x5e, 0xa5, 0x1b, 0xa1, 0x8f, 0x17, 0x80, 0x00, 0x46, 0xa5, 0x1a, 0xa1, 0x59, 0xa6
    dc.b    0x12, 0xa2, 0x59, 0x66, 0xa4, 0x1a, 0xa0, 0x5c, 0xa5, 0x1b, 0xa1, 0x8d, 0xb8, 0x02, 0x13, 0x46
    dc.b    0xa5, 0x1a, 0xa1, 0x54, 0xa6, 0x12, 0xa2, 0x54, 0x66, 0xa4, 0x1a, 0xa0, 0x5a, 0xa5, 0x1b, 0xa1
    dc.b    0x8b, 0x04, 0x22, 0x89, 0xa3, 0x30, 0x20, 0xf2, 0x80, 0x00, 0x42, 0xa4, 0x1a, 0xa0, 0x5e, 0x82
    dc.b    0xf0, 0x01, 0x42, 0xa5, 0x12, 0xa1, 0x5e, 0x80, 0xf1, 0x42, 0xa5, 0x12, 0xa1, 0x63, 0x80, 0x02
    dc.b    0x42, 0xa6, 0x12, 0xa2, 0xd3, 0x80, 0xf2, 0x42, 0xa6, 0x12, 0xa2, 0xd8, 0x66, 0xa4, 0x1a, 0xa0
    dc.b    0x5c, 0xa5, 0x1b, 0xa1, 0x8d, 0x18, 0x30, 0xff, 0x22, 0x8a, 0xa5, 0x46, 0xa5, 0x12, 0xa1, 0x68
    dc.b    0xa6, 0x12, 0xa2, 0xdd, 0x66, 0xa4, 0x1a, 0xa0, 0x5e, 0xa5, 0x1b, 0xa1, 0x8f, 0x0a, 0x66, 0xa4
    dc.b    0x1a, 0xa0, 0x60, 0xa5, 0x1b, 0xa1, 0x91, 0x13, 0x46, 0xa5, 0x12, 0xa1, 0x63, 0xa6, 0x12, 0xa2
    dc.b    0xd8, 0x66, 0xa4, 0x1a, 0xa0, 0x62, 0xa5, 0x1b, 0xa1, 0x93, 0x0a, 0x46, 0xa5, 0x12, 0xa1, 0x5e
    dc.b    0xa6, 0x12, 0xa2, 0xd3, 0x18, 0x22, 0x89, 0xa3, 0x46, 0xa5, 0x12, 0xa1, 0x59, 0xa6, 0x12, 0xa2
    dc.b    0xce, 0x66, 0xa4, 0x1a, 0xa0, 0x60, 0xa5, 0x1b, 0xa1, 0x91, 0xb8, 0x01, 0x13, 0x46, 0xa5, 0x12
    dc.b    0xa1, 0x54, 0xa6, 0x12, 0xa2, 0xc9, 0x66, 0xa4, 0x1a, 0xa0, 0x5e, 0xa5, 0x1b, 0xa1, 0x8f, 0x0d
    dc.b    0x22, 0x88, 0xa1, 0x66, 0xa4, 0x1a, 0xa0, 0x5c, 0xa5, 0x1b, 0xa1, 0x8d, 0x2d, 0x28, 0x89, 0x0c
    dc.b    0xa0, 0x0f, 0xf2, 0x82, 0x00, 0x01, 0x42, 0xa5, 0x13, 0xa1, 0x2d, 0x80, 0xf1, 0x42, 0xa5, 0x13
    dc.b    0xa1, 0x32, 0x80, 0x02, 0x42, 0xa6, 0x12, 0xa2, 0x5e, 0x80, 0xf2, 0x42, 0xa6, 0x12, 0xa2, 0x63
    dc.b    0x66, 0xa4, 0x1a, 0xa0, 0x5a, 0xa5, 0x1b, 0xa1, 0x8b, 0x0f, 0x30, 0xff, 0x22, 0x8a, 0xa2, 0x46
    dc.b    0xa5, 0x13, 0xa1, 0x37, 0xa6, 0x12, 0xa2, 0x68, 0x0a, 0x66, 0xa4, 0x1a, 0xa0, 0x5c, 0xa5, 0x1b
    dc.b    0xa1, 0x8d, 0x13, 0x46, 0xa5, 0x13, 0xa1, 0x32, 0xa6, 0x12, 0xa2, 0x63, 0x66, 0xa4, 0x1a, 0xa0
    dc.b    0x5e, 0xa5, 0x1b, 0xa1, 0x8f, 0x13, 0x46, 0xa5, 0x13, 0xa1, 0x2d, 0xa6, 0x12, 0xa2, 0x5e, 0x66
    dc.b    0xa4, 0x1a, 0xa0, 0x60, 0xa5, 0x1b, 0xa1, 0x91, 0x18, 0x22, 0x89, 0xa0, 0x46, 0xa5, 0x13, 0xa1
    dc.b    0x28, 0xa6, 0x12, 0xa2, 0x59, 0x66, 0xa4, 0x1a, 0xa0, 0x62, 0xa5, 0x1b, 0xa1, 0x93, 0xb8, 0x02
    dc.b    0x0a, 0x46, 0xa5, 0x13, 0xa1, 0x23, 0xa6, 0x12, 0xa2, 0x54, 0x0e, 0x24, 0x88, 0xae, 0x0e, 0x66
    dc.b    0xa4, 0x1a, 0xa0, 0x60, 0xa5, 0x1b, 0xa1, 0x91, 0x30, 0x20, 0xf2, 0x80, 0x00, 0x42, 0xa4, 0x22
    dc.b    0xa0, 0x5e, 0x82, 0xf0, 0x01, 0x42, 0xa5, 0x12, 0xa1, 0xab, 0x80, 0xf1, 0x42, 0xa5, 0x12, 0xa1
    dc.b    0xb0, 0x80, 0x02, 0x42, 0xa6, 0x1a, 0xa2, 0x5e, 0x80, 0xf2, 0x42, 0xa6, 0x1a, 0xa2, 0x63, 0x66
    dc.b    0xa4, 0x1a, 0xa0, 0x5e, 0xa5, 0x1b, 0xa1, 0x8f, 0x15, 0x30, 0xff, 0x46, 0xa5, 0x12, 0xa1, 0xb5
    dc.b    0xa6, 0x1a, 0xa2, 0x68, 0x66, 0xa4, 0x1a, 0xa0, 0x5c, 0xa5, 0x1b, 0xa1, 0x8d, 0x0a, 0x66, 0xa4
    dc.b    0x1a, 0xa0, 0x5a, 0xa5, 0x1b, 0xa1, 0x8b, 0x0e, 0x24, 0x89, 0xa0, 0x0f, 0x46, 0xa5, 0x12, 0xa1
    dc.b    0xb0, 0xa6, 0x1a, 0xa2, 0x63, 0x13, 0x46, 0xa5, 0x12, 0xa1, 0xab, 0xa6, 0x1a, 0xa2, 0x5e, 0x66
    dc.b    0xa4, 0x1a, 0xa0, 0x5c, 0xa5, 0x1b, 0xa1, 0x8d, 0x16, 0x22, 0x8a, 0xa2, 0x46, 0xa5, 0x12, 0xa1
    dc.b    0xa6, 0xa6, 0x1a, 0xa2, 0x59, 0x66, 0xa4, 0x1a, 0xa0, 0x5e, 0xa5, 0x1b, 0xa1, 0x8f, 0x13, 0x46
    dc.b    0xa5, 0x12, 0xa1, 0xa1, 0xa6, 0x1a, 0xa2, 0x54, 0x66, 0xa4, 0x1a, 0xa0, 0x60, 0xa5, 0x1b, 0xa1
    dc.b    0x91, 0x0a, 0x66, 0xa4, 0x1a, 0xa0, 0x62, 0xa5, 0x1b, 0xa1, 0x93, 0x1f, 0x20, 0xf0, 0x80, 0x01
    dc.b    0x42, 0xa5, 0x14, 0xa1, 0x7c, 0x80, 0xf1, 0x42, 0xa5, 0x14, 0xa1, 0x81, 0x80, 0x02, 0x42, 0xa6
    dc.b    0x12, 0xa2, 0x5e, 0x80, 0xf2, 0x42, 0xa6, 0x12, 0xa2, 0x63, 0x16, 0x22, 0x89, 0xa0, 0x46, 0xa5
    dc.b    0x14, 0xa1, 0x86, 0xa6, 0x12, 0xa2, 0x68, 0x66, 0xa4, 0x1a, 0xa0, 0x60, 0xa5, 0x1b, 0xa1, 0x91
    dc.b    0x0c, 0x20, 0xf2, 0x66, 0xa4, 0x1a, 0xa0, 0x5e, 0xa5, 0x1b, 0xa1, 0x8f, 0x19, 0x30, 0xf3, 0x24
    dc.b    0x88, 0xae, 0x0e, 0x46, 0xa5, 0x14, 0xa1, 0x81, 0xa6, 0x12, 0xa2, 0x63, 0x66, 0xa4, 0x1a, 0xa0
    dc.b    0x5c, 0xa5, 0x1b, 0xa1, 0x8d, 0x15, 0x20, 0xf4, 0x46, 0xa5, 0x14, 0xa1, 0x7c, 0xa6, 0x12, 0xa2
    dc.b    0x5e, 0x66, 0xa4, 0x1a, 0xa0, 0x5a, 0xa5, 0x1b, 0xa1, 0x8b, 0x0e, 0x80, 0x00, 0x46, 0xa5, 0x14
    dc.b    0xa1, 0x77, 0xa6, 0x12, 0xa2, 0x59, 0xb8, 0x02, 0x15, 0x30, 0xf5, 0x46, 0xa5, 0x14, 0xa1, 0x72
    dc.b    0xa6, 0x12, 0xa2, 0x54, 0x66, 0xa4, 0x1a, 0xa0, 0x5c, 0xa5, 0x1b, 0xa1, 0x8d, 0x0e, 0x24, 0x89
    dc.b    0xa0, 0x0f, 0x66, 0xa4, 0x1a, 0xa0, 0x5e, 0xa5, 0x1b, 0xa1, 0x8f, 0x28, 0x84, 0x00, 0xf0, 0x01
    dc.b    0x42, 0xa5, 0x12, 0xa1, 0xab, 0x80, 0xf1, 0x42, 0xa5, 0x12, 0xa1, 0xb0, 0x80, 0x02, 0x42, 0xa6
    dc.b    0x13, 0xa2, 0x2d, 0x80, 0xf2, 0x42, 0xa6, 0x13, 0xa2, 0x32, 0x66, 0xa4, 0x1a, 0xa0, 0x60, 0xa5
    dc.b    0x1b, 0xa1, 0x91, 0x17, 0x24, 0x8a, 0xa2, 0xf6, 0x46, 0xa5, 0x12, 0xa1, 0xb5, 0xa6, 0x13, 0xa2
    dc.b    0x37, 0x66, 0xa4, 0x1a, 0xa0, 0x62, 0xa5, 0x1b, 0xa1, 0x93, 0x01, 0x13, 0x46, 0xa5, 0x12, 0xa1
    dc.b    0xb0, 0xa6, 0x13, 0xa2, 0x32, 0x66, 0xa4, 0x1a, 0xa0, 0x60, 0xa5, 0x1b, 0xa1, 0x91, 0x13, 0x46
    dc.b    0xa5, 0x12, 0xa1, 0xab, 0xa6, 0x13, 0xa2, 0x2d, 0x66, 0xa4, 0x1a, 0xa0, 0x5e, 0xa5, 0x1b, 0xa1
    dc.b    0x8f, 0x1a, 0x22, 0x89, 0xa0, 0x80, 0x00, 0x46, 0xa5, 0x12, 0xa1, 0xa6, 0xa6, 0x13, 0xa2, 0x28
    dc.b    0x66, 0xa4, 0x1a, 0xa0, 0x5c, 0xa5, 0x1b, 0xa1, 0x8d, 0xb8, 0x02, 0x13, 0x46, 0xa5, 0x12, 0xa1
    dc.b    0xa1, 0xa6, 0x13, 0xa2, 0x23, 0x66, 0xa4, 0x1a, 0xa0, 0x5a, 0xa5, 0x1b, 0xa1, 0x8b, 0x05, 0x24
    dc.b    0x88, 0xae, 0x0e, 0x47, 0x28, 0x8e, 0x0b, 0xae, 0x11, 0xf2, 0x80, 0x00, 0x42, 0xa4, 0x13, 0xa0
    dc.b    0xc5, 0x82, 0xf0, 0x01, 0x42, 0xa5, 0x0b, 0xa1, 0x8f, 0x80, 0xf1, 0x42, 0xa5, 0x0b, 0xa1, 0x94
    dc.b    0x80, 0x02, 0x42, 0xa6, 0x12, 0xa2, 0xab, 0x80, 0xf2, 0x42, 0xa6, 0x12, 0xa2, 0xb0, 0x80, 0x04
    dc.b    0x62, 0xa4, 0x13, 0xa0, 0xc5, 0x80, 0xf4, 0x62, 0xa4, 0x13, 0xa0, 0xc7, 0x80, 0x05, 0x62, 0xa5
    dc.b    0x1a, 0xa1, 0xd3, 0x80, 0xf5, 0x62, 0xa5, 0x1a, 0xa1, 0xd5, 0x19, 0x30, 0xff, 0x24, 0x8f, 0xa0
    dc.b    0x12, 0x46, 0xa5, 0x0b, 0xa1, 0x99, 0xa6, 0x12, 0xa2, 0xb5, 0x66, 0xa4, 0x13, 0xa0, 0xc9, 0xa5
    dc.b    0x1a, 0xa1, 0xd7, 0x01, 0x13, 0x46, 0xa5, 0x0b, 0xa1, 0x94, 0xa6, 0x12, 0xa2, 0xb0, 0x66, 0xa4
    dc.b    0x13, 0xa0, 0xc7, 0xa5, 0x1a, 0xa1, 0xd5, 0x13, 0x46, 0xa5, 0x0b, 0xa1, 0x8f, 0xa6, 0x12, 0xa2
    dc.b    0xab, 0x66, 0xa4, 0x13, 0xa0, 0xc5, 0xa5, 0x1a, 0xa1, 0xd3, 0x17, 0x24, 0x8e, 0xae, 0x11, 0x46
    dc.b    0xa5, 0x0b, 0xa1, 0x8a, 0xa6, 0x12, 0xa2, 0xa6, 0x66, 0xa4, 0x13, 0xa0, 0xc3, 0xa5, 0x1a, 0xa1
    dc.b    0xd1, 0x13, 0x46, 0xa5, 0x0b, 0xa1, 0x85, 0xa6, 0x12, 0xa2, 0xa1, 0x66, 0xa4, 0x13, 0xa0, 0xc1
    dc.b    0xa5, 0x1a, 0xa1, 0xcf, 0x04, 0x22, 0x8d, 0xac, 0x29, 0x20, 0xf2, 0x82, 0x00, 0x01, 0x42, 0xa5
    dc.b    0x12, 0xa1, 0x5e, 0x80, 0xf1, 0x42, 0xa5, 0x12, 0xa1, 0x63, 0x80, 0x02, 0x42, 0xa6, 0x14, 0xa2
    dc.b    0x7c, 0x80, 0xf2, 0x42, 0xa6, 0x14, 0xa2, 0x81, 0x66, 0xa4, 0x13, 0xa0, 0xc3, 0xa5, 0x1a, 0xa1
    dc.b    0xd1, 0x15, 0x30, 0xff, 0x46, 0xa5, 0x12, 0xa1, 0x68, 0xa6, 0x14, 0xa2, 0x86, 0x66, 0xa4, 0x13
    dc.b    0xa0, 0xc5, 0xa5, 0x1a, 0xa1, 0xd3, 0x0a, 0x66, 0xa4, 0x13, 0xa0, 0xc7, 0xa5, 0x1a, 0xa1, 0xd5
    dc.b    0x16, 0x22, 0x8e, 0xae, 0x46, 0xa5, 0x12, 0xa1, 0x63, 0xa6, 0x14, 0xa2, 0x81, 0x66, 0xa4, 0x13
    dc.b    0xa0, 0xc9, 0xa5, 0x1a, 0xa1, 0xd7, 0x0a, 0x46, 0xa5, 0x12, 0xa1, 0x5e, 0xa6, 0x14, 0xa2, 0x7c
    dc.b    0x17, 0x24, 0x8f, 0xa0, 0x12, 0x46, 0xa5, 0x12, 0xa1, 0x59, 0xa6, 0x14, 0xa2, 0x77, 0x66, 0xa4
    dc.b    0x13, 0xa0, 0xc7, 0xa5, 0x1a, 0xa1, 0xd5, 0x13, 0x46, 0xa5, 0x12, 0xa1, 0x54, 0xa6, 0x14, 0xa2
    dc.b    0x72, 0x66, 0xa4, 0x13, 0xa0, 0xc5, 0xa5, 0x1a, 0xa1, 0xd3, 0x0a, 0x66, 0xa4, 0x13, 0xa0, 0xc3
    dc.b    0xa5, 0x1a, 0xa1, 0xd1, 0x30, 0x20, 0xf2, 0x80, 0x00, 0x42, 0xa4, 0x1b, 0xa0, 0xc5, 0x82, 0xf0
    dc.b    0x01, 0x42, 0xa5, 0x12, 0xa1, 0xd3, 0x80, 0xf1, 0x42, 0xa5, 0x12, 0xa1, 0xd8, 0x80, 0x02, 0x42
    dc.b    0xa6, 0x12, 0xa2, 0xab, 0x80, 0xf2, 0x42, 0xa6, 0x12, 0xa2, 0xb0, 0x66, 0xa4, 0x13, 0xa0, 0xc1
    dc.b    0xa5, 0x1a, 0xa1, 0xcf, 0x10, 0x30, 0xff, 0x24, 0x8e, 0xae, 0x11, 0x46, 0xa5, 0x12, 0xa1, 0xdd
    dc.b    0xa6, 0x12, 0xa2, 0xb5, 0x0a, 0x66, 0xa4, 0x13, 0xa0, 0xc3, 0xa5, 0x1a, 0xa1, 0xd1, 0x16, 0x22
    dc.b    0x8d, 0xac, 0x46, 0xa5, 0x12, 0xa1, 0xd8, 0xa6, 0x12, 0xa2, 0xb0, 0x66, 0xa4, 0x13, 0xa0, 0xc5
    dc.b    0xa5, 0x1a, 0xa1, 0xd3, 0x13, 0x46, 0xa5, 0x12, 0xa1, 0xd3, 0xa6, 0x12, 0xa2, 0xab, 0x66, 0xa4
    dc.b    0x13, 0xa0, 0xc7, 0xa5, 0x1a, 0xa1, 0xd5, 0x13, 0x46, 0xa5, 0x12, 0xa1, 0xce, 0xa6, 0x12, 0xa2
    dc.b    0xa6, 0x66, 0xa4, 0x13, 0xa0, 0xc9, 0xa5, 0x1a, 0xa1, 0xd7, 0x0a, 0x46, 0xa5, 0x12, 0xa1, 0xc9
    dc.b    0xa6, 0x12, 0xa2, 0xa1, 0x0d, 0x22, 0x8e, 0xae, 0x66, 0xa4, 0x13, 0xa0, 0xc7, 0xa5, 0x1a, 0xa1
    dc.b    0xd5, 0x28, 0x20, 0xf2, 0x80, 0x01, 0x42, 0xa5, 0x13, 0xa1, 0x8f, 0x80, 0xf1, 0x42, 0xa5, 0x13
    dc.b    0xa1, 0x94, 0x80, 0x02, 0x42, 0xa6, 0x0b, 0xa2, 0x8f, 0x80, 0xf2, 0x42, 0xa6, 0x0b, 0xa2, 0x94
    dc.b    0x66, 0xa4, 0x13, 0xa0, 0xc5, 0xa5, 0x1a, 0xa1, 0xd3, 0x19, 0x30, 0xff, 0x24, 0x8f, 0xa0, 0x12
    dc.b    0x46, 0xa5, 0x13, 0xa1, 0x99, 0xa6, 0x0b, 0xa2, 0x99, 0x66, 0xa4, 0x13, 0xa0, 0xc3, 0xa5, 0x1a
    dc.b    0xa1, 0xd1, 0x0a, 0x66, 0xa4, 0x13, 0xa0, 0xc1, 0xa5, 0x1a, 0xa1, 0xcf, 0x0a, 0x46, 0xa5, 0x13
    dc.b    0xa1, 0x94, 0xa6, 0x0b, 0xa2, 0x94, 0x13, 0x46, 0xa5, 0x13, 0xa1, 0x8f, 0xa6, 0x0b, 0xa2, 0x8f
    dc.b    0x66, 0xa4, 0x13, 0xa0, 0xc3, 0xa5, 0x1a, 0xa1, 0xd1, 0x19, 0x24, 0x8e, 0xae, 0x11, 0x46, 0xa5
    dc.b    0x13, 0xa1, 0x8a, 0xa6, 0x0b, 0xa2, 0x8a, 0x66, 0xa4, 0x13, 0xa0, 0xc5, 0xa5, 0x1a, 0xa1, 0xd3
    dc.b    0xb8, 0x01, 0x13, 0x46, 0xa5, 0x13, 0xa1, 0x85, 0xa6, 0x0b, 0xa2, 0x85, 0x66, 0xa4, 0x13, 0xa0
    dc.b    0xc7, 0xa5, 0x1a, 0xa1, 0xd5, 0x0d, 0x22, 0x8d, 0xac, 0x66, 0xa4, 0x13, 0xa0, 0xc9, 0xa5, 0x1a
    dc.b    0xa1, 0xd7, 0x23, 0x26, 0x89, 0x0c, 0xae, 0xf2, 0x82, 0x00, 0x01, 0x42, 0xa5, 0x13, 0xa1, 0x2d
    dc.b    0x80, 0xf1, 0x42, 0xa5, 0x13, 0xa1, 0x32, 0x80, 0x02, 0x42, 0xa6, 0x12, 0xa2, 0x5e, 0x80, 0xf2
    dc.b    0x42, 0xa6, 0x12, 0xa2, 0x63, 0x19, 0x30, 0xff, 0x24, 0x8a, 0xa0, 0x12, 0x46, 0xa5, 0x13, 0xa1
    dc.b    0x37, 0xa6, 0x12, 0xa2, 0x68, 0x66, 0xa4, 0x13, 0xa0, 0xc7, 0xa5, 0x1a, 0xa1, 0xd5, 0x0a, 0x66
    dc.b    0xa4, 0x13, 0xa0, 0xc5, 0xa5, 0x1a, 0xa1, 0xd3, 0x13, 0x46, 0xa5, 0x13, 0xa1, 0x32, 0xa6, 0x12
    dc.b    0xa2, 0x63, 0x66, 0xa4, 0x13, 0xa0, 0xc3, 0xa5, 0x1a, 0xa1, 0xd1, 0x13, 0x46, 0xa5, 0x13, 0xa1
    dc.b    0x2d, 0xa6, 0x12, 0xa2, 0x5e, 0x66, 0xa4, 0x13, 0xa0, 0xc1, 0xa5, 0x1a, 0xa1, 0xcf, 0x0e, 0x24
    dc.b    0x89, 0xae, 0x11, 0x46, 0xa5, 0x13, 0xa1, 0x28, 0xa6, 0x12, 0xa2, 0x59, 0x13, 0x46, 0xa5, 0x13
    dc.b    0xa1, 0x23, 0xa6, 0x12, 0xa2, 0x54, 0x66, 0xa4, 0x13, 0xa0, 0xc3, 0xa5, 0x1a, 0xa1, 0xd1, 0x0d
    dc.b    0x22, 0x88, 0xac, 0x66, 0xa4, 0x13, 0xa0, 0xc5, 0xa5, 0x1a, 0xa1, 0xd3, 0x30, 0x20, 0xf2, 0x80
    dc.b    0x00, 0x42, 0xa4, 0x13, 0xa0, 0xc5, 0x82, 0xf0, 0x01, 0x42, 0xa5, 0x12, 0xa1, 0x5e, 0x80, 0xf1
    dc.b    0x42, 0xa5, 0x12, 0xa1, 0x63, 0x80, 0x02, 0x42, 0xa6, 0x12, 0xa2, 0xd3, 0x80, 0xf2, 0x42, 0xa6
    dc.b    0x12, 0xa2, 0xd8, 0x66, 0xa4, 0x13, 0xa0, 0xc7, 0xa5, 0x1a, 0xa1, 0xd5, 0x15, 0x30, 0xff, 0x46
    dc.b    0xa5, 0x12, 0xa1, 0x68, 0xa6, 0x12, 0xa2, 0xdd, 0x66, 0xa4, 0x13, 0xa0, 0xc9, 0xa5, 0x1a, 0xa1
    dc.b    0xd7, 0x01, 0x16, 0x22, 0x89, 0xae, 0x46, 0xa5, 0x12, 0xa1, 0x63, 0xa6, 0x12, 0xa2, 0xd8, 0x66
    dc.b    0xa4, 0x13, 0xa0, 0xc7, 0xa5, 0x1a, 0xa1, 0xd5, 0x13, 0x46, 0xa5, 0x12, 0xa1, 0x5e, 0xa6, 0x12
    dc.b    0xa2, 0xd3, 0x66, 0xa4, 0x13, 0xa0, 0xc5, 0xa5, 0x1a, 0xa1, 0xd3, 0x19, 0x24, 0x8a, 0xa0, 0x12
    dc.b    0x46, 0xa5, 0x12, 0xa1, 0x59, 0xa6, 0x12, 0xa2, 0xce, 0x66, 0xa4, 0x13, 0xa0, 0xc3, 0xa5, 0x1a
    dc.b    0xa1, 0xd1, 0xb8, 0x02, 0x13, 0x46, 0xa5, 0x12, 0xa1, 0x54, 0xa6, 0x12, 0xa2, 0xc9, 0x66, 0xa4
    dc.b    0x13, 0xa0, 0xc1, 0xa5, 0x1a, 0xa1, 0xcf, 0x01, 0x28, 0x20, 0xf2, 0x80, 0x01, 0x42, 0xa5, 0x1a
    dc.b    0xa1, 0x5e, 0x80, 0xf1, 0x42, 0xa5, 0x1a, 0xa1, 0x63, 0x80, 0x02, 0x42, 0xa6, 0x13, 0xa2, 0x8f
    dc.b    0x80, 0xf2, 0x42, 0xa6, 0x13, 0xa2, 0x94, 0x66, 0xa4, 0x13, 0xa0, 0xc3, 0xa5, 0x1a, 0xa1, 0xd1
    dc.b    0x19, 0x30, 0xff, 0x24, 0x89, 0xae, 0x11, 0x46, 0xa5, 0x1a, 0xa1, 0x68, 0xa6, 0x13, 0xa2, 0x99
    dc.b    0x66, 0xa4, 0x13, 0xa0, 0xc5, 0xa5, 0x1a, 0xa1, 0xd3, 0x0a, 0x66, 0xa4, 0x13, 0xa0, 0xc7, 0xa5
    dc.b    0x1a, 0xa1, 0xd5, 0x16, 0x22, 0x88, 0xac, 0x46, 0xa5, 0x1a, 0xa1, 0x63, 0xa6, 0x13, 0xa2, 0x94
    dc.b    0x66, 0xa4, 0x13, 0xa0, 0xc9, 0xa5, 0x1a, 0xa1, 0xd7, 0x0a, 0x46, 0xa5, 0x1a, 0xa1, 0x5e, 0xa6
    dc.b    0x13, 0xa2, 0x8f, 0x13, 0x46, 0xa5, 0x1a, 0xa1, 0x59, 0xa6, 0x13, 0xa2, 0x8a, 0x66, 0xa4, 0x13
    dc.b    0xa0, 0xc7, 0xa5, 0x1a, 0xa1, 0xd5, 0x13, 0x46, 0xa5, 0x1a, 0xa1, 0x54, 0xa6, 0x13, 0xa2, 0x85
    dc.b    0x66, 0xa4, 0x13, 0xa0, 0xc5, 0xa5, 0x1a, 0xa1, 0xd3, 0x0d, 0x22, 0x89, 0xae, 0x66, 0xa4, 0x13
    dc.b    0xa0, 0xc3, 0xa5, 0x1a, 0xa1, 0xd1, 0x28, 0x20, 0xf2, 0x80, 0x01, 0x42, 0xa5, 0x12, 0xa1, 0x5e
    dc.b    0x80, 0xf1, 0x42, 0xa5, 0x12, 0xa1, 0x63, 0x80, 0x02, 0x42, 0xa6, 0x13, 0xa2, 0x2d, 0x80, 0xf2
    dc.b    0x42, 0xa6, 0x13, 0xa2, 0x32, 0x66, 0xa4, 0x13, 0xa0, 0xc1, 0xa5, 0x1a, 0xa1, 0xcf, 0x10, 0x30
    dc.b    0xff, 0x24, 0x8a, 0xa0, 0x12, 0x46, 0xa5, 0x12, 0xa1, 0x68, 0xa6, 0x13, 0xa2, 0x37, 0x0a, 0x66
    dc.b    0xa4, 0x13, 0xa0, 0xc3, 0xa5, 0x1a, 0xa1, 0xd1, 0x13, 0x46, 0xa5, 0x12, 0xa1, 0x63, 0xa6, 0x13
    dc.b    0xa2, 0x32, 0x66, 0xa4, 0x13, 0xa0, 0xc5, 0xa5, 0x1a, 0xa1, 0xd3, 0x13, 0x46, 0xa5, 0x12, 0xa1
    dc.b    0x5e, 0xa6, 0x13, 0xa2, 0x2d, 0x66, 0xa4, 0x13, 0xa0, 0xc7, 0xa5, 0x1a, 0xa1, 0xd5, 0x19, 0x24
    dc.b    0x89, 0xae, 0x11, 0x46, 0xa5, 0x12, 0xa1, 0x59, 0xa6, 0x13, 0xa2, 0x28, 0x66, 0xa4, 0x13, 0xa0
    dc.b    0xc9, 0xa5, 0x1a, 0xa1, 0xd7, 0xb8, 0x02, 0x0a, 0x46, 0xa5, 0x12, 0xa1, 0x54, 0xa6, 0x13, 0xa2
    dc.b    0x23, 0x0d, 0x22, 0x88, 0xac, 0x66, 0xa4, 0x13, 0xa0, 0xc7, 0xa5, 0x1a, 0xa1, 0xd5, 0x47, 0x28
    dc.b    0x89, 0x0a, 0xa3, 0x0e, 0xf2, 0x80, 0x00, 0x42, 0xa4, 0x13, 0xa0, 0x5c, 0x82, 0xf0, 0x01, 0x42
    dc.b    0xa5, 0x12, 0xa1, 0xd3, 0x80, 0xf1, 0x42, 0xa5, 0x12, 0xa1, 0xd8, 0x80, 0x02, 0x42, 0xa6, 0x12
    dc.b    0xa2, 0x5e, 0x80, 0xf2, 0x42, 0xa6, 0x12, 0xa2, 0x63, 0x80, 0x04, 0x62, 0xa4, 0x13, 0xa0, 0x5c
    dc.b    0x80, 0xf4, 0x62, 0xa4, 0x13, 0xa0, 0x5e, 0x80, 0x05, 0x62, 0xa5, 0x1a, 0xa1, 0x84, 0x80, 0xf5
    dc.b    0x62, 0xa5, 0x1a, 0xa1, 0x86, 0x18, 0x30, 0xff, 0x22, 0x8a, 0xa5, 0x46, 0xa5, 0x12, 0xa1, 0xdd
    dc.b    0xa6, 0x12, 0xa2, 0x68, 0x66, 0xa4, 0x13, 0xa0, 0x60, 0xa5, 0x1a, 0xa1, 0x88, 0x01, 0x13, 0x46
    dc.b    0xa5, 0x12, 0xa1, 0xd8, 0xa6, 0x12, 0xa2, 0x63, 0x66, 0xa4, 0x13, 0xa0, 0x5e, 0xa5, 0x1a, 0xa1
    dc.b    0x86, 0x13, 0x46, 0xa5, 0x12, 0xa1, 0xd3, 0xa6, 0x12, 0xa2, 0x5e, 0x66, 0xa4, 0x13, 0xa0, 0x5c
    dc.b    0xa5, 0x1a, 0xa1, 0x84, 0x16, 0x22, 0x89, 0xa3, 0x46, 0xa5, 0x12, 0xa1, 0xce, 0xa6, 0x12, 0xa2
    dc.b    0x59, 0x66, 0xa4, 0x13, 0xa0, 0x5a, 0xa5, 0x1a, 0xa1, 0x82, 0x13, 0x46, 0xa5, 0x12, 0xa1, 0xc9
    dc.b    0xa6, 0x12, 0xa2, 0x54, 0x66, 0xa4, 0x13, 0xa0, 0x58, 0xa5, 0x1a, 0xa1, 0x80, 0x04, 0x22, 0x88
    dc.b    0xa1, 0x28, 0x20, 0xf2, 0x80, 0x01, 0x42, 0xa5, 0x12, 0xa1, 0x5e, 0x80, 0xf1, 0x42, 0xa5, 0x12
    dc.b    0xa1, 0x63, 0x80, 0x02, 0x42, 0xa6, 0x1a, 0xa2, 0x5e, 0x80, 0xf2, 0x42, 0xa6, 0x1a, 0xa2, 0x63
    dc.b    0x66, 0xa4, 0x13, 0xa0, 0x5a, 0xa5, 0x1a, 0xa1, 0x82, 0x15, 0x30, 0xff, 0x46, 0xa5, 0x12, 0xa1
    dc.b    0x68, 0xa6, 0x1a, 0xa2, 0x68, 0x66, 0xa4, 0x13, 0xa0, 0x5c, 0xa5, 0x1a, 0xa1, 0x84, 0x0a, 0x66
    dc.b    0xa4, 0x13, 0xa0, 0x5e, 0xa5, 0x1a, 0xa1, 0x86, 0x16, 0x22, 0x89, 0xa3, 0x46, 0xa5, 0x12, 0xa1
    dc.b    0x63, 0xa6, 0x1a, 0xa2, 0x63, 0x66, 0xa4, 0x13, 0xa0, 0x60, 0xa5, 0x1a, 0xa1, 0x88, 0x0a, 0x46
    dc.b    0xa5, 0x12, 0xa1, 0x5e, 0xa6, 0x1a, 0xa2, 0x5e, 0x18, 0x22, 0x8a, 0xa5, 0x46, 0xa5, 0x12, 0xa1
    dc.b    0x59, 0xa6, 0x1a, 0xa2, 0x59, 0x66, 0xa4, 0x13, 0xa0, 0x5e, 0xa5, 0x1a, 0xa1, 0x86, 0xb8, 0x01
    dc.b    0x13, 0x46, 0xa5, 0x12, 0xa1, 0x54, 0xa6, 0x1a, 0xa2, 0x54, 0x66, 0xa4, 0x13, 0xa0, 0x5c, 0xa5
    dc.b    0x1a, 0xa1, 0x84, 0x0a, 0x66, 0xa4, 0x13, 0xa0, 0x5a, 0xa5, 0x1a, 0xa1, 0x82, 0x30, 0x20, 0xf2
    dc.b    0x80, 0x00, 0x42, 0xa4, 0x1b, 0xa0, 0x5c, 0x82, 0xf0, 0x01, 0x42, 0xa5, 0x1a, 0xa1, 0x5e, 0x80
    dc.b    0xf1, 0x42, 0xa5, 0x1a, 0xa1, 0x63, 0x80, 0x02, 0x42, 0xa6, 0x12, 0xa2, 0x5e, 0x80, 0xf2, 0x42
    dc.b    0xa6, 0x12, 0xa2, 0x63, 0x66, 0xa4, 0x13, 0xa0, 0x58, 0xa5, 0x1a, 0xa1, 0x80, 0x0f, 0x30, 0xff
    dc.b    0x22, 0x89, 0xa3, 0x46, 0xa5, 0x1a, 0xa1, 0x68, 0xa6, 0x12, 0xa2, 0x68, 0x0a, 0x66, 0xa4, 0x13
    dc.b    0xa0, 0x5a, 0xa5, 0x1a, 0xa1, 0x82, 0x16, 0x22, 0x88, 0xa1, 0x46, 0xa5, 0x1a, 0xa1, 0x63, 0xa6
    dc.b    0x12, 0xa2, 0x63, 0x66, 0xa4, 0x13, 0xa0, 0x5c, 0xa5, 0x1a, 0xa1, 0x84, 0x13, 0x46, 0xa5, 0x1a
    dc.b    0xa1, 0x5e, 0xa6, 0x12, 0xa2, 0x5e, 0x66, 0xa4, 0x13, 0xa0, 0x5e, 0xa5, 0x1a, 0xa1, 0x86, 0x17
    dc.b    0x80, 0x00, 0x46, 0xa5, 0x1a, 0xa1, 0x59, 0xa6, 0x12, 0xa2, 0x59, 0x66, 0xa4, 0x13, 0xa0, 0x60
    dc.b    0xa5, 0x1a, 0xa1, 0x88, 0xb8, 0x02, 0x0a, 0x46, 0xa5, 0x1a, 0xa1, 0x54, 0xa6, 0x12, 0xa2, 0x54
    dc.b    0x0d, 0x22, 0x89, 0xa3, 0x66, 0xa4, 0x13, 0xa0, 0x5e, 0xa5, 0x1a, 0xa1, 0x86, 0x28, 0x20, 0xf2
    dc.b    0x80, 0x01, 0x42, 0xa5, 0x12, 0xa1, 0x5e, 0x80, 0xf1, 0x42, 0xa5, 0x12, 0xa1, 0x63, 0x80, 0x02
    dc.b    0x42, 0xa6, 0x12, 0xa2, 0xd3, 0x80, 0xf2, 0x42, 0xa6, 0x12, 0xa2, 0xd8, 0x66, 0xa4, 0x13, 0xa0
    dc.b    0x5c, 0xa5, 0x1a, 0xa1, 0x84, 0x18, 0x30, 0xff, 0x22, 0x8a, 0xa5, 0x46, 0xa5, 0x12, 0xa1, 0x68
    dc.b    0xa6, 0x12, 0xa2, 0xdd, 0x66, 0xa4, 0x13, 0xa0, 0x5a, 0xa5, 0x1a, 0xa1, 0x82, 0x0a, 0x66, 0xa4
    dc.b    0x13, 0xa0, 0x58, 0xa5, 0x1a, 0xa1, 0x80, 0x0a, 0x46, 0xa5, 0x12, 0xa1, 0x63, 0xa6, 0x12, 0xa2
    dc.b    0xd8, 0x13, 0x46, 0xa5, 0x12, 0xa1, 0x5e, 0xa6, 0x12, 0xa2, 0xd3, 0x66, 0xa4, 0x13, 0xa0, 0x5a
    dc.b    0xa5, 0x1a, 0xa1, 0x82, 0x18, 0x22, 0x89, 0xa3, 0x46, 0xa5, 0x12, 0xa1, 0x59, 0xa6, 0x12, 0xa2
    dc.b    0xce, 0x66, 0xa4, 0x13, 0xa0, 0x5c, 0xa5, 0x1a, 0xa1, 0x84, 0xb8, 0x01, 0x13, 0x46, 0xa5, 0x12
    dc.b    0xa1, 0x54, 0xa6, 0x12, 0xa2, 0xc9, 0x66, 0xa4, 0x13, 0xa0, 0x5e, 0xa5, 0x1a, 0xa1, 0x86, 0x0d
    dc.b    0x22, 0x88, 0xa1, 0x66, 0xa4, 0x13, 0xa0, 0x60, 0xa5, 0x1a, 0xa1, 0x88, 0x47, 0x28, 0x89, 0x0c
    dc.b    0xa0, 0x0f, 0xf0, 0x80, 0x00, 0x42, 0xa4, 0x13, 0xa0, 0x8f, 0x82, 0xf0, 0x01, 0x42, 0xa5, 0x12
    dc.b    0xa1, 0xab, 0x80, 0xf1, 0x42, 0xa5, 0x12, 0xa1, 0xb0, 0x80, 0x02, 0x42, 0xa6, 0x12, 0xa2, 0x5e
    dc.b    0x80, 0xf2, 0x42, 0xa6, 0x12, 0xa2, 0x63, 0x80, 0x04, 0x62, 0xa4, 0x13, 0xa0, 0x8f, 0x80, 0xf4
    dc.b    0x62, 0xa4, 0x13, 0xa0, 0x91, 0x80, 0x05, 0x62, 0xa5, 0x1a, 0xa1, 0xab, 0x80, 0xf5, 0x62, 0xa5
    dc.b    0x1a, 0xa1, 0xad, 0x16, 0x22, 0x8a, 0xa2, 0x46, 0xa5, 0x12, 0xa1, 0xb5, 0xa6, 0x12, 0xa2, 0x68
    dc.b    0x66, 0xa4, 0x13, 0xa0, 0x93, 0xa5, 0x1a, 0xa1, 0xaf, 0x03, 0x20, 0xf2, 0x15, 0x30, 0xf3, 0x46
    dc.b    0xa5, 0x12, 0xa1, 0xb0, 0xa6, 0x12, 0xa2, 0x63, 0x66, 0xa4, 0x13, 0xa0, 0x91, 0xa5, 0x1a, 0xa1
    dc.b    0xad, 0x15, 0x20, 0xf4, 0x46, 0xa5, 0x12, 0xa1, 0xab, 0xa6, 0x12, 0xa2, 0x5e, 0x66, 0xa4, 0x13
    dc.b    0xa0, 0x8f, 0xa5, 0x1a, 0xa1, 0xab, 0x18, 0x22, 0x89, 0xa0, 0x46, 0xa5, 0x12, 0xa1, 0xa6, 0xa6
    dc.b    0x12, 0xa2, 0x59, 0x66, 0xa4, 0x13, 0xa0, 0x8d, 0xa5, 0x1a, 0xa1, 0xa9, 0xb8, 0x01, 0x15, 0x30
    dc.b    0xf5, 0x46, 0xa5, 0x12, 0xa1, 0xa1, 0xa6, 0x12, 0xa2, 0x54, 0x66, 0xa4, 0x13, 0xa0, 0x8b, 0xa5
    dc.b    0x1a, 0xa1, 0xa7, 0x05, 0x24, 0x88, 0xae, 0x0e, 0x26, 0x80, 0x01, 0x42, 0xa5, 0x13, 0xa1, 0x2d
    dc.b    0x80, 0xf1, 0x42, 0xa5, 0x13, 0xa1, 0x32, 0x80, 0x02, 0x42, 0xa6, 0x1a, 0xa2, 0x5e, 0x80, 0xf2
    dc.b    0x42, 0xa6, 0x1a, 0xa2, 0x63, 0x66, 0xa4, 0x13, 0xa0, 0x8d, 0xa5, 0x1a, 0xa1, 0xa9, 0x15, 0x20
    dc.b    0xf6, 0x46, 0xa5, 0x13, 0xa1, 0x37, 0xa6, 0x1a, 0xa2, 0x68, 0x66, 0xa4, 0x13, 0xa0, 0x8f, 0xa5
    dc.b    0x1a, 0xa1, 0xab, 0x0a, 0x66, 0xa4, 0x13, 0xa0, 0x91, 0xa5, 0x1a, 0xa1, 0xad, 0x17, 0x24, 0x89
    dc.b    0xa0, 0x0f, 0x46, 0xa5, 0x13, 0xa1, 0x32, 0xa6, 0x1a, 0xa2, 0x63, 0x66, 0xa4, 0x13, 0xa0, 0x93
    dc.b    0xa5, 0x1a, 0xa1, 0xaf, 0x0a, 0x46, 0xa5, 0x13, 0xa1, 0x2d, 0xa6, 0x1a, 0xa2, 0x5e, 0x18, 0x22
    dc.b    0x8a, 0xa2, 0x46, 0xa5, 0x13, 0xa1, 0x28, 0xa6, 0x1a, 0xa2, 0x59, 0x66, 0xa4, 0x13, 0xa0, 0x91
    dc.b    0xa5, 0x1a, 0xa1, 0xad, 0xb8, 0x01, 0x13, 0x46, 0xa5, 0x13, 0xa1, 0x23, 0xa6, 0x1a, 0xa2, 0x54
    dc.b    0x66, 0xa4, 0x13, 0xa0, 0x8f, 0xa5, 0x1a, 0xa1, 0xab, 0x0a, 0x66, 0xa4, 0x13, 0xa0, 0x8d, 0xa5
    dc.b    0x1a, 0xa1, 0xa9, 0x2e, 0x80, 0x00, 0x42, 0xa4, 0x1b, 0xa0, 0x8f, 0x82, 0xf0, 0x01, 0x42, 0xa5
    dc.b    0x13, 0xa1, 0x8f, 0x80, 0xf1, 0x42, 0xa5, 0x13, 0xa1, 0x94, 0x80, 0x02, 0x42, 0xa6, 0x12, 0xa2
    dc.b    0x5e, 0x80, 0xf2, 0x42, 0xa6, 0x12, 0xa2, 0x63, 0x66, 0xa4, 0x13, 0xa0, 0x8b, 0xa5, 0x1a, 0xa1
    dc.b    0xa7, 0x0d, 0x22, 0x89, 0xa0, 0x46, 0xa5, 0x13, 0xa1, 0x99, 0xa6, 0x12, 0xa2, 0x68, 0x0a, 0x66
    dc.b    0xa4, 0x13, 0xa0, 0x8d, 0xa5, 0x1a, 0xa1, 0xa9, 0x17, 0x24, 0x88, 0xae, 0x0e, 0x46, 0xa5, 0x13
    dc.b    0xa1, 0x94, 0xa6, 0x12, 0xa2, 0x63, 0x66, 0xa4, 0x13, 0xa0, 0x8f, 0xa5, 0x1a, 0xa1, 0xab, 0x13
    dc.b    0x46, 0xa5, 0x13, 0xa1, 0x8f, 0xa6, 0x12, 0xa2, 0x5e, 0x66, 0xa4, 0x13, 0xa0, 0x91, 0xa5, 0x1a
    dc.b    0xa1, 0xad, 0x17, 0x80, 0x00, 0x46, 0xa5, 0x13, 0xa1, 0x8a, 0xa6, 0x12, 0xa2, 0x59, 0x66, 0xa4
    dc.b    0x13, 0xa0, 0x93, 0xa5, 0x1a, 0xa1, 0xaf, 0xb8, 0x01, 0x0a, 0x46, 0xa5, 0x13, 0xa1, 0x85, 0xa6
    dc.b    0x12, 0xa2, 0x54, 0x0e, 0x24, 0x89, 0xa0, 0x0f, 0x66, 0xa4, 0x13, 0xa0, 0x91, 0xa5, 0x1a, 0xa1
    dc.b    0xad, 0x28, 0x84, 0x00, 0xf0, 0x01, 0x42, 0xa5, 0x14, 0xa1, 0x7c, 0x80, 0xf1, 0x42, 0xa5, 0x14
    dc.b    0xa1, 0x81, 0x80, 0x02, 0x42, 0xa6, 0x12, 0xa2, 0xab, 0x80, 0xf2, 0x42, 0xa6, 0x12, 0xa2, 0xb0
    dc.b    0x66, 0xa4, 0x13, 0xa0, 0x8f, 0xa5, 0x1a, 0xa1, 0xab, 0x16, 0x22, 0x8a, 0xa2, 0x46, 0xa5, 0x14
    dc.b    0xa1, 0x86, 0xa6, 0x12, 0xa2, 0xb5, 0x66, 0xa4, 0x13, 0xa0, 0x8d, 0xa5, 0x1a, 0xa1, 0xa9, 0x0a
    dc.b    0x66, 0xa4, 0x13, 0xa0, 0x8b, 0xa5, 0x1a, 0xa1, 0xa7, 0x0a, 0x46, 0xa5, 0x14, 0xa1, 0x81, 0xa6
    dc.b    0x12, 0xa2, 0xb0, 0x13, 0x46, 0xa5, 0x14, 0xa1, 0x7c, 0xa6, 0x12, 0xa2, 0xab, 0x66, 0xa4, 0x13
    dc.b    0xa0, 0x8d, 0xa5, 0x1a, 0xa1, 0xa9, 0x1a, 0x22, 0x89, 0xa0, 0x80, 0x00, 0x46, 0xa5, 0x14, 0xa1
    dc.b    0x77, 0xa6, 0x12, 0xa2, 0xa6, 0x66, 0xa4, 0x13, 0xa0, 0x8f, 0xa5, 0x1a, 0xa1, 0xab, 0xb8, 0x03
    dc.b    0x13, 0x46, 0xa5, 0x14, 0xa1, 0x72, 0xa6, 0x12, 0xa2, 0xa1, 0x66, 0xa4, 0x13, 0xa0, 0x91, 0xa5
    dc.b    0x1a, 0xa1, 0xad, 0x0e, 0x24, 0x88, 0xae, 0x0e, 0x66, 0xa4, 0x13, 0xa0, 0x93, 0xa5, 0x1a, 0xa1
    dc.b    0xaf, 0x3a, 0x30, 0xbf, 0x24, 0x82, 0x0e, 0xf4, 0x80, 0x00, 0x42, 0xa4, 0x22, 0xa0, 0x5e, 0x84
    dc.b    0xf0, 0x01, 0x02, 0x42, 0xa6, 0x13, 0xa2, 0x2d, 0x80, 0xf2, 0x42, 0xa6, 0x13, 0xa2, 0x32, 0x80
    dc.b    0x04, 0x62, 0xa4, 0x1a, 0xa0, 0x5e, 0x80, 0xf4, 0x62, 0xa4, 0x1a, 0xa0, 0x60, 0x80, 0x05, 0x62
    dc.b    0xa5, 0x1b, 0xa1, 0x8f, 0x80, 0xf5, 0x62, 0xa5, 0x1b, 0xa1, 0x91, 0x13, 0x30, 0xff, 0x20, 0x83
    dc.b    0x42, 0xa6, 0x13, 0xa2, 0x37, 0x66, 0xa4, 0x1a, 0xa0, 0x62, 0xa5, 0x1b, 0xa1, 0x93, 0x01, 0x0f
    dc.b    0x42, 0xa6, 0x13, 0xa2, 0x32, 0x66, 0xa4, 0x1a, 0xa0, 0x60, 0xa5, 0x1b, 0xa1, 0x91, 0x0f, 0x42
    dc.b    0xa6, 0x13, 0xa2, 0x2d, 0x66, 0xa4, 0x1a, 0xa0, 0x5e, 0xa5, 0x1b, 0xa1, 0x8f, 0x11, 0x20, 0x82
    dc.b    0x42, 0xa6, 0x13, 0xa2, 0x28, 0x66, 0xa4, 0x1a, 0xa0, 0x5c, 0xa5, 0x1b, 0xa1, 0x8d, 0x0f, 0x42
    dc.b    0xa6, 0x13, 0xa2, 0x23, 0x66, 0xa4, 0x1a, 0xa0, 0x5a, 0xa5, 0x1b, 0xa1, 0x8b, 0x03, 0x20, 0x81
    dc.b    0x2a, 0x24, 0x87, 0x09, 0xf2, 0x80, 0x01, 0x42, 0xa5, 0x0b, 0xa1, 0x8f, 0x80, 0xf1, 0x42, 0xa5
    dc.b    0x0b, 0xa1, 0x94, 0x80, 0x02, 0x42, 0xa6, 0x13, 0xa2, 0x8f, 0x80, 0xf2, 0x42, 0xa6, 0x13, 0xa2
    dc.b    0x94, 0x66, 0xa4, 0x1a, 0xa0, 0x5c, 0xa5, 0x1b, 0xa1, 0x8d, 0x17, 0x30, 0xff, 0x20, 0x88, 0x46
    dc.b    0xa5, 0x0b, 0xa1, 0x99, 0xa6, 0x13, 0xa2, 0x99, 0x66, 0xa4, 0x1a, 0xa0, 0x5e, 0xa5, 0x1b, 0xa1
    dc.b    0x8f, 0x0a, 0x66, 0xa4, 0x1a, 0xa0, 0x60, 0xa5, 0x1b, 0xa1, 0x91, 0x13, 0x46, 0xa5, 0x0b, 0xa1
    dc.b    0x94, 0xa6, 0x13, 0xa2, 0x94, 0x66, 0xa4, 0x1a, 0xa0, 0x62, 0xa5, 0x1b, 0xa1, 0x93, 0x0a, 0x46
    dc.b    0xa5, 0x0b, 0xa1, 0x8f, 0xa6, 0x13, 0xa2, 0x8f, 0x15, 0x20, 0x87, 0x46, 0xa5, 0x0b, 0xa1, 0x8a
    dc.b    0xa6, 0x13, 0xa2, 0x8a, 0x66, 0xa4, 0x1a, 0xa0, 0x60, 0xa5, 0x1b, 0xa1, 0x91, 0x13, 0x46, 0xa5
    dc.b    0x0b, 0xa1, 0x85, 0xa6, 0x13, 0xa2, 0x85, 0x66, 0xa4, 0x1a, 0xa0, 0x5e, 0xa5, 0x1b, 0xa1, 0x8f
    dc.b    0x0c, 0x20, 0x86, 0x66, 0xa4, 0x1a, 0xa0, 0x5c, 0xa5, 0x1b, 0xa1, 0x8d, 0x2a, 0x24, 0x81, 0x07
    dc.b    0xf2, 0x80, 0x01, 0x42, 0xa5, 0x12, 0xa1, 0x5e, 0x80, 0xf1, 0x42, 0xa5, 0x12, 0xa1, 0x63, 0x80
    dc.b    0x02, 0x42, 0xa6, 0x14, 0xa2, 0x7c, 0x80, 0xf2, 0x42, 0xa6, 0x14, 0xa2, 0x81, 0x66, 0xa4, 0x1a
    dc.b    0xa0, 0x5a, 0xa5, 0x1b, 0xa1, 0x8b, 0x0e, 0x30, 0xff, 0x20, 0x82, 0x46, 0xa5, 0x12, 0xa1, 0x68
    dc.b    0xa6, 0x14, 0xa2, 0x86, 0x0a, 0x66, 0xa4, 0x1a, 0xa0, 0x5c, 0xa5, 0x1b, 0xa1, 0x8d, 0x13, 0x46
    dc.b    0xa5, 0x12, 0xa1, 0x63, 0xa6, 0x14, 0xa2, 0x81, 0x66, 0xa4, 0x1a, 0xa0, 0x5e, 0xa5, 0x1b, 0xa1
    dc.b    0x8f, 0x13, 0x46, 0xa5, 0x12, 0xa1, 0x5e, 0xa6, 0x14, 0xa2, 0x7c, 0x66, 0xa4, 0x1a, 0xa0, 0x60
    dc.b    0xa5, 0x1b, 0xa1, 0x91, 0x15, 0x20, 0x81, 0x46, 0xa5, 0x12, 0xa1, 0x59, 0xa6, 0x14, 0xa2, 0x77
    dc.b    0x66, 0xa4, 0x1a, 0xa0, 0x62, 0xa5, 0x1b, 0xa1, 0x93, 0x0a, 0x46, 0xa5, 0x12, 0xa1, 0x54, 0xa6
    dc.b    0x14, 0xa2, 0x72, 0x0c, 0x20, 0x80, 0x66, 0xa4, 0x1a, 0xa0, 0x60, 0xa5, 0x1b, 0xa1, 0x91, 0x15
    dc.b    0x80, 0x01, 0x42, 0xa5, 0x12, 0xa1, 0xd3, 0x80, 0xf1, 0x42, 0xa5, 0x12, 0xa1, 0xd8, 0xfa, 0xfc
    dc.b    0xb0, 0x02, 0x00, 0xfe, 0x58, 0x00, 0x00, 0x00, 0x41, 0x63, 0x74, 0x52, 0x61, 0x69, 0x73, 0x65
    dc.b    0x72, 0x20, 0x2d, 0x20, 0x46, 0x69, 0x6c, 0x6c, 0x6d, 0x6f, 0x72, 0x65, 0x00, 0x00, 0x44, 0x61
    dc.b    0x6c, 0x65, 0x6b, 0x53, 0x61, 0x6d, 0x00, 0x00, 0x20, 0x2d, 0x20, 0x4f, 0x70, 0x74, 0x69, 0x6d
    dc.b    0x69, 0x7a, 0x65, 0x64, 0x20, 0x77, 0x69, 0x74, 0x68, 0x20, 0x58, 0x47, 0x4d, 0x54, 0x6f, 0x6f
    dc.b    0x6c, 0x00, 0x47, 0x65, 0x6e, 0x65, 0x72, 0x61, 0x74, 0x65, 0x64, 0x20, 0x62, 0x79, 0x20, 0x53
    dc.b    0x4d, 0x50, 0x53, 0x50, 0x6c, 0x61, 0x79, 0x00, 0x1b, 0x0c, 0x00, 0x00, 0x00, 0x0c, 0x00, 0x00
    dc.b    0x00, 0x00, 0x00, 0x00, 0x00, 0x00, 0x00, 0x00, 0x00, 0x00, 0x00, 0x00, 0x00, 0x00, 0x00, 0x00
    .global mus_actraiser_size
mus_actraiser_size = .-mus_actraiser

.section .rodata

